"obs","time..2","elapsed","date","hhmmss..5","averaging","id","TIME..8","E","Emm","A","Ca","Ci","Pci","Pca","gsw","gbw","gtw","gtc","Rabs","TleafEB","TleafCnd","SVPleaf","RHcham","VPcham","SVPcham","VPDleaf","LatHFlux","SenHFlux","NetTherm","EBSum","Asty","Esty","Adyn","Crd","Csd","dCsd/dt","αVc","Edyn","Hr","Hs","dHs/dt","αVh","Leak","LeakPct","CorrFact","CorrFactPct","Fan","DarkAdaptedID","Qmax_d","Fo..51","Fm","Fv/Fm","A_dark","LightAdaptedID","Qmax","Fs","Fm'","PhiPS2","PS2/1","Qabs_fs","A_fs","ETR","PhiCO2","NPQ","alt._Fo'","DarkPulseID","Fmin","Fo'","Fv'/Fm'","qP","qN","qP_Fo","qN_Fo","qL","1-qL","ID..77","P1_dur","P1_Fmax","T@P1_Fmax","Q@P1_Fmax","P1_PredF","P1_ΔF","P2_dur","P2_ramp","P2_int","P2_int_se","P2_slp","P2_slp_se","P2_R2","P2_dQdt","P3_dur","P3_Fmax","T@P3_Fmax","Q@P3_Fmax","P3_PredF","P3_ΔF","ID..98","Dur","DCo","InitSlope","Fo..102","F1","T@F1","T@HIR","F2","T@F2","DCmax","T@DCmax","PhiPS2_dc","Qin","Qabs","alpha","convert","S","K","Geometry","Custom","UseDynamic","TIME..120","CO2_s","CO2_r","H2O_s","H2O_r","CO2_a","H2O_a","Flow","Pa","ΔPcham","Tair","Tleaf","Tleaf2","Offset","Offset2","Fan_speed","Qamb_in","Qamb_out","ΔCO2","CO2_s_d","CO2_r_d","ΔH2O","CO2_b","H2O_b","e_s","e_r","Td_s","Td_r","Q","f_red","f_blue","f_farred","F","Q_modavg","F_dc","Pc","Tled","TDigital","TPreamp","TPwrSpy","TDrive","Q_red","Q_blue","Q_farred","TSPF","state","F_avg","dF/dt","dF_dc/dt","F_dc_avg","period","time..171","hhmmss..172","co2_t","h2o_t","count","co2_adj","h2o_adj","co2_match","h2o_match","co2_at","h2o_at","co2_cv","h2o_cv","ΔCO2:MN","ΔCO2:SLP","ΔCO2:SD","ΔCO2:OK","ΔH2O:MN","ΔH2O:SLP","ΔH2O:SD","ΔH2O:OK","Stable","Total","State","Vflow","VPchamber","abs_c_a","abs_c_b","abs_h_a","abs_h_b","Wc_s","Wc_r","Wco_s","Wco_r","Ww_s","Ww_r","Wwo_s","Wwo_r","Flow_s_v","Flow_r_v","Tleaf_mv","Tleaf2_mv","Tleaf_j","Tleaf2_j","Console_RH","Console_T","Console_H2O","Fan_%","Flow_%","Pump","Tchp_pwm","Txchg_pwm","diag_20v","diag_5_4v","diag_12v","diag_5va","diag_3_3vf","AccCO2_soda","AccH2O_des","AccH2O_hum","CO2_hrs","ADC_CH1","ADC_CH2","ADC_CH3","ADC_CH4","ADC_CH5","ADC_CH6","ADC_CH7","ADC_CH8","DAC_1","DAC_2","DAC_3","DAC_4","GPIO","GPIO_dir","excit_5v","power_12v","power_5v","ch1_pullup","AuxPower","MatchValveR","MatchValveS","MatchCO2","MatchH2O","cf_co2_a","cf_co2_b","cf_co2_c","cf_co2_d","cf_h2o_a","cf_h2o_b","cf_h2o_c","cf_h2o_d","co2_fit_low","co2_fit_high","h2o_fit_low","h2o_fit_high","co2_elapsed","h2o_elapsed","CO2_f","CO2_f_s","Pump_f","Pump_f_s","Pump_p","Pump_p_s","Tboard","V_system","DIAG","Flow_s","Flow_r","Txchg","Tirga","Tchopper","Ts","Tr","CO2_%","Desiccant_%","Humidifier_%","Txchg_sp","CO2_r_sp","H2O_r_sp","SS_s","SS_r","chamber"
1,1680382528.1,0,2023-04-01 15:55:28,15:55:28,5,"sor_nut3_t2_ch2",1680382525.35,0.00040583979761087,0.405839797610873,-1.14960359160882,420.557600754965,484.925603954339,43.7520868437595,37.9445269975205,0.0240878575404739,3.46680095242184,0.0239952623257515,0.0150053284758192,0,19.9759935898602,19.99417,2.34576604096768,35.9365336124045,0.846770387619809,2.3562940064078,1.49899565334787,-17.8975350746395,13.5186341692536,0.784247002873176,-3.59465390251275,-1.07071412514618,0.399640684213676,-1.14960359160882,423.815326173869,424.556472727273,0.000750230403224,66.7893795639768,0.405839797610873,9.12155791988877,9.37974109090909,-1.0451558207739e-05,98.6727744220037,0,0,1,0,48841,"-","-",0,0,0,0,"-","-",0,0,0,0.5,0,0,0,0,0,0,"-",0,0,0,0,0,0,0,0,1,"None","None","None","None","None","None","None","None","None","None","None","None","None","None","None","None","None","None","None","None","None","None","None","None","None","None","None","None","None","None","None","None","None","None",0,0,0,0,3.21,0.5,"0: Broadleaf",2,TRUE,1680382525.35,420.5576,419.9781,9.385167,9.131004,420.9264,9.33656,499.9968,90.12435,0.0999782,20.0665,19.99417,999.9,0,0,10007.872,0,0.242856,0.5796236,424.542,423.8481,0.2541639,419.9781,9.131004,0.8458321,0.8229258,4.500661,4.109023,0,0,0,0,1.95067,0,-14.05472,-1.1186,34.3559,40.5995,37.7686,39.9184,35.1748,0,0,0,1680382503.4,0,2.01406923076923,-0.202249576163975,-10.8569162194488,-13.1643538461538,15,1680382007.1,15:46:47,1680382007.1,1680381986.1,1,0.028,0.012,-0.369,0.048,420,9,0.04,0.13,0.55569612195122,0.0925082090592344,0.0354568489872842,1,0.244162512195122,0.0162080905923353,0.0162216736319217,1,2,2,"2/2",3.09961,2.75817,0.0882783,0.0881848,0.0541377,0.0538203,23519.1,23228.9,26337.2,25806.8,40001.3,37273,46075.1,42620.9,1.9138,1.9443,-0.0192747,0,20.3152,999.9,35.3,28.9,15.6626,61.2002,26.3662,1,-0.0768547,2.81158,20.2706,5.22403,11.98,4.96575,3.27505,9999,9999,9999,972.6,1.86447,1.86042,1.85866,1.8602,1.8602,1.85858,1.8576,1.85268,0,0,0,0,"00000000","iiiiiiii","off","off","off","off",0,100,100,-0.369,0.0485,-0.233105261291763,-0.00031176944202779,1.2440301916527e-08,-9.05175951632566e-11,0.00623118916240183,-0.00224772357265203,0.00077689855683462,-5.36025113910186e-06,2,1961,1,22,8.7,9,1.12305,2.60742,1.49658,2.39502,1.54907,2.32666,34.6692,24.0437,18,486.8,523.141,17.9068,26.1249,29.9999,26.3514,26.3401,22.5941,34.8587,32.6164,17.9071,420,9.21321,100.672,101.112,2
2,1680382533.1,5,2023-04-01 15:55:33,15:55:33,5,"sor_nut3_t2_ch2",1680382530.6,0.00034219204732096,0.342192047320963,-1.09368374086549,420.595222940412,494.669611049067,44.6311485459898,37.9478493392334,0.0202973527630082,3.46495377771174,0.0202315285983724,0.0126506015250381,0,19.9912492841926,19.9903333333333,2.34520874943377,35.9083729649239,0.846164447470828,2.35645443556404,1.49904430196294,-15.0906692868545,14.4336133044107,0.837761689629075,0.180705707185311,-1.04425178946421,0.344284973489414,-1.09368374086549,423.915727238752,424.620054545454,0.00087228747193711,66.7893795639768,0.342192047320963,9.16561482191632,9.38317333333333,9.207754865006e-06,98.6727744220037,0,0,1,0,48882,"-","-",0,0,0,0,"-","-",0,0,0,0.5,0,0,0,0,0,0,"-",0,0,0,0,0,0,0,0,1,"None","None","None","None","None","None","None","None","None","None","None","None","None","None","None","None","None","None","None","None","None","None","None","None","None","None","None","None","None","None","None","None","None","None",0,0,0,0,3.21,0.5,"0: Broadleaf",2,TRUE,1680382530.6,420.595222222222,420.017777777778,9.37846888888889,9.15951111111111,420.964111111111,9.32993444444444,500.000555555556,90.1241777777778,0.0999790111111111,20.0676,19.9903333333333,999.9,0,0,10000.1988888889,0,0.242856,0.577379,424.577,423.900555555556,0.218957555555556,420.017777777778,9.15951111111111,0.845226666666667,0.825493333333333,4.49043,4.15339666666667,0,0,0,0,2.05158888888889,0,-14.5690333333333,-1.21647777777778,34.2845555555556,40.3815555555556,37.6665555555556,39.6386666666667,35.0692222222222,0,0,0,1680382508.2,0,2.02420769230769,-0.34251624387995,-7.3523726427223,-13.9227269230769,15,1680382007.1,15:46:47,1680382007.1,1680381986.1,1,0.028,0.012,-0.369,0.048,420,9,0.04,0.13,0.554020634146341,0.157663609756098,0.0448184278746905,0,0.240762707317073,-0.0852245853658539,0.0173822134803169,1,1,2,"1/2",3.09949,2.75808,0.0882835,0.0881644,0.054164,0.0540026,23519.1,23229.6,26337.4,25806.9,40000.5,37265.9,46075.5,42621.1,1.91367,1.94428,-0.0194013,0,20.3152,999.9,35.3,28.9,15.662,60.9402,26.5264,1,-0.0769309,2.79815,20.2707,5.22388,11.98,4.9657,3.27503,9999,9999,9999,972.6,1.86447,1.86044,1.85865,1.8602,1.8602,1.8586,1.8576,1.85267,0,0,0,0,"00000000","iiiiiiii","off","off","off","off",0,100,100,-0.369,0.0486,-0.233105261291763,-0.00031176944202779,1.2440301916527e-08,-9.05175951632566e-11,0.00623118916240183,-0.00224772357265203,0.00077689855683462,-5.36025113910186e-06,2,1961,1,22,8.8,9.1,1.12427,2.60376,1.49658,2.39502,1.54907,2.40356,34.6692,24.0525,18,486.706,523.098,17.9095,26.1228,29.9998,26.3486,26.3373,22.5978,34.8587,32.6164,17.9116,420,9.21321,100.673,101.113,2
3,1680382538.1,10,2023-04-01 15:55:38,15:55:38,5,"sor_nut3_t2_ch2",1680382535.3,0.00034642426824822,0.346424268248226,-0.851098161363381,420.547200561953,474.911205164796,42.8481316430774,37.9432231032607,0.0205417125385859,3.46521185625289,0.0204743017644636,0.0128024766566162,0,19.9892403751875,20.00073,2.3467191766408,35.9531062708582,0.847162461202881,2.35629838162148,1.49955671543792,-15.2773102297468,12.2925258049059,0.713468732876469,-2.27131569196441,-1.08814771265689,0.340996040269804,-0.851098161363381,423.842653836626,424.505393939394,-0.0225389491983723,66.7893795639768,0.346424268248226,9.17392403915322,9.39416951515152,8.30212205894964e-06,98.6727744220037,0,0,1,0,48610,"-","-",0,0,0,0,"-","-",0,0,0,0.5,0,0,0,0,0,0,"-",0,0,0,0,0,0,0,0,1,"None","None","None","None","None","None","None","None","None","None","None","None","None","None","None","None","None","None","None","None","None","None","None","None","None","None","None","None","None","None","None","None","None","None",0,0,0,0,3.21,0.5,"0: Broadleaf",2,TRUE,1680382535.3,420.5472,419.9407,9.389603,9.172748,420.916,9.34095,500.0205,90.12338,0.10007899,20.06653,20.00073,999.9,0,0,10001.362,0,0.242856,0.6063904,424.5335,423.8286,0.2168565,419.9407,9.172748,0.8462227,0.8266787,4.507258,4.173853,0,0,0,0,2.1513,0,-15.40705,-1.30497,34.2433,40.1935,37.4623,39.4811,35.006,0,0,0,1680382513.6,0,2.024108,1.21257692855253,-8.98958462042989,-14.766224,15,1680382007.1,15:46:47,1680382007.1,1680381986.1,1,0.028,0.012,-0.369,0.048,420,9,0.04,0.13,0.578221175,0.179170682926828,0.0477552283440711,0,0.23003665,-0.0718900187617266,0.0164976096701159,1,1,2,"1/2",3.09954,2.75817,0.0882694,0.0881547,0.054212,0.0539711,23519.5,23229.8,26337.4,25806.8,39998.7,37267.3,46075.8,42621.3,1.91373,1.94415,-0.0187382,0,20.3152,999.9,35.3,28.9,15.6615,61.6402,26.5545,1,-0.0774492,2.78272,20.2711,5.22403,11.98,4.9657,3.275,9999,9999,9999,972.6,1.86447,1.86042,1.85867,1.86019,1.8602,1.8586,1.8576,1.85265,0,0,0,0,"00000000","iiiiiiii","off","off","off","off",0,100,100,-0.369,0.0487,-0.233105261291763,-0.00031176944202779,1.2440301916527e-08,-9.05175951632566e-11,0.00623118916240183,-0.00224772357265203,0.00077689855683462,-5.36025113910186e-06,2,1961,1,22,8.8,9.2,1.12427,2.59888,1.49658,2.39502,1.54907,2.39258,34.6921,24.0525,18,486.712,522.987,17.9141,26.1206,29.9999,26.3459,26.3346,22.6001,34.8587,32.2398,17.9173,420,9.21321,100.673,101.113,2
4,1680382543.1,15,2023-04-01 15:55:43,15:55:43,5,"sor_nut3_t2_ch2",1680382540.6,0.00040903982098906,0.409039820989066,-0.988654333134498,420.521556206013,473.802771385274,42.7471216513262,37.940018939919,0.024276681374332,3.46498014515715,0.0241825826130432,0.0151225380087815,0,19.9732123216271,19.9999111111111,2.34660017758696,35.9742121029143,0.847552113739439,2.35599910100819,1.49904806384752,-18.0386561056178,12.0613122189177,0.700085422579427,-5.27725846412068,-0.935701676359767,0.406866823425586,-0.988654333134498,423.882539699611,424.518472727273,0.00094178032290901,66.7893795639768,0.409039820989066,9.12902021371091,9.38923345454545,-9.43660421456444e-06,98.6727744220037,0,0,1,0,48787,"-","-",0,0,0,0,"-","-",0,0,0,0.5,0,0,0,0,0,0,"-",0,0,0,0,0,0,0,0,1,"None","None","None","None","None","None","None","None","None","None","None","None","None","None","None","None","None","None","None","None","None","None","None","None","None","None","None","None","None","None","None","None","None","None",0,0,0,0,3.21,0.5,"0: Broadleaf",2,TRUE,1680382540.6,420.521555555555,420.030666666667,9.39414222222222,9.13538111111111,420.890555555556,9.34544111111111,499.987555555556,90.1214222222222,0.0999193,20.0644777777778,19.9999111111111,999.9,0,0,10000.6144444444,0,0.242856,0.491102333333333,424.509333333333,423.903111111111,0.258761777777778,420.030666666667,9.13538111111111,0.846613777777778,0.823293666666667,4.51385666666667,4.11538666666667,0,0,0,0,1.90161111111111,0,-16.1265555555556,-1.43217777777778,34.1943333333333,39.9718888888889,37.576,39.2358888888889,34.9372222222222,0,0,0,1680382518.4,0,2.002296,-0.718315380832729,-9.44882306268882,-15.427456,15,1680382007.1,15:46:47,1680382007.1,1680381986.1,1,0.028,0.012,-0.369,0.048,420,9,0.04,0.13,0.569723024390244,-0.180685567944251,0.0623620834577753,0,0.236066951219512,0.00104456445993134,0.0200323346738573,1,1,2,"1/2",3.09956,2.75816,0.0882702,0.0881811,0.0541727,0.0537813,23519.5,23229.1,26337.4,25806.8,40000.3,37274.8,46075.7,42621.2,1.9138,1.94418,-0.0193715,0,20.3152,999.9,35.1,28.9,15.5726,61.3802,26.3782,1,-0.0774568,2.83365,20.2702,5.22373,11.98,4.96575,3.275,9999,9999,9999,972.6,1.86447,1.86045,1.85867,1.8602,1.8602,1.85864,1.8576,1.85268,0,0,0,0,"00000000","iiiiiiii","off","off","off","off",0,100,100,-0.369,0.0486,-0.233105261291763,-0.00031176944202779,1.2440301916527e-08,-9.05175951632566e-11,0.00623118916240183,-0.00224772357265203,0.00077689855683462,-5.36025113910186e-06,2,1961,1,22,8.9,9.3,1.12305,2.60498,1.49658,2.39502,1.54907,2.34619,34.6921,24.0437,18,486.734,522.973,17.9152,26.1189,29.9999,26.3431,26.3313,22.5958,34.5862,32.2398,17.9092,420,9.21321,100.673,101.113,2
5,1680382548.1,20,2023-04-01 15:55:48,15:55:48,5,"sor_nut3_t2_ch2",1680382545.3,0.00037741243914082,0.377412439140823,-0.995668911482669,420.581100654809,479.789872259201,43.2861361065057,37.9443831964273,0.0223831784423207,3.4647971107528,0.0223031557046924,0.0139466380841431,0,19.9810671168743,19.99594,2.34602317982408,35.9216218174516,0.846355110381803,2.35611608708219,1.49966806944228,-16.6438885661103,12.9523057948324,0.7518296725191,-2.93975309875883,-1.00876753253322,0.386453318259553,-0.995668911482669,423.933390655657,424.561387878788,0.00347041401248009,66.7893795639768,0.377412439140823,9.13932928664167,9.3793843030303,-2.82179056583945e-06,98.6727744220037,0,0,1,0,48809,"-","-",0,0,0,0,"-","-",0,0,0,0.5,0,0,0,0,0,0,"-",0,0,0,0,0,0,0,0,1,"None","None","None","None","None","None","None","None","None","None","None","None","None","None","None","None","None","None","None","None","None","None","None","None","None","None","None","None","None","None","None","None","None","None",0,0,0,0,3.21,0.5,"0: Broadleaf",2,TRUE,1680382545.3,420.5811,420.0378,9.381124,9.13534,420.95,9.332561,499.9828,90.11901,0.09993502,20.06528,19.99594,999.9,0,0,10000.12,0,0.242856,0.5432282,424.564,423.9104,0.2457851,420.0378,9.13534,0.8454176,0.8232679,4.49366,4.114946,0,0,0,0,2.11824,0,-16.89184,-1.49301,34.1623,39.8247,37.0746,39.0873,34.8935,0,0,0,1680382523.2,0,2.061536,-0.104261531756472,-8.74996153449402,-16.211856,15,1680382007.1,15:46:47,1680382007.1,1680381986.1,1,0.028,0.012,-0.369,0.048,420,9,0.04,0.13,0.553552390243902,-0.144580118466897,0.0669909592782373,0,0.236103195121951,0.0945749477351912,0.0197445093117537,1,1,2,"1/2",3.09946,2.7581,0.0882702,0.088159,0.0541399,0.0538921,23519.5,23229.8,26337.5,25806.9,40001.9,37270.2,46076,42620.9,1.9136,1.94425,-0.0195503,0,20.3152,999.9,35.1,28.9,15.5741,61.4502,26.5104,1,-0.0774314,2.81847,20.2705,5.22403,11.98,4.966,3.275,9999,9999,9999,972.6,1.86446,1.86047,1.85867,1.86019,1.8602,1.85863,1.85761,1.85269,0,0,0,0,"00000000","iiiiiiii","off","off","off","off",0,100,100,-0.368,0.0486,-0.233105261291763,-0.00031176944202779,1.2440301916527e-08,-9.05175951632566e-11,0.00623118916240183,-0.00224772357265203,0.00077689855683462,-5.36025113910186e-06,2,1961,1,22,9,9.4,1.12427,2.60254,1.49658,2.39502,1.54907,2.39014,34.715,24.0437,18,486.592,522.998,17.9116,26.1167,29.9999,26.3399,26.3285,22.597,34.5862,32.2398,17.9116,420,9.21321,100.674,101.112,2
6,1680382553.1,25,2023-04-01 15:55:53,15:55:53,5,"sor_nut3_t2_ch2",1680382550.6,0.00036287799810301,0.362877998103018,-1.14549820011624,420.558222977513,493.570516077249,44.5288811378924,37.9418674992288,0.0215314319329002,3.46221494780882,0.0214573176199913,0.0134174610207041,0,19.9848620640625,19.9894555555556,2.34508126492806,35.9194975432407,0.846336955146978,2.35620488323407,1.49874430978108,-16.0029197163431,14.2666586562186,0.828715313220929,-0.907545746903526,-1.07910021496611,0.361692108960796,-1.14549820011624,423.846212793158,424.574254545454,0.00286385947987454,66.7893795639768,0.362877998103018,9.15148345167685,9.382242,2.40879431123798e-06,98.6727744220037,0,0,1,0,48735,"-","-",0,0,0,0,"-","-",0,0,0,0.5,0,0,0,0,0,0,"-",0,0,0,0,0,0,0,0,1,"None","None","None","None","None","None","None","None","None","None","None","None","None","None","None","None","None","None","None","None","None","None","None","None","None","None","None","None","None","None","None","None","None","None",0,0,0,0,3.21,0.5,"0: Broadleaf",2,TRUE,1680382550.6,420.558222222222,419.963111111111,9.38103444444444,9.15101222222222,420.927222222222,9.33247,500.012555555556,90.1177333333333,0.100137644444444,20.0658888888889,19.9894555555556,999.9,0,0,9989.51222222222,0,0.242856,0.595116444444444,424.540888888889,423.841666666667,0.230019888888889,419.963111111111,9.15101222222222,0.845397555555556,0.824668444444444,4.49331777777778,4.13916555555556,0,0,0,0,2.15402222222222,0,-17.6249888888889,-1.51537777777778,34.1037777777778,39.6317777777778,36.75,38.8331111111111,34.8122222222222,0,0,0,1680382528.6,0,2.0851,1.30104614393392,-8.69713845375376,-16.9457653846154,15,1680382007.1,15:46:47,1680382007.1,1680381986.1,1,0.028,0.012,-0.369,0.048,420,9,0.04,0.13,0.5645927,-0.01162448780488,0.0631465687465281,1,0.237099275,0.0360575347091929,0.0172146864391825,1,2,2,"2/2",3.09955,2.75806,0.0882745,0.0881593,0.0541544,0.0539082,23519.6,23229.6,26337.6,25806.8,40001.3,37269.6,46075.9,42621,1.91402,1.9439,-0.0198036,0,20.3169,999.9,35,28.9,15.5295,61.3102,26.6026,1,-0.0780234,2.80297,20.2706,5.22358,11.98,4.966,3.275,9999,9999,9999,972.6,1.86447,1.86044,1.85866,1.86019,1.8602,1.85863,1.8576,1.85269,0,0,0,0,"00000000","iiiiiiii","off","off","off","off",0,100,100,-0.369,0.0486,-0.233105261291763,-0.00031176944202779,1.2440301916527e-08,-9.05175951632566e-11,0.00623118916240183,-0.00224772357265203,0.00077689855683462,-5.36025113910186e-06,2,1961,1,22,9.1,9.4,1.12427,2.6001,1.49658,2.39502,1.54907,2.3999,34.715,24.0525,18,486.819,522.734,17.9131,26.115,29.9999,26.3376,26.3258,22.6005,34.5862,31.8589,17.9154,420,9.21321,100.674,101.112,2
7,1680382558.1,30,2023-04-01 15:55:58,15:55:58,5,"sor_nut3_t2_ch2",1680382555.3,0.00039274030284738,0.392740302847383,-1.04780169213557,420.554100687006,480.54318437458,43.3527112932769,37.9407327023405,0.0233012131194184,3.4670484686504,0.0232145613890672,0.0145168592065181,0,19.9777707639677,19.99407,2.34575151408575,35.927334832257,0.84649338316523,2.35612629524975,1.49925813092051,-17.3198473555696,13.3233380547462,0.772857301935542,-3.22365199888788,-1.06571741851174,0.386578629795692,-1.04780169213557,423.83408021301,424.519151515151,-0.00125526979677636,66.7893795639768,0.392740302847383,9.13001972177639,9.37982987878788,-5.86703661581312e-06,98.6727744220037,0,0,1,0,48910,"-","-",0,0,0,0,"-","-",0,0,0,0.5,0,0,0,0,0,0,"-",0,0,0,0,0,0,0,0,1,"None","None","None","None","None","None","None","None","None","None","None","None","None","None","None","None","None","None","None","None","None","None","None","None","None","None","None","None","None","None","None","None","None","None",0,0,0,0,3.21,0.5,"0: Broadleaf",2,TRUE,1680382555.3,420.5541,419.9743,9.382957,9.137109,420.923,9.334374,500.0138,90.11621,0.09984696,20.06535,19.99407,999.9,0,0,10009.807,0,0.242856,0.5800049,424.5375,423.847,0.2458456,419.9743,9.137109,0.8455563,0.8234016,4.496001,4.11726,0,0,0,0,2.19467,0,-18.15318,-1.60162,34.0246,39.4871,36.8248,38.6935,34.7749,0,0,0,1680382533.4,0,2.15157307692308,-0.00033163234431315,-6.86651622656622,-17.5573153846154,15,1680382007.1,15:46:47,1680382007.1,1680381986.1,1,0.028,0.012,-0.369,0.048,420,9,0.04,0.13,0.560485024390244,0.221509547038329,0.0611788629697193,0,0.243230365853659,-0.0251193658536578,0.0138753578846503,1,1,2,"1/2",3.09951,2.75819,0.0882682,0.0881682,0.0541385,0.0538448,23519.7,23229.4,26337.6,25806.8,40002,37272.1,46076,42621,1.91357,1.94435,-0.0190735,0,20.3169,999.9,34.9,28.9,15.4861,61.2902,26.4503,1,-0.0780437,2.77165,20.2709,5.22343,11.98,4.96575,3.275,9999,9999,9999,972.6,1.86446,1.86041,1.85866,1.86019,1.8602,1.85862,1.8576,1.85266,0,0,0,0,"00000000","iiiiiiii","off","off","off","off",0,100,100,-0.369,0.0485,-0.233105261291763,-0.00031176944202779,1.2440301916527e-08,-9.05175951632566e-11,0.00623118916240183,-0.00224772357265203,0.00077689855683462,-5.36025113910186e-06,2,1961,1,22,9.2,9.5,1.12427,2.59766,1.49658,2.39502,1.54907,2.37305,34.715,24.0437,18,486.538,523.01,17.9177,26.1134,29.9999,26.3348,26.3225,22.6001,34.2888,31.8589,17.923,420,9.21321,100.674,101.112,2
8,1680382563.1,35,2023-04-01 15:56:03,15:56:03,5,"sor_nut3_t2_ch2",1680382560.6,0.00035258298801507,0.352582988015073,-1.08620520404817,420.530667381998,491.612307926612,44.3516000942057,37.9388548381503,0.0208898917845147,3.46582255177789,0.0208201928619581,0.0130188632267387,0,19.9860271190796,20.0025444444444,2.34698286638147,35.9177645192703,0.846232684601943,2.35602826603513,1.50075018177953,-15.5489097714647,11.6095776322318,0.673710972182752,-3.26562116705017,-1.04162048773562,0.352952313792343,-1.08620520404817,423.829453415119,424.53023030303,0.00061320997780241,66.7893795639768,0.352582988015073,9.15915186973856,9.3833456969697,6.316885636962e-06,98.6727744220037,0,0,1,0,48720,"-","-",0,0,0,0,"-","-",0,0,0,0.5,0,0,0,0,0,0,"-",0,0,0,0,0,0,0,0,1,"None","None","None","None","None","None","None","None","None","None","None","None","None","None","None","None","None","None","None","None","None","None","None","None","None","None","None","None","None","None","None","None","None","None",0,0,0,0,3.21,0.5,"0: Broadleaf",2,TRUE,1680382560.6,420.530666666667,419.957222222222,9.38000888888889,9.15553333333333,420.899555555556,9.33145777777778,499.987444444444,90.1165888888889,0.100029733333333,20.0646777777778,20.0025444444444,999.9,0,0,10004.6588888889,0,0.242856,0.573333666666667,424.512666666667,423.837777777778,0.224475555555556,419.957222222222,9.15553333333333,0.845294555555556,0.825065444444445,4.49157666666667,4.14602,0,0,0,0,2.11095555555556,0,-18.7631333333333,-1.73761111111111,33.9787777777778,39.3331111111111,36.9998888888889,38.5274444444444,34.6664444444444,0,0,0,1680382538.2,0,2.13469615384615,-0.0705401783790019,-6.88355212797931,-18.1161038461538,15,1680382007.1,15:46:47,1680382007.1,1680381986.1,1,0.028,0.012,-0.369,0.048,420,9,0.04,0.13,0.5737457,0.0782744015009368,0.041011110589205,1,0.236918825,-0.0535732120075055,0.0115222471785835,1,2,2,"2/2",3.09959,2.75799,0.0882716,0.0881685,0.0541576,0.0539559,23519.5,23229.4,26337.5,25806.8,40001.1,37267.8,46075.9,42621.1,1.91392,1.94387,-0.0188947,0,20.3169,999.9,34.9,28.9,15.4843,61.1202,26.3982,1,-0.0780589,2.786,20.2707,5.22343,11.98,4.9657,3.275,9999,9999,9999,972.6,1.86447,1.86042,1.85867,1.86019,1.8602,1.8586,1.8576,1.85263,0,0,0,0,"00000000","iiiiiiii","off","off","off","off",0,100,100,-0.369,0.0486,-0.233105261291763,-0.00031176944202779,1.2440301916527e-08,-9.05175951632566e-11,0.00623118916240183,-0.00224772357265203,0.00077689855683462,-5.36025113910186e-06,2,1961,1,22,9.3,9.6,1.12427,2.60742,1.49658,2.39502,1.54907,2.35107,34.715,24.0437,18,486.717,522.66,17.9242,26.1117,29.9999,26.332,26.3197,22.6008,34.2888,31.8589,17.9245,420,9.21321,100.674,101.113,2
9,1680382568.1,40,2023-04-01 15:56:08,15:56:08,5,"sor_nut3_t2_ch2",1680382565.3,0.00035781687977041,0.357816879770412,-1.06507161074984,420.577000700388,488.819960166424,44.099741742691,37.9430846225838,0.0212183499184414,3.46358260673076,0.0211463997114349,0.0132229438216833,0,19.9860030853134,19.99813,2.34634136886534,35.9394139709824,0.84680523697802,2.35620212856485,1.49953613188732,-15.7797243978752,12.648999800569,0.734491876788616,-2.39623272051758,-1.04638911950517,0.351816619954911,-1.06507161074984,423.898444372621,424.584509090909,0.00081998493749897,66.7893795639768,0.357816879770412,9.16256737187258,9.39008557575758,6.58326432433414e-06,98.6727744220037,0,0,1,0,48837,"-","-",0,0,0,0,"-","-",0,0,0,0.5,0,0,0,0,0,0,"-",0,0,0,0,0,0,0,0,1,"None","None","None","None","None","None","None","None","None","None","None","None","None","None","None","None","None","None","None","None","None","None","None","None","None","None","None","None","None","None","None","None","None","None",0,0,0,0,3.21,0.5,"0: Broadleaf",2,TRUE,1680382565.3,420.577,420.0002,9.386343,9.162592,420.946,9.337725,499.9893,90.11677,0.09996691,20.06587,19.99813,999.9,0,0,9995.312,0,0.242856,0.5768187,424.5621,423.8842,0.2237517,420.0002,9.162592,0.845867,0.8257031,4.501248,4.157024,0,0,0,0,2.11654,0,-19.33959,-1.76335,33.9311,39.1873,36.6248,38.3874,34.656,0,0,0,1680382543.6,0,2.09308,-0.272561531404838,-8.26316922547441,-18.792844,15,1680382007.1,15:46:47,1680382007.1,1680381986.1,1,0.028,0.012,-0.369,0.048,420,9,0.04,0.13,0.58098445,-0.146256630393997,0.0299387498110309,0,0.231889125,-0.039366855534709,0.0100395511109499,1,1,2,"1/2",3.0994,2.75806,0.088277,0.0881683,0.0541919,0.0539686,23519.3,23229.3,26337.4,25806.6,39999.7,37267.4,46075.9,42621.2,1.91367,1.94412,-0.0196174,0,20.3169,999.9,34.8,28.9,15.4422,61.1302,26.6306,1,-0.0785213,2.82556,20.2702,5.22358,11.98,4.96575,3.27505,9999,9999,9999,972.6,1.86446,1.86042,1.85866,1.86019,1.8602,1.85858,1.85761,1.85262,0,0,0,0,"00000000","iiiiiiii","off","off","off","off",0,100,100,-0.369,0.0487,-0.233105261291763,-0.00031176944202779,1.2440301916527e-08,-9.05175951632566e-11,0.00623118916240183,-0.00224772357265203,0.00077689855683462,-5.36025113910186e-06,2,1961,1,22,9.3,9.7,1.12427,2.60376,1.49658,2.39502,1.54907,2.41943,34.7379,24.0525,18,486.555,522.805,17.9235,26.1096,30,26.3298,26.317,22.6016,34.2888,31.4818,17.9182,420,9.21321,100.674,101.112,2
10,1680382573.1,45,2023-04-01 15:56:13,15:56:13,5,"sor_nut3_t2_ch2",1680382570.6,0.00037993461180313,0.37993461180313,-1.01305438074368,420.551445111006,480.495193779723,43.3482014443948,37.9403352965912,0.0225408617615903,3.46464346272843,0.0224597061979963,0.0140445834129373,0,19.9802763304544,19.9986222222222,2.34641288992237,35.9627513165157,0.847312398269635,2.35608335639357,1.49910049165274,-16.755116380518,12.4088071905562,0.720322751304336,-3.62598643865749,-1.01062665393037,0.380852473561007,-1.01305438074368,423.868226717325,424.528981818182,-0.00088328936671179,66.7893795639768,0.37993461180313,9.14871652759718,9.39036660606061,-2.75076625012273e-06,98.6727744220037,0,0,1,0,48787,"-","-",0,0,0,0,"-","-",0,0,0,0.5,0,0,0,0,0,0,"-",0,0,0,0,0,0,0,0,1,"None","None","None","None","None","None","None","None","None","None","None","None","None","None","None","None","None","None","None","None","None","None","None","None","None","None","None","None","None","None","None","None","None","None",0,0,0,0,3.21,0.5,"0: Broadleaf",2,TRUE,1680382570.6,420.551444444444,420.005444444444,9.39207444444445,9.14986111111111,420.920222222222,9.34339333333333,499.994888888889,90.1156777777778,0.100003888888889,20.0650555555556,19.9986222222222,999.9,0,0,9999.85,0,0.242856,0.546057666666667,424.538666666667,423.883666666667,0.242213666666667,420.005444444444,9.14986111111111,0.846373333333333,0.824546,4.50979888888889,4.13703555555556,0,0,0,0,2.07343333333333,0,-20.1244555555556,-1.79236666666667,33.8606666666667,39.0343333333333,36.8258888888889,38.2148888888889,34.5275555555556,0,0,0,1680382548.4,0,2.0785,0.0761538416723336,-8.71779997465119,-19.454708,15,1680382007.1,15:46:47,1680382007.1,1680381986.1,1,0.028,0.012,-0.369,0.048,420,9,0.04,0.13,0.573474365853659,-0.129071310104529,0.0366329823751141,0,0.233240756097561,-0.0194812891986061,0.011460208151135,1,1,2,"1/2",3.09957,2.75817,0.0882718,0.0881776,0.0541849,0.0537878,23519.3,23229.1,26337.2,25806.7,39999.5,37274.3,46075.4,42620.9,1.91387,1.94405,-0.019379,0,20.3182,999.9,34.7,28.9,15.3974,61.3802,26.5385,1,-0.078158,2.81181,20.2702,5.22403,11.98,4.9657,3.275,9999,9999,9999,972.6,1.86446,1.86046,1.85866,1.86019,1.8602,1.85861,1.8576,1.85264,0,0,0,0,"00000000","iiiiiiii","off","off","off","off",0,100,100,-0.369,0.0487,-0.233105261291763,-0.00031176944202779,1.2440301916527e-08,-9.05175951632566e-11,0.00623118916240183,-0.00224772357265203,0.00077689855683462,-5.36025113910186e-06,2,1961,1,22,9.4,9.8,1.12427,2.59644,1.49658,2.39502,1.54907,2.40479,34.7379,24.0437,18,486.649,522.728,17.9204,26.1074,30.0002,26.327,26.3142,22.6005,33.9798,31.4818,17.9202,420,9.21321,100.673,101.112,2
11,1680382578.1,50,2023-04-01 15:56:18,15:56:18,5,"sor_nut3_t2_ch2",1680382575.3,0.00038470873688613,0.384708736886132,-1.08118160783548,420.578100710043,484.367784707448,43.697231119229,37.9424459071184,0.0228238816680316,3.46233241159832,0.0227406240975881,0.0142203449950897,0,19.9777712488604,19.99388,2.34572391322725,35.9329213204138,0.846536977497294,2.35588130992391,1.49918693572995,-16.9656552966784,13.0270896825418,0.75669465147208,-3.1818709626645,-1.0793423769428,0.394388799211537,-1.08118160783548,423.857865845196,424.558042424243,5.70729441647379e-05,66.7893795639768,0.384708736886132,9.13480961610765,9.3795063030303,-6.91815693177543e-06,98.6727744220037,0,0,1,0,48926,"-","-",0,0,0,0,"-","-",0,0,0,0.5,0,0,0,0,0,0,"-",0,0,0,0,0,0,0,0,1,"None","None","None","None","None","None","None","None","None","None","None","None","None","None","None","None","None","None","None","None","None","None","None","None","None","None","None","None","None","None","None","None","None","None",0,0,0,0,3.21,0.5,"0: Broadleaf",2,TRUE,1680382575.3,420.5781,419.9917,9.383552,9.132751,420.9469,9.334963,500.0413,90.11492,0.10006229,20.06367,19.99388,999.9,0,0,9990.313,0,0.242856,0.5864532,424.5619,423.8629,0.2508003,419.9917,9.132751,0.8455982,0.8229973,4.496707,4.110267,0,0,0,0,2.1028,0,-20.77956,-1.86343,33.8373,38.931,36.4686,38.0872,34.4999,0,0,0,1680382553.2,0,2.05188,-0.387030772951928,-8.14086922489684,-20.102892,15,1680382007.1,15:46:47,1680382007.1,1680381986.1,1,0.028,0.012,-0.369,0.048,420,9,0.04,0.13,0.57108835,0.0395366454033766,0.036514938707021,1,0.235396925,0.10161869043152,0.0141081292175602,1,2,2,"2/2",3.09962,2.75807,0.0882721,0.0881638,0.05414,0.0538751,23519.3,23229.3,26337.3,25806.5,40001.5,37270.5,46075.5,42620.5,1.9139,1.94398,-0.0195056,0,20.3186,999.9,34.7,28.9,15.3981,61.1202,26.3702,1,-0.0784375,2.80995,20.2703,5.22328,11.98,4.9657,3.27503,9999,9999,9999,972.6,1.86447,1.86045,1.85866,1.86019,1.8602,1.85863,1.85761,1.85266,0,0,0,0,"00000000","iiiiiiii","off","off","off","off",0,100,100,-0.369,0.0485,-0.233105261291763,-0.00031176944202779,1.2440301916527e-08,-9.05175951632566e-11,0.00623118916240183,-0.00224772357265203,0.00077689855683462,-5.36025113910186e-06,2,1961,1,22,9.5,9.9,1.12427,2.6123,1.49658,2.39502,1.54907,2.34619,34.7608,24.0437,18,486.645,522.656,17.9207,26.1062,30.0001,26.3248,26.312,22.6,33.9798,31.4818,17.921,420,9.21321,100.673,101.111,2
12,1680382583.1,55,2023-04-01 15:56:23,15:56:23,5,"sor_nut3_t2_ch2",1680382580.6,0.0003683987577576,0.368398757757607,-1.00415353325922,420.555222881979,482.109430529022,43.4930074112724,37.9399577510528,0.0218446809475137,3.46558522145213,0.0217684724798025,0.0136121200612239,0,19.9810826013713,19.9950222222222,2.34588984548226,35.9179849320514,0.846163969615085,2.35582249732504,1.49972587586717,-16.2463852171105,12.7505620475403,0.739939839411997,-2.75588333015812,-1.03676149306246,0.368530191746332,-1.00415353325922,423.862214771285,424.513981818182,-0.00023018130287564,66.7893795639768,0.368398757757607,9.14537628888198,9.37967236363636,3.45571971324202e-07,98.6727744220037,0,0,1,0,48837,"-","-",0,0,0,0,"-","-",0,0,0,0.5,0,0,0,0,0,0,"-",0,0,0,0,0,0,0,0,1,"None","None","None","None","None","None","None","None","None","None","None","None","None","None","None","None","None","None","None","None","None","None","None","None","None","None","None","None","None","None","None","None","None","None",0,0,0,0,3.21,0.5,"0: Broadleaf",2,TRUE,1680382580.6,420.555222222222,419.989111111111,9.37952222222222,9.14514,420.924222222222,9.33097666666667,499.989333333333,90.1139111111111,0.100062433333333,20.0632666666667,19.9950222222222,999.9,0,0,10003.9677777778,0,0.242856,0.566006,424.537,423.865444444445,0.234381888888889,419.989111111111,9.14514,0.845225444444444,0.824104666666667,4.49041111111111,4.12941777777778,0,0,0,0,2.34508888888889,0,-21.4130444444444,-1.93323333333333,33.7427777777778,38.7705555555556,36.361,37.9373333333333,34.4232222222222,0,0,0,1680382558.6,0,2.13156923076923,1.39583589447346,-7.21256410934494,-20.7761730769231,15,1680382007.1,15:46:47,1680382007.1,1680381986.1,1,0.028,0.012,-0.369,0.048,420,9,0.04,0.13,0.572026609756098,0.014770891986062,0.0362798575963793,1,0.236791975609756,0.060969324041812,0.0130352399558551,1,2,2,"2/2",3.09963,2.75817,0.0882707,0.0881684,0.0541435,0.0538844,23519.2,23229.1,26337.1,25806.5,40001.4,37269.8,46075.5,42620.2,1.91418,1.94395,-0.0197813,0,20.3186,999.9,34.6,28.9,15.3525,61.1002,26.5625,1,-0.0784121,2.79396,20.2706,5.22433,11.98,4.9657,3.27505,9999,9999,9999,972.6,1.86447,1.86044,1.85866,1.8602,1.8602,1.85861,1.8576,1.85265,0,0,0,0,"00000000","iiiiiiii","off","off","off","off",0,100,100,-0.369,0.0486,-0.233105261291763,-0.00031176944202779,1.2440301916527e-08,-9.05175951632566e-11,0.00623118916240183,-0.00224772357265203,0.00077689855683462,-5.36025113910186e-06,2,1961,1,22,9.6,9.9,1.12427,2.60376,1.49658,2.39502,1.54907,2.40845,34.7608,24.0525,18,486.782,522.614,17.9231,26.1052,30,26.3222,26.3093,22.6029,33.7018,31.4818,17.9254,420,9.21321,100.673,101.111,2
13,1680383589.5,1061.40000009537,2023-04-01 16:13:09,16:13:09,5,"sor_nut3_t2_ch2",1680383586.75,0.00028745429263935,0.287454292639359,-1.36790248474384,420.810600921876,538.189445232438,48.5402605929318,37.9536544426176,0.0168058773248058,3.46085721570829,0.0167606706196581,0.0104794705725259,0,27.5470190159989,27.48621,3.68265016926753,58.931676677108,2.18614036169329,3.70961846830076,1.49650980757424,-12.6767343053957,23.2742055257633,1.45930627788737,12.0567774982549,-1.37865270387709,0.283097047742633,-1.36790248474384,430.357589375272,431.258121212121,-0.00014585507193528,66.7747989044131,0.287454292639359,24.0612399962599,24.2412303030303,1.09301005203711e-05,99.9837600955542,0,0,1,0,47694,"-","-",0,0,0,0,"-","-",0,0,0,0.5,0,0,0,0,0,0,"-",0,0,0,0,0,0,0,0,1,"None","None","None","None","None","None","None","None","None","None","None","None","None","None","None","None","None","None","None","None","None","None","None","None","None","None","None","None","None","None","None","None","None","None",0,0,0,0,3.21,0.5,"0: Broadleaf",2,TRUE,1680383586.75,420.8106,420.002,24.2388,24.06146,421.5768,23.97272,500.0083,90.09169,0.10008359,27.61095,27.48621,999.9,0,0,9986.748,0,0.242856,0.8086364,431.2641,430.3571,0.1773293,420.002,24.06146,2.183714,2.167736,18.84332,18.72586,0,0,0,0,2.03609,0,-12.08392,-1.10839,35.0748,40.0122,37.8122,39.6872,36.5122,0,0,0,1680383564.8,0,1.9848,0.261969224407031,-6.04476155898866,-11.735976,15,1680383177.5,16:06:17,1680383177.5,1680383174,2,-0.397,-0.016,-0.766,0.266,420,24,0.38,0.11,0.8311203,-0.0190331257035678,0.0280071459249242,1,0.181557875,-0.0525617223264548,0.00614564852634569,1,2,2,"2/2",3.10329,2.75803,0.0884154,0.0882188,0.108895,0.109598,23494.4,23208.8,26313.2,25785.4,37626.3,35032.4,46034.4,42588,1.91175,1.95973,0.0642389,0,26.4365,999.9,56.7,29.4,25.9053,60.7002,25.7812,1,-0.0545046,-0.699684,20.2902,5.22268,11.98,4.96575,3.27505,9999,9999,9999,972.9,1.86447,1.86049,1.85867,1.8602,1.8602,1.85865,1.85767,1.85272,0,0,0,0,"00000000","iiiiiiii","off","off","off","off",0,100,100,-0.766,0.2661,-0.630052969734535,-0.00031176944202779,1.2440301916527e-08,-9.05175951632566e-11,0.266079999999999,0,0,0,2,1961,1,22,6.9,6.9,1.14136,2.61353,1.49658,2.39624,1.54907,2.39746,36.0816,24.0612,18,487.851,536.055,27.446,26.5361,30.0001,26.6314,26.5819,22.9495,7.91399,100,27.4574,420,24.1161,100.582,101.032,2
14,1680383594.5,1066.40000009537,2023-04-01 16:13:14,16:13:14,5,"sor_nut3_t2_ch2",1680383592,0.00029147193025932,0.291471930259325,-1.52383586180129,420.853778803995,550.922965635954,49.6879764190885,37.9569811778645,0.017042535041325,3.46872302860271,0.0169961531914761,0.010626752374838,0,27.5448915419076,27.4868888888889,3.68279647806564,58.9439796661077,2.18642133601519,3.70932086431953,1.49637514205045,-12.8539121244362,22.9435333169658,1.43530580399599,11.5249269965256,-1.49474614929671,0.292203045875685,-1.52383586180129,430.322062933124,431.30596969697,0.00384516707534713,66.7747989044131,0.291471930259325,24.0590296269199,24.2416381818182,-3.05125430272864e-06,99.9837600955542,0,0,1,0,47572,"-","-",0,0,0,0,"-","-",0,0,0,0.5,0,0,0,0,0,0,"-",0,0,0,0,0,0,0,0,1,"None","None","None","None","None","None","None","None","None","None","None","None","None","None","None","None","None","None","None","None","None","None","None","None","None","None","None","None","None","None","None","None","None","None",0,0,0,0,3.21,0.5,"0: Broadleaf",2,TRUE,1680383592,420.853777777778,419.973111111111,24.2422777777778,24.0592333333333,421.619888888889,23.9762,500.006,90.0904777777778,0.0999472333333333,27.6095777777778,27.4868888888889,999.9,0,0,10019.6444444444,0,0.242856,0.880635666666667,431.309888888889,430.326555555556,0.183051,419.973111111111,24.0592333333333,2.18399888888889,2.16750777777778,18.8454111111111,18.7241666666667,0,0,0,0,2.03757777777778,0,-12.9180555555556,-1.13166666666667,35.0274444444444,39.8538888888889,37.7221111111111,39.5136666666667,36.4788888888889,0,0,0,1680383569.6,0,2.010332,0.45280769946639,-8.23246926923797,-12.262712,15,1680383177.5,16:06:17,1680383177.5,1680383174,2,-0.397,-0.016,-0.766,0.266,420,24,0.38,0.11,0.84237595,0.0737720825515939,0.0310620642914714,1,0.1801066,-0.0114371031894938,0.00500220928090778,1,2,2,"2/2",3.10337,2.75832,0.0884197,0.0882194,0.108896,0.109583,23494.5,23208.9,26313.5,25785.5,37626.4,35033,46034.6,42588,1.91195,1.95963,0.0643432,0,26.4333,999.9,56.7,29.4,25.903,60.9202,25.6651,1,-0.0546519,-0.719567,20.2902,5.22283,11.98,4.9658,3.2751,9999,9999,9999,972.9,1.86447,1.8605,1.85868,1.8602,1.8602,1.85864,1.85769,1.85272,0,0,0,0,"00000000","iiiiiiii","off","off","off","off",0,100,100,-0.766,0.2661,-0.630052969734535,-0.00031176944202779,1.2440301916527e-08,-9.05175951632566e-11,0.266079999999999,0,0,0,2,1961,1,22,7,7,1.14136,2.62085,1.49658,2.39502,1.54907,2.35596,36.0816,24.0525,18,487.967,535.985,27.4556,26.5361,30,26.6314,26.5819,22.9486,7.91399,100,27.4666,420,24.1161,100.583,101.032,2
15,1680383599.5,1071.40000009537,2023-04-01 16:13:19,16:13:19,5,"sor_nut3_t2_ch2",1680383596.7,0.00029687235917362,0.29687235917363,-1.4282367356266,420.841400965917,539.523052120924,48.6594981247639,37.9556189130809,0.0173742524845241,3.46146587599234,0.0173259495034142,0.0108330470016819,0,27.5441952961535,27.48043,3.68140471451614,58.9388715536901,2.18631267207206,3.70945797643996,1.49509204244408,-13.0920710395571,24.2188360792175,1.51821874842913,12.6449837880895,-1.4263146430073,0.297013714207862,-1.4282367356266,430.372818416847,431.308127272727,0.00086609415911096,66.7747989044131,0.29687235917363,24.0546344558507,24.2406145454545,-2.57039500959312e-06,99.9837600955542,0,0,1,0,47514,"-","-",0,0,0,0,"-","-",0,0,0,0.5,0,0,0,0,0,0,"-",0,0,0,0,0,0,0,0,1,"None","None","None","None","None","None","None","None","None","None","None","None","None","None","None","None","None","None","None","None","None","None","None","None","None","None","None","None","None","None","None","None","None","None",0,0,0,0,3.21,0.5,"0: Broadleaf",2,TRUE,1680383596.7,420.8414,420.006,24.24123,24.05518,421.6074,23.97516,500.028,90.08972,0.1001207,27.61021,27.48043,999.9,0,0,9989.5,0,0.242856,0.8352385,431.2966,430.3583,0.1860667,420.006,24.05518,2.183887,2.167124,18.8446,18.72133,0,0,0,0,2.06482,0,-13.44343,-1.22312,34.9747,39.731,37.7621,39.3499,36.3998,0,0,0,1680383575,0,2.0546,-0.205736737936682,-7.54700513638933,-12.9107884615385,15,1680383177.5,16:06:17,1680383177.5,1680383174,2,-0.397,-0.016,-0.766,0.266,420,24,0.38,0.11,0.840922525,0.0224495121951216,0.0320436286545294,1,0.180091625,0.0436528367729826,0.00499236963118467,1,2,2,"2/2",3.10317,2.75802,0.0884189,0.0882183,0.108888,0.109577,23494.6,23209.1,26313.6,25785.7,37626.8,35033.6,46034.6,42588.4,1.9116,1.95973,0.064075,0,26.4311,999.9,56.7,29.4,25.9042,60.8102,25.8494,1,-0.0546519,-0.737574,20.29,5.22193,11.98,4.96565,3.2751,9999,9999,9999,972.9,1.86447,1.86049,1.85868,1.8602,1.8602,1.85865,1.8577,1.85272,0,0,0,0,"00000000","iiiiiiii","off","off","off","off",0,100,100,-0.766,0.2661,-0.630052969734535,-0.00031176944202779,1.2440301916527e-08,-9.05175951632566e-11,0.266079999999999,0,0,0,2,1961,1,22,7,7.1,1.14136,2.61841,1.49658,2.39624,1.54907,2.42676,36.0816,24.0525,18,487.757,536.055,27.465,26.5341,30,26.6305,26.5819,22.9477,7.91399,100,27.4803,420,24.1179,100.583,101.033,2
16,1680383604.5,1076.40000009537,2023-04-01 16:13:24,16:13:24,5,"sor_nut3_t2_ch2",1680383602,0.00029419891658835,0.294198916588359,-1.39282360086353,420.835667605293,537.464494064849,48.4724727838276,37.9540335589131,0.0172144809804783,3.46579333986297,0.0171671200161096,0.010733694269253,0,27.5412565128084,27.4801,3.68133361833175,58.943906435457,2.1860379946681,3.70867512329165,1.49529562366365,-12.9741722215466,23.6362530931446,1.47981888305019,12.1418997546481,-1.43710975143644,0.296463108797303,-1.39282360086353,430.34392149542,431.26756969697,-0.00153507207434841,66.7747989044131,0.294198916588359,24.0529434617119,24.2373006060606,-7.36354097132921e-06,99.9837600955542,0,0,1,0,47596,"-","-",0,0,0,0,"-","-",0,0,0,0.5,0,0,0,0,0,0,"-",0,0,0,0,0,0,0,0,1,"None","None","None","None","None","None","None","None","None","None","None","None","None","None","None","None","None","None","None","None","None","None","None","None","None","None","None","None","None","None","None","None","None","None",0,0,0,0,3.21,0.5,"0: Broadleaf",2,TRUE,1680383602,420.835666666667,419.993111111111,24.2388666666667,24.0531444444444,421.601777777778,23.9728,499.983111111111,90.0873888888889,0.0999133777777778,27.6066,27.4801,999.9,0,0,10007.78,0,0.242856,0.842627777777778,431.289666666667,430.344222222222,0.185727666666667,419.993111111111,24.0531444444444,2.18361666666667,2.16688555555556,18.8426111111111,18.7195666666667,0,0,0,0,1.97271111111111,0,-13.9154,-1.28863333333333,34.9511111111111,39.597,37.6107777777778,39.1593333333333,36.4372222222222,0,0,0,1680383579.8,0,2.02531923076923,-1.02091281203033,-5.48393505676556,-13.4699961538462,15,1680383177.5,16:06:17,1680383177.5,1680383174,2,-0.397,-0.016,-0.766,0.266,420,24,0.38,0.11,0.840440707317073,0.0565562926829277,0.0327034153241761,1,0.182713,0.036292306620209,0.00410094602411235,1,2,2,"2/2",3.10313,2.75818,0.0884116,0.088214,0.108876,0.109562,23494.6,23209.2,26313.4,25785.7,37627.3,35034.2,46034.6,42588.5,1.91142,1.95982,0.0645295,0,26.4275,999.9,56.7,29.4,25.9035,61.1502,25.9215,1,-0.0547332,-0.754586,20.2899,5.22238,11.98,4.96575,3.27508,9999,9999,9999,972.9,1.86447,1.86049,1.85867,1.8602,1.8602,1.85864,1.85764,1.85272,0,0,0,0,"00000000","iiiiiiii","off","off","off","off",0,100,100,-0.766,0.2661,-0.630052969734535,-0.00031176944202779,1.2440301916527e-08,-9.05175951632566e-11,0.266079999999999,0,0,0,2,1961,1,22,7.1,7.2,1.14136,2.61475,1.49658,2.39624,1.54907,2.43286,36.0816,24.0612,18,487.645,536.124,27.4795,26.5339,30,26.6292,26.5819,22.9495,7.91399,100,27.4944,420,24.1191,100.583,101.033,2
17,1680383609.5,1081.40000009537,2023-04-01 16:13:29,16:13:29,5,"sor_nut3_t2_ch2",1680383606.7,0.00029702592079907,0.297025920799079,-1.45112871253721,420.818200981618,541.602052924097,48.8449739697348,37.9519500747137,0.0173707625960603,3.46356184196717,0.0173225081197702,0.0108308917992134,0,27.5378385133437,27.48233,3.68181407949478,58.9446501573148,2.18571411380305,3.70807886376404,1.49609996569173,-13.0988431072394,22.6911313928529,1.42155828733206,11.0138465729455,-1.47755986405296,0.296601501336439,-1.45112871253721,430.297164927495,431.255757575758,-0.00084775095717092,66.7747989044131,0.297025920799079,24.0490935692221,24.2351587878788,-1.28818101386545e-06,99.9837600955542,0,0,1,0,47460,"-","-",0,0,0,0,"-","-",0,0,0,0.5,0,0,0,0,0,0,"-",0,0,0,0,0,0,0,0,1,"None","None","None","None","None","None","None","None","None","None","None","None","None","None","None","None","None","None","None","None","None","None","None","None","None","None","None","None","None","None","None","None","None","None",0,0,0,0,3.21,0.5,"0: Broadleaf",2,TRUE,1680383606.7,420.8182,419.9498,24.2356,24.04981,421.5844,23.96953,500.0357,90.08605,0.10004458,27.60385,27.48233,999.9,0,0,9998.634,0,0.242856,0.868634,431.2702,430.2981,0.1858012,419.9498,24.04981,2.18329,2.166552,18.84023,18.71712,0,0,0,0,1.89837,0,-14.46971,-1.34778,34.8936,39.456,37.6185,39.0433,36.3371,0,0,0,1680383584.6,0,1.95352692307692,-0.517904269676788,-6.42693334807649,-13.9312615384615,15,1680383177.5,16:06:17,1680383177.5,1680383174,2,-0.397,-0.016,-0.766,0.266,420,24,0.38,0.11,0.8533104,0.00911545215759616,0.0292999929546067,1,0.184956225,0.0121813621013132,0.0017130515825202,1,2,2,"2/2",3.10326,2.75813,0.0884136,0.088205,0.108868,0.109553,23494.9,23209.4,26313.7,25785.7,37627.9,35034.8,46034.9,42588.8,1.91167,1.95965,0.0646487,0,26.4217,999.9,56.7,29.4,25.9055,61.1302,25.7612,1,-0.0548018,-0.767448,20.2898,5.22238,11.98,4.9658,3.27505,9999,9999,9999,972.9,1.86447,1.86049,1.85869,1.8602,1.8602,1.85865,1.8577,1.85272,0,0,0,0,"00000000","iiiiiiii","off","off","off","off",0,100,100,-0.766,0.2661,-0.630052969734535,-0.00031176944202779,1.2440301916527e-08,-9.05175951632566e-11,0.266079999999999,0,0,0,2,1961,1,22,7.2,7.3,1.14136,2.61475,1.49658,2.39624,1.54907,2.38647,36.105,24.0612,18,487.79,536.003,27.4942,26.5339,30,26.6292,26.5819,22.9527,7.63947,100,27.5067,420,24.1221,100.584,101.034,2
18,1680383614.5,1086.40000009537,2023-04-01 16:13:34,16:13:34,5,"sor_nut3_t2_ch2",1680383612,0.00026778734587389,0.267787345873899,-1.45960477760373,420.81233431705,556.581580739457,50.1954634631357,37.951076505236,0.0156924930430202,3.46654096667253,0.0156531346630766,0.00978673706618805,0,27.5419568064037,27.4657111111111,3.67823479811698,58.9483206172975,2.18553995745925,3.70755253851614,1.49269484065773,-11.8094219530389,25.3627993850485,1.58741703323909,15.1407944652486,-1.45202583584693,0.268270987363804,-1.45960477760373,430.295768082165,431.256018181818,-3.42973742469398e-06,66.7747989044131,0.267787345873899,24.068284862039,24.235983030303,9.04202071543922e-06,99.9837600955542,0,0,1,0,47576,"-","-",0,0,0,0,"-","-",0,0,0,0.5,0,0,0,0,0,0,"-",0,0,0,0,0,0,0,0,1,"None","None","None","None","None","None","None","None","None","None","None","None","None","None","None","None","None","None","None","None","None","None","None","None","None","None","None","None","None","None","None","None","None","None",0,0,0,0,3.21,0.5,"0: Broadleaf",2,TRUE,1680383612,420.812333333333,419.952555555556,24.2338888888889,24.0658222222222,421.578333333333,23.9678222222222,499.968777777778,90.0854222222222,0.0998537555555556,27.6014222222222,27.4657111111111,999.9,0,0,10011.1133333333,0,0.242856,0.859917666666667,431.263444444444,430.308222222222,0.168054333333333,419.952555555556,24.0658222222222,2.18312111111111,2.16798,18.8389777777778,18.7276555555556,0,0,0,0,1.95404444444444,0,-15.2243555555556,-1.40636666666667,34.8332222222222,39.347,37.4652222222222,38.8956666666667,36.2844444444444,0,0,0,1680383590,0,1.94786,0.564230773121168,-7.85355384392626,-14.597488,15,1680383177.5,16:06:17,1680383177.5,1680383174,2,-0.397,-0.016,-0.766,0.266,420,24,0.38,0.11,0.852244575,0.115881016885551,0.0257488247895778,0,0.182855725,-0.0478703977485935,0.00809259331422103,1,1,2,"1/2",3.10321,2.75817,0.0884087,0.0882095,0.108876,0.1097,23495.2,23209.4,26313.9,25785.8,37627.8,35029.3,46035.3,42589.2,1.91175,1.9599,0.0642762,0,26.4141,999.9,56.6,29.4,25.8604,60.9302,25.7011,1,-0.0548984,-0.779551,20.2897,5.22253,11.98,4.9657,3.27508,9999,9999,9999,972.9,1.86447,1.8605,1.85868,1.8602,1.8602,1.85866,1.85771,1.85272,0,0,0,0,"00000000","iiiiiiii","off","off","off","off",0,100,100,-0.766,0.2661,-0.630052969734535,-0.00031176944202779,1.2440301916527e-08,-9.05175951632566e-11,0.266079999999999,0,0,0,2,1961,1,22,7.3,7.3,1.14136,2.62329,1.49658,2.39502,1.54907,2.34497,36.105,24.0525,18,487.833,536.176,27.5076,26.5316,29.9999,26.6292,26.5819,22.955,7.63947,100,27.5298,420,24.1182,100.584,101.034,2
19,1680383619.5,1091.40000009537,2023-04-01 16:13:39,16:13:39,5,"sor_nut3_t2_ch2",1680383616.7,0.0002440760814803,0.244076081480303,-1.49821605618429,420.812401012827,575.124029673928,51.8666465830254,37.9502975966091,0.0143022523376553,3.46395311344132,0.0142695265631622,0.00892138808608511,0,27.5466818373318,27.46897,3.67893643954367,58.9770034202614,2.18653917910944,3.70744366838797,1.49239726043424,-10.7637551932814,24.6414830812327,1.54344443264278,15.4211723205941,-1.42877613977174,0.232581076698346,-1.49821605618429,430.309676904825,431.294521212121,0.00014911174567977,66.7747989044131,0.244076081480303,24.101314042106,24.2539624242424,3.34289223577303e-05,99.9837600955542,0,0,1,0,47481,"-","-",0,0,0,0,"-","-",0,0,0,0.5,0,0,0,0,0,0,"-",0,0,0,0,0,0,0,0,1,"None","None","None","None","None","None","None","None","None","None","None","None","None","None","None","None","None","None","None","None","None","None","None","None","None","None","None","None","None","None","None","None","None","None",0,0,0,0,3.21,0.5,"0: Broadleaf",2,TRUE,1680383616.7,420.8124,419.958,24.24547,24.09978,421.5784,23.97941,500.0233,90.08337,0.10004072,27.60092,27.46897,999.9,0,0,10000.561,0,0.242856,0.8541107,431.2687,430.329,0.145684,419.958,24.09978,2.184115,2.170991,18.84625,18.74983,0,0,0,0,2.15117,0,-15.83566,-1.4295,34.806,39.2184,37.3936,38.7373,36.1748,0,0,0,1680383594.8,0,2.000592,1.25413847053949,-8.07866156089502,-15.22552,15,1680383177.5,16:06:17,1680383177.5,1680383174,2,-0.397,-0.016,-0.766,0.266,420,24,0.38,0.11,0.856929902439024,0.00577243902439162,0.0228200944802611,1,0.17199156097561,-0.154298571428571,0.0179980375421387,1,2,2,"2/2",3.10315,2.75812,0.0884153,0.0882192,0.108934,0.10972,23495.3,23209.6,26314.3,25786.2,37625.9,35028.7,46035.9,42589.4,1.91188,1.95968,0.0648275,0,26.4069,999.9,56.6,29.4,25.8596,60.8202,25.8173,1,-0.055188,-0.815841,20.2895,5.22148,11.98,4.9656,3.27515,9999,9999,9999,972.9,1.86447,1.86049,1.85868,1.8602,1.8602,1.85867,1.85766,1.85272,0,0,0,0,"00000000","iiiiiiii","off","off","off","off",0,100,100,-0.766,0.266,-0.630052969734535,-0.00031176944202779,1.2440301916527e-08,-9.05175951632566e-11,0.266079999999999,0,0,0,2,1961,1,22,7.4,7.4,1.14136,2.61841,1.49658,2.39624,1.54907,2.40967,36.105,24.0525,18,487.905,536.02,27.5286,26.5316,29.9998,26.6292,26.5819,22.9551,7.63947,100,27.5513,420,24.1182,100.586,101.035,2
20,1680383624.5,1096.40000009537,2023-04-01 16:13:44,16:13:44,5,"sor_nut3_t2_ch2",1680383622,0.00026144280838236,0.261442808382365,-1.33532125527768,420.848667569407,547.267725260132,49.3542881668434,37.9534283772713,0.0153307818941862,3.46092447079694,0.0152931538717178,0.00956159413831147,0,27.5426436781463,27.4718555555556,3.6795577994962,59.0167177717268,2.18799479294771,3.70741524699957,1.49156300654849,-11.5296278496623,24.0570724249742,1.50817863514951,14.0356232104614,-1.41893481118395,0.255124235128982,-1.33532125527768,430.409256381502,431.289206060606,-0.00031753093785712,66.7747989044131,0.261442808382365,24.1019239307544,24.2655703030303,1.69455609505257e-05,99.9837600955542,0,0,1,0,47539,"-","-",0,0,0,0,"-","-",0,0,0,0.5,0,0,0,0,0,0,"-",0,0,0,0,0,0,0,0,1,"None","None","None","None","None","None","None","None","None","None","None","None","None","None","None","None","None","None","None","None","None","None","None","None","None","None","None","None","None","None","None","None","None","None",0,0,0,0,3.21,0.5,"0: Broadleaf",2,TRUE,1680383622,420.848666666667,420.006666666667,24.2617,24.1018888888889,421.614777777778,23.9956,500.015111111111,90.0830222222222,0.100056166666667,27.6007888888889,27.4718555555556,999.9,0,0,9987.98888888889,0,0.242856,0.842254666666667,431.313222222222,430.379555555555,0.159827111111111,420.006666666667,24.1018888888889,2.18556888888889,2.17117222222222,18.8569333333333,18.7511555555556,0,0,0,0,2.12463333333333,0,-16.4222777777778,-1.56334444444444,34.7357777777778,39.1038888888889,37.2982222222222,38.6318888888889,36.1316666666667,0,0,0,1680383599.6,0,2.06792,0.750838461688969,-7.24539232657506,-15.845496,15,1680383177.5,16:06:17,1680383177.5,1680383174,2,-0.397,-0.016,-0.766,0.266,420,24,0.38,0.11,0.85441745,-0.107788615384616,0.0241431481449189,0,0.165577975,-0.130218945590995,0.0169483342684281,1,1,2,"1/2",3.10318,2.75796,0.088413,0.0882028,0.108968,0.109713,23495.6,23210.1,26314.5,25786.4,37624.7,35029.3,46036.3,42589.8,1.9119,1.9597,0.0657514,0,26.3994,999.9,56.6,29.4,25.8596,60.7702,25.9135,1,-0.0554954,-0.838747,20.2894,5.22223,11.98,4.96575,3.27525,9999,9999,9999,972.9,1.86447,1.86048,1.85868,1.8602,1.86021,1.85865,1.85771,1.85272,0,0,0,0,"00000000","iiiiiiii","off","off","off","off",0,100,100,-0.767,0.266,-0.630052969734535,-0.00031176944202779,1.2440301916527e-08,-9.05175951632566e-11,0.266079999999999,0,0,0,2,1961,1,22,7.5,7.5,1.14136,2.61353,1.49658,2.39624,1.54907,2.42676,36.105,24.0612,18,487.92,536.025,27.5505,26.5302,29.9999,26.6292,26.5806,22.9559,7.63947,100,27.5713,420,24.1182,100.587,101.036,2
21,1680383629.5,1101.40000009537,2023-04-01 16:13:49,16:13:49,5,"sor_nut3_t2_ch2",1680383626.7,0.00027568839550665,0.275688395506653,-1.49470794337823,420.834401012101,555.836962665767,50.1264925911812,37.9516906959136,0.016154938885667,3.46102143865347,0.0161131636004939,0.0100744715220481,0,27.5388381460428,27.48048,3.68141548676982,59.0369274123147,2.18866228721642,3.70727675566646,1.4927531995534,-12.1578582418434,22.3292956421073,1.39987794468314,11.571315344947,-1.45164256657676,0.272025610286461,-1.49470794337823,430.323301433129,431.306078787879,0.00011798036752832,66.7747989044131,0.275688395506653,24.0986288965732,24.2712878787879,6.27772825144515e-06,99.9837600955542,0,0,1,0,47461,"-","-",0,0,0,0,"-","-",0,0,0,0.5,0,0,0,0,0,0,"-",0,0,0,0,0,0,0,0,1,"None","None","None","None","None","None","None","None","None","None","None","None","None","None","None","None","None","None","None","None","None","None","None","None","None","None","None","None","None","None","None","None","None","None",0,0,0,0,3.21,0.5,"0: Broadleaf",2,TRUE,1680383626.7,420.8344,419.9759,24.26939,24.09898,421.6005,24.00331,499.9766,90.08199,0.10001652,27.60015,27.48048,999.9,0,0,9988.507,0,0.242856,0.8583954,431.302,430.347,0.1704165,419.9759,24.09898,2.186235,2.170884,18.8618,18.74905,0,0,0,0,2.03663,0,-16.83682,-1.60374,34.6747,39.0122,37.2685,38.4997,36.0686,0,0,0,1680383605,0,2.08400384615385,-0.372413681751866,-6.3458495664384,-16.4076346153846,15,1680383177.5,16:06:17,1680383177.5,1680383174,2,-0.397,-0.016,-0.766,0.266,420,24,0.38,0.11,0.854399926829268,-0.0614443484320584,0.0330379536500808,1,0.161881487804878,0.00359843205574977,0.0132350146057987,1,2,2,"2/2",3.10322,2.75802,0.0884153,0.0882243,0.108985,0.109703,23495.6,23210,26314.5,25786.8,37624,35030,46036.3,42590.2,1.9117,1.9594,0.0667572,0,26.3916,999.9,56.6,29.4,25.8575,61.2002,25.8013,1,-0.0555437,-0.848837,20.2892,5.22193,11.98,4.96575,3.27515,9999,9999,9999,972.9,1.86447,1.8605,1.85868,1.8602,1.8602,1.85865,1.85773,1.85272,0,0,0,0,"00000000","iiiiiiii","off","off","off","off",0,100,100,-0.766,0.2661,-0.630052969734535,-0.00031176944202779,1.2440301916527e-08,-9.05175951632566e-11,0.266079999999999,0,0,0,2,1961,1,22,7.5,7.6,1.14136,2.61475,1.49658,2.39624,1.54907,2.38892,36.105,24.0612,18,487.786,535.808,27.5722,26.5294,29.9999,26.6269,26.5797,22.9538,7.63947,100,27.5848,420,24.1182,100.587,101.037,2
22,1680383634.5,1106.40000009537,2023-04-01 16:13:54,16:13:54,5,"sor_nut3_t2_ch2",1680383632,0.0002841384444816,0.284138444481601,-1.43646455892692,420.848889858238,545.800903005701,49.2238766623717,37.9548911220134,0.0166733710229424,3.46443735764176,0.0166289192064458,0.0103970583742603,0,27.5393676124307,27.4737333333333,3.67996219921397,59.0402720425691,2.18908705047276,3.70778618515577,1.49087514874121,-12.5305054016386,24.0503615661901,1.50625605660996,13.0261122211615,-1.4314962309995,0.283606831932115,-1.43646455892692,430.406600340642,431.348860606061,0.0005768626854529,66.7747989044131,0.284138444481601,24.0948697302449,24.2728690909091,4.7257303584163e-08,99.9837600955542,0,0,1,0,47558,"-","-",0,0,0,0,"-","-",0,0,0,0.5,0,0,0,0,0,0,"-",0,0,0,0,0,0,0,0,1,"None","None","None","None","None","None","None","None","None","None","None","None","None","None","None","None","None","None","None","None","None","None","None","None","None","None","None","None","None","None","None","None","None","None",0,0,0,0,3.21,0.5,"0: Broadleaf",2,TRUE,1680383632,420.848888888889,420.006444444444,24.2728888888889,24.0952222222222,421.614888888889,24.0067888888889,499.970222222222,90.0866333333333,0.0998731222222222,27.6025,27.4737333333333,999.9,0,0,10002.2155555556,0,0.242856,0.842447888888889,431.318222222222,430.376444444444,0.177655333333333,420.006444444444,24.0952222222222,2.18666333333333,2.17065888888889,18.8649222222222,18.7473777777778,0,0,0,0,2.17275555555556,0,-17.5619111111111,-1.67053333333333,34.6454444444444,38.9094444444444,37.0552222222222,38.3676666666667,36.104,0,0,0,1680383609.8,0,2.10215769230769,0.614717944600225,-7.17558633389424,-16.9575961538462,15,1680383177.5,16:06:17,1680383177.5,1680383174,2,-0.397,-0.016,-0.766,0.266,420,24,0.38,0.11,0.842032097560976,-0.0833179024390246,0.0399027190734403,1,0.161579146341463,0.119697135888502,0.0123292041710233,1,2,2,"2/2",3.10326,2.75811,0.0884303,0.0882088,0.108994,0.109705,23495.4,23210.5,26314.8,25786.9,37623.9,35030,46036.7,42590.3,1.91162,1.95947,0.0665262,0,26.3845,999.9,56.6,29.4,25.8557,60.8802,25.7171,1,-0.0561331,-0.84378,20.2893,5.22253,11.98,4.96565,3.27513,9999,9999,9999,972.9,1.86447,1.86049,1.85869,1.8602,1.86021,1.85867,1.85774,1.85272,0,0,0,0,"00000000","iiiiiiii","off","off","off","off",0,100,100,-0.766,0.2661,-0.630052969734535,-0.00031176944202779,1.2440301916527e-08,-9.05175951632566e-11,0.266079999999999,0,0,0,2,1961,1,22,7.6,7.7,1.14136,2.62329,1.49658,2.39624,1.54907,2.34375,36.105,24.0525,18,487.743,535.86,27.5879,26.5272,29.9999,26.6269,26.5797,22.9558,7.63947,100,27.6025,420,24.1182,100.588,101.038,2
23,1680383639.5,1111.40000009537,2023-04-01 16:13:59,16:13:59,5,"sor_nut3_t2_ch2",1680383636.7,0.00028844992014683,0.288449920146838,-1.54473473911408,420.877601041481,553.969317057187,49.9619666616639,37.95855117677,0.0169194337917975,3.46563764843407,0.0168736780199717,0.0105501493504517,0,27.5400906017567,27.47775,3.68082736196944,59.0389096273976,2.18924900965234,3.70814607429064,1.4915783523171,-12.7206414784755,23.6183757470302,1.47873069525245,12.3764649638071,-1.55957446991692,0.286380513673013,-1.54473473911408,430.308741449585,431.327254545454,-0.00047190987623293,66.7747989044131,0.288449920146838,24.0945387238188,24.2752036363636,4.33346126479133e-06,99.9837600955542,0,0,1,0,47578,"-","-",0,0,0,0,"-","-",0,0,0,0.5,0,0,0,0,0,0,"-",0,0,0,0,0,0,0,0,1,"None","None","None","None","None","None","None","None","None","None","None","None","None","None","None","None","None","None","None","None","None","None","None","None","None","None","None","None","None","None","None","None","None","None",0,0,0,0,3.21,0.5,"0: Broadleaf",2,TRUE,1680383636.7,420.8776,419.9537,24.274,24.0946,421.6437,24.00791,499.9815,90.08913,0.09992041,27.60416,27.47775,999.9,0,0,10006.938,0,0.242856,0.9239043,431.3482,430.322,0.1793878,419.9537,24.0946,2.186823,2.170662,18.86612,18.74741,0,0,0,0,2.08459,0,-18.10843,-1.69803,34.5997,38.8248,37.081,38.2623,36.0248,0,0,0,1680383614.6,0,2.09319230769231,0.127261544838297,-7.98671112087986,-17.50125,15,1680383177.5,16:06:17,1680383177.5,1680383174,2,-0.397,-0.016,-0.766,0.266,420,24,0.38,0.11,0.864547725,0.282161257035647,0.0598187077744026,0,0.1708897,0.0845533958724199,0.00858849661815151,1,1,2,"1/2",3.10315,2.75814,0.0884216,0.0882202,0.109004,0.109698,23495.8,23210.3,26315,25787.1,37624.1,35030.6,46037.5,42590.7,1.9117,1.95955,0.0673234,0,26.3789,999.9,56.6,29.4,25.8577,60.9202,25.8694,1,-0.0561052,-0.863932,20.2893,5.22223,11.98,4.9658,3.27525,9999,9999,9999,972.9,1.86447,1.8605,1.85867,1.8602,1.8602,1.85867,1.85771,1.85272,0,0,0,0,"00000000","iiiiiiii","off","off","off","off",0,100,100,-0.766,0.266,-0.630052969734535,-0.00031176944202779,1.2440301916527e-08,-9.05175951632566e-11,0.266079999999999,0,0,0,2,1961,1,22,7.7,7.8,1.14258,2.61963,1.49658,2.39502,1.54907,2.40601,36.105,24.0612,18,487.786,535.912,27.6032,26.5272,29.9999,26.6269,26.5797,22.9564,7.63947,100,27.618,420,24.1182,100.589,101.039,2
24,1680383644.5,1116.40000009537,2023-04-01 16:14:04,16:14:04,5,"sor_nut3_t2_ch2",1680383642,0.00029143135545329,0.291431355453297,-1.36571517400612,420.854223142554,535.911537472528,48.3335096434497,37.9565660196109,0.0170930594033376,3.46571298680165,0.0170463621417781,0.0106581611948244,0,27.5400919483301,27.4788333333333,3.68106073501303,59.0387881808295,2.18932927338209,3.70828965302677,1.49173146163094,-12.8521227754904,23.5402072975055,1.47381742188616,12.1619019439013,-1.41072007452234,0.292751558686915,-1.36571517400612,430.410932301344,431.3106,-0.00026294336637213,66.7747989044131,0.291431355453297,24.0912088411582,24.2737884848485,-3.97561853154223e-06,99.9837600955542,0,0,1,0,47600,"-","-",0,0,0,0,"-","-",0,0,0,0.5,0,0,0,0,0,0,"-",0,0,0,0,0,0,0,0,1,"None","None","None","None","None","None","None","None","None","None","None","None","None","None","None","None","None","None","None","None","None","None","None","None","None","None","None","None","None","None","None","None","None","None",0,0,0,0,3.21,0.5,"0: Broadleaf",2,TRUE,1680383642,420.854222222222,420.027666666667,24.2748111111111,24.0914333333333,421.620333333333,24.0087333333333,500.017333333333,90.0893666666666,0.0999766555555556,27.6048222222222,27.4788333333333,999.9,0,0,10007.2255555556,0,0.242856,0.826527888888889,431.324555555556,430.396777777778,0.183370444444444,420.027666666667,24.0914333333333,2.1869,2.17038333333333,18.8667,18.7453777777778,0,0,0,0,2.21532222222222,0,-18.5727333333333,-1.77011111111111,34.5134444444444,38.722,37.1317777777778,38.1386666666667,35.8606666666667,0,0,0,1680383620,0,2.147744,0.0380153886103702,-6.11839999715362,-18.15596,15,1680383177.5,16:06:17,1680383177.5,1680383174,2,-0.397,-0.016,-0.766,0.266,420,24,0.38,0.11,0.863471,-0.0307542648083632,0.0591887598273729,1,0.177372951219512,0.0499907456445993,0.00517585386829199,1,2,2,"2/2",3.1032,2.75818,0.0884158,0.0882202,0.108998,0.109686,23496,23210.3,26315.1,25787.1,37624.4,35031.2,46037.5,42590.9,1.9118,1.9596,0.0678524,0,26.3734,999.9,56.6,29.4,25.8609,61.2602,25.9415,1,-0.0561153,-0.868224,20.2893,5.22298,11.98,4.9658,3.27523,9999,9999,9999,972.9,1.86447,1.8605,1.85867,1.8602,1.8602,1.85867,1.85771,1.85272,0,0,0,0,"00000000","iiiiiiii","off","off","off","off",0,100,100,-0.766,0.2661,-0.630052969734535,-0.00031176944202779,1.2440301916527e-08,-9.05175951632566e-11,0.266079999999999,0,0,0,2,1961,1,22,7.8,7.8,1.14136,2.61963,1.49658,2.39502,1.54907,2.41211,36.105,24.0612,18,487.837,535.94,27.6198,26.5252,29.9999,26.626,26.5789,22.9557,7.63947,100,27.6328,420,24.1182,100.589,101.039,2
