"obs","time..2","elapsed","date","hhmmss..5","averaging","id","machine","TIME..9","E","Emm","A","Ca","Ci","Pci","Pca","gsw","gbw","gtw","gtc","Rabs","TleafEB","TleafCnd","SVPleaf","RHcham","VPcham","SVPcham","VPDleaf","LatHFlux","SenHFlux","NetTherm","EBSum","Asty","Esty","Adyn","Crd","Csd","dCsd/dt","αVc","Edyn","Hr","Hs","dHs/dt","αVh","Leak","LeakPct","CorrFact","CorrFactPct","Fan","Qin","Qabs","alpha","convert","S","K","Geometry","Custom","UseDynamic","TIME..59","CO2_s","CO2_r","H2O_s","H2O_r","CO2_a","H2O_a","Flow","Pa","ΔPcham","Tair","Tleaf","Tleaf2","Offset","Offset2","Fan_speed","Qamb_in","Qamb_out","ΔCO2","CO2_s_d","CO2_r_d","ΔH2O","CO2_b","H2O_b","e_s","e_r","Td_s","Td_r","Q","f_red","f_blue","f_farred","F","Q_modavg","F_dc","Pc","Tled","TDigital","TPreamp","TPwrSpy","TDrive","Q_red","Q_blue","Q_farred","TSPF","state","time..105","hhmmss..106","co2_t","h2o_t","count","co2_adj","h2o_adj","co2_match","h2o_match","co2_at","h2o_at","co2_cv","h2o_cv","ΔCO2:MN","ΔCO2:SLP","ΔCO2:SD","ΔCO2:OK","ΔH2O:MN","ΔH2O:SLP","ΔH2O:SD","ΔH2O:OK","Stable","Total","State","Vflow","VPchamber","abs_c_a","abs_c_b","abs_h_a","abs_h_b","Wc_s","Wc_r","Wco_s","Wco_r","Ww_s","Ww_r","Wwo_s","Wwo_r","Flow_s_v","Flow_r_v","Tleaf_mv","Tleaf2_mv","Tleaf_j","Tleaf2_j","Console_RH","Console_T","Console_H2O","Fan_%","Flow_%","Pump","Tchp_pwm","Txchg_pwm","diag_20v","diag_5_4v","diag_12v","diag_5va","diag_3_3vf","AccCO2_soda","AccH2O_des","AccH2O_hum","CO2_hrs","ADC_CH1","ADC_CH2","ADC_CH3","ADC_CH4","ADC_CH5","ADC_CH6","ADC_CH7","ADC_CH8","DAC_1","DAC_2","DAC_3","DAC_4","GPIO","GPIO_dir","excit_5v","power_12v","power_5v","ch1_pullup","AuxPower","MatchValveR","MatchValveS","MatchCO2","MatchH2O","cf_co2_a","cf_co2_b","cf_co2_c","cf_co2_d","cf_h2o_a","cf_h2o_b","cf_h2o_c","cf_h2o_d","co2_fit_low","co2_fit_high","h2o_fit_low","h2o_fit_high","co2_elapsed","h2o_elapsed","CO2_f","CO2_f_s","Pump_f","Pump_f_s","Pump_p","Pump_p_s","Tboard","V_system","DIAG","Flow_s","Flow_r","Txchg","Tirga","Tchopper","Ts","Tr","CO2_%","Desiccant_%","Humidifier_%","Txchg_sp","CO2_r_sp","H2O_r_sp","SS_s","SS_r","chamber"
1,1680901033.1,0,2023-04-07 15:57:13,15:57:13,5,"bou_cur7_t4_ch2","stan",1680901030.1,0.00021872095438945,0.21872095438945,-0.921194019844015,420.438000615271,523.160436635675,46.4973261973674,37.3675864828272,0.0127637156428278,3.42870081849368,0.0127373776116722,0.00796322279880096,0,20.2200712462286,20.0047090909091,2.34729748427437,35.5636959321881,0.848564587145834,2.38604162166906,1.49873289712854,-9.64559408857475,48.9192143493532,2.87258730565609,42.1462075664346,-0.928361487986705,0.218789900631906,-0.921194019844015,423.884240328591,424.48163030303,-8.81921396846151e-05,64.5191135663408,0.21872095438945,9.4085762069761,9.54763975757575,4.84233301647674e-07,99.5452940076924,1,0,1,0,48065,0,0,0,0,3.21,0.5,"0: Broadleaf",2,TRUE,1680901030.1,420.438,419.901090909091,9.54754727272727,9.40843636363636,422.002181818182,9.73507727272727,500.04,88.7777545454545,0.100002527272727,20.2693545454545,20.0047090909091,999.9,0,0,9999.09363636364,0,0.281038,0.537012181818182,424.490818181818,423.889181818182,0.139109909090909,419.901090909091,9.40843636363636,0.847609545454545,0.835259727272727,4.53066,4.32108636363636,0,0,0,0,2.366,0,-4.37695454545455,-0.8565,34.4656363636364,41.687,37.687,41.2781818181818,35.1757272727273,0,0,0,1680901043.3,0,1680900761.6,15:52:41,1680900761.6,1680900761.1,1,1.149,0.037,-1.563,-0.189,420,9,0.26,0.09,0.528228780487805,0.0400568153310102,0.0366792778791009,1,0.140077853658537,-0.00159564459930352,0.00104508917955279,1,2,2,"2/2",2.98271,2.71568,0.0928538,0.0916113,0.0542147,0.0523561,28773.3,28942.4,29481.8,29467.7,36946.6,37129.1,41513.3,41981.6,1.96693,1.85545,-0.0206418,0,20.3481,999.9,23.7,31.5,12.3918,62.2791,32.9247,1,-0.0237703,3.67135,20.3255,5.22822,12.0155,4.99215,3.28998,9999,9999,9999,999.9,1.86739,1.86646,1.86592,1.86584,1.86768,1.87016,1.86885,1.87027,0,0,0,0,"00000000","iiiiiiii","off","off","off","off",0,100,100,-1.564,-0.1875,-0.403901629065237,-0.00295030873952421,5.42316172937836e-07,-1.57551083476491e-10,-0.117000761569649,-0.0228142322802307,0.0019639150181598,-3.74554538372417e-05,5,2319,0,24,4.5,4.5,1.02661,2.22656,1.39648,2.34619,1.49536,2.45361,35.8711,24.0875,18,530.086,416.263,16.6184,26.9316,29.9999,27.0355,27.0045,20.5499,20.6323,28.117,16.6132,419.9,9.42446,100.798,100.836,2
2,1680901038.1,5,2023-04-07 15:57:18,15:57:18,5,"bou_cur7_t4_ch2","stan",1680901035.6,0.00021946624937776,0.219466249377761,-0.887761577414284,420.416111704567,518.669815194557,46.1007160682738,37.367672512328,0.0128012482932996,3.4285476775547,0.0127747541294167,0.00798659710963705,0,20.2186688686422,20.0103666666667,2.3481199522264,35.5680750114185,0.848604445611254,2.38585991887057,1.49951550661515,-9.67846159755926,47.6435014197471,2.79786439898176,40.7629042211695,-0.928812803634925,0.220727968713528,-0.887761577414284,423.874455704807,424.451084848485,-0.00028383751476041,64.5191135663408,0.219466249377761,9.40705043046884,9.54661096969696,-3.12286073142085e-06,99.5452940076924,1,0,1,0,48029,0,0,0,0,3.21,0.5,"0: Broadleaf",2,TRUE,1680901035.6,420.416111111111,419.879444444444,9.54747666666667,9.40713666666667,421.980333333333,9.73501111111111,500.051333333333,88.7825222222222,0.100066888888889,20.2681222222222,20.0103666666667,999.9,0,0,9997.91333333333,0,0.281038,0.536770222222222,424.469,423.866777777778,0.140342333333333,419.879444444444,9.40713666666667,0.847649333333333,0.835189222222222,4.53132666666667,4.31988222222222,0,0,0,0,2.34796666666667,0,-4.5625,-0.837377777777778,34.5,41.687,37.687,41.312,35.187,0,0,0,1680901048.1,0,1680900761.6,15:52:41,1680900761.6,1680900761.1,1,1.149,0.037,-1.563,-0.189,420,9,0.26,0.09,0.54108505,-0.0425857260787995,0.0371499735908049,1,0.1401009,-0.00189505440900579,0.00091292011698724,1,2,2,"2/2",2.98282,2.71579,0.0928588,0.0916334,0.0542165,0.0523589,28773.5,28941.9,29482.1,29467.9,36946.8,37129.3,41513.6,41982,1.96703,1.85535,-0.0206269,0,20.3476,999.9,23.7,31.5,12.3899,62.3191,32.508,1,-0.0240193,3.69945,20.3249,5.22807,12.015,4.99215,3.29,9999,9999,9999,999.9,1.86742,1.86646,1.86592,1.86584,1.86768,1.87014,1.86886,1.87027,0,0,0,0,"00000000","iiiiiiii","off","off","off","off",0,100,100,-1.564,-0.1875,-0.403901629065237,-0.00295030873952421,5.42316172937836e-07,-1.57551083476491e-10,-0.117000761569649,-0.0228142322802307,0.0019639150181598,-3.74554538372417e-05,5,2319,0,24,4.6,4.6,1.02661,2.23145,1.39648,2.34619,1.49536,2.50854,35.8711,24.0787,18,530.136,416.193,16.6132,26.9294,30.0001,27.0336,27.0029,20.5488,20.6323,28.117,16.6054,419.9,9.42446,100.799,100.837,2
3,1680901043.1,10,2023-04-07 15:57:23,15:57:23,5,"bou_cur7_t4_ch2","stan",1680901040.3,0.00021991378262381,0.219913782623813,-0.83189626078901,420.392500555445,511.432793035713,45.4603920690865,37.3679751443308,0.0128423980642181,3.42957543827551,0.0128157414593002,0.00801222874386105,0,20.2200798695039,19.99869,2.34642273834397,35.5621598326391,0.848541854967705,2.38608076382613,1.49788088337626,-9.69819781371015,50.0936757796992,2.94071619067691,43.336194156666,-0.830529002295887,0.219176999545999,-0.83189626078901,423.906823786261,424.445733333333,3.99842759487387e-05,64.5191135663408,0.219913782623813,9.40694990661122,9.54675654545454,2.30918173668236e-06,99.5452940076924,1,0,1,0,48069,0,0,0,0,3.21,0.5,"0: Broadleaf",2,TRUE,1680901040.3,420.3925,419.9185,9.546159,9.406804,421.9565,9.733697,500.048,88.78841,0.09989104,20.26962,19.99869,999.9,0,0,10001.568,0,0.281038,0.4740264,424.4444,423.906,0.1393555,419.9185,9.406804,0.8475882,0.8352151,4.530297,4.320323,0,0,0,0,2.30731,0,-4.41219,-0.85535,34.5,41.7311,37.687,41.3435,35.1933,0,0,0,1680901053.5,0,1680900761.6,15:52:41,1680900761.6,1680900761.1,1,1.149,0.037,-1.563,-0.189,420,9,0.26,0.09,0.516327585365854,-0.112383721254356,0.0395200741093506,0,0.139901853658537,-0.00429892682926793,0.00091268471731388,1,1,2,"1/2",2.98257,2.71552,0.0928566,0.0916425,0.0542164,0.0523591,28773.6,28941.8,29482.1,29468.1,36946.9,37129.5,41513.7,41982.2,1.9672,1.85565,-0.0211149,0,20.3464,999.9,23.7,31.5,12.3898,62.2391,32.8125,1,-0.0238592,3.70919,20.3244,5.22852,12.0156,4.992,3.28998,9999,9999,9999,999.9,1.8674,1.86646,1.86592,1.86584,1.86768,1.87016,1.86882,1.87027,0,0,0,0,"00000000","iiiiiiii","off","off","off","off",0,100,100,-1.564,-0.1875,-0.403901629065237,-0.00295030873952421,5.42316172937836e-07,-1.57551083476491e-10,-0.117000761569649,-0.0228142322802307,0.0019639150181598,-3.74554538372417e-05,5,2319,0,24,4.7,4.7,1.02539,2.2229,1.39648,2.34619,1.49536,2.51343,35.8711,24.0787,18,530.242,416.35,16.6045,26.928,30,27.0325,27.0006,20.5452,20.6323,28.117,16.5996,419.9,9.42446,100.799,100.837,2
4,1680901048.1,15,2023-04-07 15:57:28,15:57:28,5,"bou_cur7_t4_ch2","stan",1680901045.6,0.00022002181541601,0.220021815416019,-0.807099424905644,420.418111651223,508.369513403299,45.1881048458693,37.3702537377108,0.0128467171938559,3.4277395278849,0.0128200284209115,0.00801491097541027,0,20.2202660228369,20.0001666666667,2.34663731376617,35.5608655589825,0.848523324236436,2.38611549774862,1.49811398952973,-9.70296205984643,49.8375070452028,2.92727062021076,43.0618156055671,-0.821543421392796,0.219933571992439,-0.807099424905644,423.960750387213,424.482903030303,0.00018064361387769,64.5191135663408,0.220021815416019,9.4058433108508,9.54573436363636,-8.3232237868406e-07,99.5452940076924,1,0,1,0,47997,0,0,0,0,3.21,0.5,"0: Broadleaf",2,TRUE,1680901045.6,420.418111111111,419.950111111111,9.54595,9.40612111111111,421.982333333333,9.73348888888889,500.073666666667,88.7881555555556,0.1001504,20.2698555555556,20.0001666666667,999.9,0,0,9993.88444444444,0,0.281038,0.467949777777778,424.470111111111,423.937666666667,0.139827111111111,419.950111111111,9.40612111111111,0.847567444444444,0.835152222222222,4.52994555555556,4.31925111111111,0,0,0,0,2.21505555555556,0,-4.48068888888889,-0.868422222222222,34.5137777777778,41.75,37.722,41.375,35.236,0,0,0,1680901058.3,0,1680900761.6,15:52:41,1680900761.6,1680900761.1,1,1.149,0.037,-1.563,-0.189,420,9,0.26,0.09,0.504371414634146,-0.29529200696864,0.050748472726737,0,0.139635756097561,0.00147591637630665,0.00057595311379667,1,1,2,"1/2",2.98275,2.71568,0.0928654,0.0916259,0.0542158,0.0523538,28772.7,28942,29481.5,29467.7,36946,37129.2,41512.7,41981.7,1.96738,1.85572,-0.020694,0,20.3455,999.9,23.7,31.5,12.3908,62.3991,32.6883,1,-0.0241336,3.66197,20.3254,5.22852,12.0158,4.99215,3.29,9999,9999,9999,999.9,1.86739,1.86646,1.86588,1.86584,1.86768,1.87015,1.86886,1.87027,0,0,0,0,"00000000","iiiiiiii","off","off","off","off",0,100,100,-1.564,-0.1875,-0.403901629065237,-0.00295030873952421,5.42316172937836e-07,-1.57551083476491e-10,-0.117000761569649,-0.0228142322802307,0.0019639150181598,-3.74554538372417e-05,5,2319,0,24,4.8,4.8,1.02661,2.23022,1.39648,2.34619,1.49536,2.45483,35.8711,24.0787,18,530.345,416.386,16.6007,26.9269,30.0001,27.0309,26.9995,20.5483,20.6323,28.117,16.6093,419.9,9.42446,100.797,100.836,2
5,1680901053.1,20,2023-04-07 15:57:33,15:57:33,5,"bou_cur7_t4_ch2","stan",1680901050.3,0.00022182989938155,0.221829899381559,-0.943100920408719,420.421800629077,524.184287451629,46.5912456995431,37.3684902036695,0.0129501164047752,3.43053799276586,0.0129230188462329,0.00807931661377109,0,20.2202614845769,20.00127,2.34679765109452,35.5589387444287,0.848496457642482,2.3861692378978,1.49830119345204,-9.78269856272674,49.7415398293396,2.9192724579548,42.8781137245676,-0.927109732648346,0.221689384699159,-0.943100920408719,423.879503236311,424.489684848485,0.00020446697983891,64.5191135663408,0.221829899381559,9.40510656335178,9.5461456969697,-2.47149404287618e-07,99.5452940076924,1,0,1,0,48094,0,0,0,0,3.21,0.5,"0: Broadleaf",2,TRUE,1680901050.3,420.4218,419.8865,9.546182,9.405234,421.9859,9.73372,500.0636,88.7834,0.09993133,20.27022,20.00127,999.9,0,0,10006.177,0,0.281038,0.5352905,424.474,423.8731,0.1409484,419.8865,9.405234,0.8475426,0.8350284,4.529527,4.317139,0,0,0,0,2.20391,0,-4.50677,-0.85039,34.5558,41.7624,37.75,41.375,35.25,0,0,0,1680901063.1,0,1680900761.6,15:52:41,1680900761.6,1680900761.1,1,1.149,0.037,-1.563,-0.189,420,9,0.26,0.09,0.50466535,-0.0930583339587256,0.0497824162232761,1,0.14007935,0.00267019136960578,0.00065102287018199,1,2,2,"2/2",2.98248,2.71567,0.0928604,0.0916256,0.0542109,0.0523471,28773.6,28942.2,29482.3,29467.9,36947.4,37129.6,41514,41981.9,1.96697,1.85602,-0.0208057,0,20.3442,999.9,23.7,31.5,12.3912,62.1991,32.6562,1,-0.0242683,3.6663,20.3253,5.22897,12.0158,4.9922,3.29,9999,9999,9999,999.9,1.86741,1.86646,1.86587,1.86584,1.86768,1.87018,1.86885,1.87027,0,0,0,0,"00000000","iiiiiiii","off","off","off","off",0,100,100,-1.564,-0.1875,-0.403901629065237,-0.00295030873952421,5.42316172937836e-07,-1.57551083476491e-10,-0.117000761569649,-0.0228142322802307,0.0019639150181598,-3.74554538372417e-05,5,2319,0,24,4.9,4.9,1.02539,2.22412,1.39648,2.34619,1.49536,2.52686,35.8711,24.0875,18,530.057,416.548,16.6063,26.9248,30,27.0286,26.9978,20.547,20.6323,28.117,16.6062,419.9,9.42446,100.8,100.837,2
6,1680901058.1,25,2023-04-07 15:57:38,15:57:38,5,"bou_cur7_t4_ch2","stan",1680901055.6,0.00021771389649163,0.217713896491637,-0.834623620651794,420.404556113126,512.923101746801,45.5883579403377,37.3653542189153,0.0126991208302922,3.4303166486603,0.0126730606684642,0.00792299981677333,0,20.2205098908261,20.0082,2.34780494404253,35.555289335572,0.848373958152682,2.38606962285048,1.49943098588985,-9.60118283528121,48.331795246387,2.83680999216959,41.5674224032754,-0.838659031731968,0.219945839353435,-0.834623620651794,423.923003739123,424.463521212121,7.14359958698161e-05,64.5191135663408,0.217713896491637,9.40555590164164,9.54400775757576,-4.09146880328351e-06,99.5452940076924,1,0,1,0,48023,0,0,0,0,3.21,0.5,"0: Broadleaf",2,TRUE,1680901055.6,420.404555555556,419.925555555556,9.54521333333334,9.40537222222222,421.968777777778,9.73275777777778,500.058222222222,88.7794777777778,0.10004,20.2695444444444,20.0082,999.9,0,0,10005.6888888889,0,0.281038,0.478942888888889,424.456111111111,423.912888888889,0.139842222222222,419.925555555556,9.40537222222222,0.847419222222222,0.835004,4.52744555555556,4.31671666666667,0,0,0,0,2.26702222222222,0,-4.50648888888889,-0.883233333333333,34.562,41.7982222222222,37.75,41.437,35.25,0,0,0,1680901068.5,0,1680900761.6,15:52:41,1680900761.6,1680900761.1,1,1.149,0.037,-1.563,-0.189,420,9,0.26,0.09,0.489333707317073,0.117101017421603,0.040821832009919,0,0.140039731707317,0.0029515818815331,0.00078749925356186,1,1,2,"1/2",2.98277,2.71566,0.0928563,0.0916236,0.0542023,0.052348,28773.2,28942.4,29481.7,29468.1,36947.1,37129.7,41513.3,41982,1.9672,1.856,-0.0202879,0,20.3424,999.9,23.7,31.5,12.3924,62.2091,32.8846,1,-0.0242226,3.67491,20.3252,5.22837,12.0159,4.9924,3.28998,9999,9999,9999,999.9,1.86738,1.86646,1.86588,1.86584,1.86768,1.87017,1.86884,1.87027,0,0,0,0,"00000000","iiiiiiii","off","off","off","off",0,100,100,-1.564,-0.1875,-0.403901629065237,-0.00295030873952421,5.42316172937836e-07,-1.57551083476491e-10,-0.117000761569649,-0.0228142322802307,0.0019639150181598,-3.74554538372417e-05,5,2319,0,24,4.9,5,1.02539,2.23389,1.39648,2.34619,1.49536,2.3999,35.8944,24.0787,18,530.196,416.521,16.6057,26.9229,30,27.0273,26.9961,20.5472,20.6323,28.117,16.6044,419.9,9.42446,100.798,100.837,2
7,1680901063.1,30,2023-04-07 15:57:43,15:57:43,5,"bou_cur7_t4_ch2","stan",1680901060.3,0.00021843602663118,0.218436026631185,-0.956144529764374,420.426100639733,527.662351620726,46.895842810318,37.3652512224854,0.0127435065015773,3.42807339714637,0.0127172469206504,0.00795063408839376,0,20.2226524648246,20.00526,2.34737756138164,35.5461440038967,0.848278168037794,2.3864140311388,1.49909939334385,-9.63302877443528,49.2751867961819,2.89406552525335,42.536223547,-0.945021498324554,0.218426050378108,-0.956144529764374,423.860886110328,424.480472727273,6.97925004522302e-06,64.5191135663408,0.218436026631185,9.40598688075255,9.54486818181818,5.53748376783311e-07,99.5452940076924,1,0,1,0,47992,0,0,0,0,3.21,0.5,"0: Broadleaf",2,TRUE,1680901060.3,420.4261,419.8784,9.544651,9.405772,421.9901,9.732199,500.0435,88.77476,0.09995821,20.27188,20.00526,999.9,0,0,9996.795,0,0.281038,0.5474701,424.4775,423.8653,0.1388809,419.8784,9.405772,0.8473241,0.8349952,4.525845,4.316564,0,0,0,0,2.48676,0,-4.67082,-0.91787,34.562,41.812,37.7562,41.437,35.2562,0,0,0,1680901073.3,0,1680900761.6,15:52:41,1680900761.6,1680900761.1,1,1.149,0.037,-1.563,-0.189,420,9,0.26,0.09,0.502946048780488,0.237933595818815,0.0459394657629253,0,0.13997243902439,-0.00230059233449465,0.00084151167836136,1,1,2,"1/2",2.98272,2.71555,0.0928511,0.0916186,0.0541997,0.0523511,28773.4,28942.9,29481.7,29468.4,36946.8,37130,41512.9,41982.5,1.96685,1.85592,-0.0203587,0,20.3403,999.9,23.7,31.5,12.3926,62.2191,32.4079,1,-0.0242988,3.70154,20.3247,5.22867,12.0158,4.99235,3.29,9999,9999,9999,999.9,1.86739,1.86646,1.86587,1.86584,1.86768,1.87016,1.86877,1.87027,0,0,0,0,"00000000","iiiiiiii","off","off","off","off",0,100,100,-1.564,-0.1875,-0.403901629065237,-0.00295030873952421,5.42316172937836e-07,-1.57551083476491e-10,-0.117000761569649,-0.0228142322802307,0.0019639150181598,-3.74554538372417e-05,5,2319,0,24,5,5,1.02539,2.23267,1.39648,2.34619,1.49536,2.53296,35.8711,24.0875,18,529.952,416.461,16.603,26.9217,30,27.0262,26.9938,20.5462,20.6323,28.117,16.5967,419.9,9.42446,100.797,100.838,2
8,1680901068.1,35,2023-04-07 15:57:48,15:57:48,5,"bou_cur7_t4_ch2","stan",1680901065.6,0.00022057476519847,0.220574765198478,-0.913954026954585,420.438778388484,521.328333766731,46.332219551344,37.3658221248922,0.0128700687742467,3.43005750690631,0.0128433010583038,0.00802946344742842,0,20.2227287550967,20.0044666666667,2.34726224758183,35.5486075338187,0.848364801641574,2.38649235651352,1.49889744594026,-9.72734714525289,49.5486243603541,2.90843800334067,42.7297152184419,-0.93554435835082,0.219456614613758,-0.913954026954585,423.883200803275,424.476206060606,-0.00015546142706786,64.5191135663408,0.220574765198478,9.40605507286851,9.54628648484848,1.76450249934773e-06,99.5452940076924,1,0,1,0,48014,0,0,0,0,3.21,0.5,"0: Broadleaf",2,TRUE,1680901065.6,420.438777777778,419.897444444444,9.54576777777778,9.40623444444444,422.003,9.73330888888889,500.046222222222,88.7734333333333,0.0999628555555556,20.2724111111111,20.0044666666667,999.9,0,0,10005.2811111111,0,0.281038,0.541429333333333,424.490888888889,423.884555555556,0.139533222222222,419.897444444444,9.40623444444444,0.847410555555556,0.835023444444444,4.5273,4.31705222222222,0,0,0,0,2.14002222222222,0,-4.61021111111111,-0.880966666666667,34.562,41.812,37.812,41.486,35.312,0,0,0,1680901078.1,0,1680900761.6,15:52:41,1680900761.6,1680900761.1,1,1.149,0.037,-1.563,-0.189,420,9,0.26,0.09,0.52898485,0.0605528555347093,0.0312021916542332,1,0.139833425,-0.00720512195121986,0.00101535523063359,1,2,2,"2/2",2.9826,2.7157,0.0928479,0.0916194,0.054206,0.0523484,28773.8,28942.7,29482,29468.2,36947.1,37130,41513.5,41982.3,1.96697,1.85562,-0.0201128,0,20.339,999.9,23.7,31.5,12.3929,62.2291,32.9287,1,-0.0243343,3.71574,20.3243,5.22852,12.0159,4.99225,3.28998,9999,9999,9999,999.9,1.86739,1.86646,1.86588,1.86584,1.86768,1.87017,1.86881,1.87027,0,0,0,0,"00000000","iiiiiiii","off","off","off","off",0,100,100,-1.564,-0.1875,-0.403901629065237,-0.00295030873952421,5.42316172937836e-07,-1.57551083476491e-10,-0.117000761569649,-0.0228142322802307,0.0019639150181598,-3.74554538372417e-05,5,2319,0,24,5.1,5.1,1.02539,2.22412,1.39648,2.34619,1.49536,2.48169,35.8944,24.0875,18,530.016,416.282,16.5965,26.9202,30,27.0241,26.9932,20.5462,20.6323,28.117,16.592,419.9,9.42446,100.799,100.838,2
9,1680901073.1,40,2023-04-07 15:57:53,15:57:53,5,"bou_cur7_t4_ch2","stan",1680901070.3,0.00021872311480981,0.218723114809818,-0.90591027843016,420.427300606624,521.317895575717,46.3311316056771,37.3646728039397,0.0127558522515475,3.42715265195345,0.0127295347699179,0.0079583191807228,0,20.2212152203179,20.00884,2.34789798876003,35.55046865101,0.848310073735621,2.38621347601143,1.49958791502441,-9.64568936311298,48.3492145990866,2.84047582302201,41.5440010589956,-0.9045826116183,0.218880278802309,-0.90591027843016,423.90751060485,424.493860606061,0.00014819628638222,64.5191135663408,0.218723114809818,9.40584541535179,9.54491290909091,-6.04586397217555e-07,99.5452940076924,1,0,1,0,47970,0,0,0,0,3.21,0.5,"0: Broadleaf",2,TRUE,1680901070.3,420.4273,419.9057,9.545185,9.406022,421.9916,9.73273,500.0605,88.77303,0.10005876,20.27052,20.00884,999.9,0,0,9993.122,0,0.281038,0.5215301,424.4789,423.893,0.1391618,419.9057,9.406022,0.8473551,0.8350014,4.526367,4.316671,0,0,0,0,2.40156,0,-4.73941,-0.87965,34.5809,41.8435,37.812,41.5,35.312,0,0,0,1680901083.5,0,1680900761.6,15:52:41,1680900761.6,1680900761.1,1,1.149,0.037,-1.563,-0.189,420,9,0.26,0.09,0.522663125,0.0794493996247664,0.0345524027400321,1,0.139417175,-0.00346274296435251,0.00080925465360107,1,2,2,"2/2",2.98279,2.7156,0.0928513,0.0916105,0.0542026,0.0523483,28773,28942.7,29481.3,29467.9,36946.4,37129.6,41512.5,41981.9,1.96712,1.85555,-0.019975,0,20.3377,999.9,23.7,31.5,12.3917,62.3291,32.5321,1,-0.0243648,3.72247,20.3241,5.22897,12.0159,4.9922,3.28998,9999,9999,9999,999.9,1.8674,1.86646,1.86587,1.86584,1.86768,1.87017,1.86882,1.87027,0,0,0,0,"00000000","iiiiiiii","off","off","off","off",0,100,100,-1.564,-0.1875,-0.403901629065237,-0.00295030873952421,5.42316172937836e-07,-1.57551083476491e-10,-0.117000761569649,-0.0228142322802307,0.0019639150181598,-3.74554538372417e-05,5,2319,0,24,5.2,5.2,1.02661,2.23511,1.39648,2.34619,1.49536,2.48047,35.8711,24.0875,18,530.099,416.227,16.5894,26.9183,29.9999,27.0222,26.9915,20.5489,20.6323,28.117,16.5853,419.9,9.42446,100.796,100.837,2
10,1680901078.1,45,2023-04-07 15:57:58,15:57:58,5,"bou_cur7_t4_ch2","stan",1680901075.6,0.00021982098620242,0.219820986202428,-0.858510850278536,420.402000573631,514.823898128397,45.7561069419949,37.3641529983487,0.0128286265553168,3.42878591486533,0.012802020914907,0.00800364883741982,0,20.2203144553429,20.0022666666667,2.34694249578531,35.5507689949039,0.848281826091517,2.3861138593461,1.49866066969379,-9.69410549152705,49.4624763525015,2.90438712776318,42.6727579887376,-0.904420006846833,0.219092746118484,-0.858510850278536,423.888570042774,424.445327272727,-9.04752149501161e-05,64.5191135663408,0.219820986202428,9.4048500163685,9.54460806060606,5.29100565791567e-07,99.5452940076924,1,0,1,0,48044,0,0,0,0,3.21,0.5,"0: Broadleaf",2,TRUE,1680901075.6,420.402,419.880555555556,9.54442555555556,9.40512666666667,421.966,9.73197444444444,500.058,88.7772222222222,0.0999785222222222,20.2698444444444,20.0022666666667,999.9,0,0,9999.51111111111,0,0.281038,0.521565777777778,424.453222222222,423.867111111111,0.139298555555556,419.880555555556,9.40512666666667,0.847327666666667,0.834961,4.52590222222222,4.31598111111111,0,0,0,0,2.21547777777778,0,-4.89775555555556,-0.893766666666667,34.625,41.875,37.812,41.5068888888889,35.312,0,0,0,1680901088.3,0,1680900761.6,15:52:41,1680900761.6,1680900761.1,1,1.149,0.037,-1.563,-0.189,420,9,0.26,0.09,0.533385487804878,-0.0725234006968622,0.0326848789914981,1,0.139177146341463,0.00130298257839735,0.00049496728450526,1,2,2,"2/2",2.98256,2.71564,0.0928499,0.0916177,0.054206,0.0523471,28773.7,28942.6,29482,29468,36947.1,37129.8,41513.5,41982.1,1.96732,1.85578,-0.0204891,0,20.3377,999.9,23.7,31.5,12.3917,62.3091,32.8486,1,-0.0247891,3.73088,20.3239,5.22897,12.0159,4.99245,3.28995,9999,9999,9999,999.9,1.86741,1.86646,1.86588,1.86584,1.86768,1.87019,1.86887,1.87027,0,0,0,0,"00000000","iiiiiiii","off","off","off","off",0,100,100,-1.564,-0.1875,-0.403901629065237,-0.00295030873952421,5.42316172937836e-07,-1.57551083476491e-10,-0.117000761569649,-0.0228142322802307,0.0019639150181598,-3.74554538372417e-05,5,2319,0,24,5.3,5.3,1.02539,2.22778,1.39648,2.34497,1.49536,2.5,35.8711,24.0875,18,530.222,416.341,16.582,26.9178,30,27.0211,26.9893,20.5501,20.6323,28.117,16.5777,419.9,9.42446,100.799,100.837,2
11,1680901083.1,50,2023-04-07 15:58:03,15:58:03,5,"bou_cur7_t4_ch2","stan",1680901080.3,0.00022112230668702,0.221122306687026,-0.908970517502833,420.39640060826,520.341292147221,46.2464349687994,37.3636209450518,0.0129095677681847,3.42788599250887,0.0128826186597482,0.00805405319674868,0,20.2212644798612,19.99865,2.34641692615635,35.549320509581,0.848313081628773,2.38629900506859,1.49810384452758,-9.75149372489785,50.3499014641861,2.95723630395062,43.5556440432389,-0.90113475246909,0.220321787042097,-0.908970517502833,423.859869065356,424.448878787879,3.41374036698888e-06,64.5191135663408,0.221122306687026,9.40454513680862,9.54512648484848,9.06677012688115e-07,99.5452940076924,1,0,1,0,47990,0,0,0,0,3.21,0.5,"0: Broadleaf",2,TRUE,1680901080.3,420.3964,419.8774,9.544786,9.404707,421.9604,9.732331,500.0625,88.77712,0.09999905,20.2711,19.99865,999.9,0,0,9995.742,0,0.281038,0.5189635,424.4477,423.8639,0.1400805,419.8774,9.404707,0.8473585,0.8349225,4.526422,4.315322,0,0,0,0,2.35728,0,-4.87986,-0.95018,34.625,41.875,37.8435,41.562,35.312,0,0,0,1680901093.1,0,1680900761.6,15:52:41,1680900761.6,1680900761.1,1,1.149,0.037,-1.563,-0.189,420,9,0.26,0.09,0.528514825,-0.070777362101314,0.0338462758164672,1,0.139439675,0.00341181613508398,0.00062032755006931,1,2,2,"2/2",2.9828,2.71564,0.0928493,0.091626,0.0542035,0.052344,28773.2,28942.2,29481.5,29467.9,36946.6,37129.7,41512.8,41981.8,1.96732,1.85572,-0.0208616,0,20.3377,999.9,23.7,31.5,12.3914,62.3491,32.6322,1,-0.024779,3.71219,20.3243,5.22882,12.0156,4.992,3.29,9999,9999,9999,999.9,1.86744,1.86646,1.86589,1.86584,1.86768,1.87021,1.86887,1.87027,0,0,0,0,"00000000","iiiiiiii","off","off","off","off",0,100,100,-1.564,-0.1875,-0.403901629065237,-0.00295030873952421,5.42316172937836e-07,-1.57551083476491e-10,-0.117000761569649,-0.0228142322802307,0.0019639150181598,-3.74554538372417e-05,5,2319,0,24,5.4,5.4,1.02661,2.23511,1.39648,2.34497,1.49536,2.46582,35.8944,24.0875,18,530.207,416.299,16.5755,26.9156,30.0001,27.0194,26.9876,20.5486,20.6323,28.117,16.5773,419.9,9.42446,100.797,100.836,2
12,1680901088.1,55,2023-04-07 15:58:08,15:58:08,5,"bou_cur7_t4_ch2","stan",1680901085.6,0.00021968193428018,0.219681934280181,-0.900092765436403,420.435445045301,520.021698549812,46.216225054153,37.3656314787321,0.0128244086099605,3.42936852669622,0.0127978249494491,0.00800102439031928,0,20.2228315762529,19.9986222222222,2.34641288992238,35.5446413017966,0.848265488268274,2.38647924750727,1.4981474016541,-9.68797330175598,50.6027825522778,2.97082226135675,43.8856315118786,-0.886792514952441,0.220013338154311,-0.900092765436403,423.921732001072,424.504266666667,0.0001615405891564,64.5191135663408,0.219681934280181,9.40493485503773,9.54461266666667,-1.02688057266389e-07,99.5452940076924,1,0,1,0,48075,0,0,0,0,3.21,0.5,"0: Broadleaf",2,TRUE,1680901085.6,420.435444444444,419.925555555556,9.54462333333333,9.40473555555555,421.999777777778,9.73217,500.045111111111,88.7737222222222,0.0999251333333333,20.2723222222222,19.9986222222222,999.9,0,0,10002.3533333333,0,0.281038,0.509989333333333,424.487111111111,423.912111111111,0.139887666666667,419.925555555556,9.40473555555555,0.847311666666667,0.834893555555556,4.52563555555556,4.31482888888889,0,0,0,0,2.3065,0,-4.80394444444444,-0.944255555555555,34.625,41.937,37.875,41.562,35.361,0,0,0,1680901098.5,0,1680900761.6,15:52:41,1680900761.6,1680900761.1,1,1.149,0.037,-1.563,-0.189,420,9,0.26,0.09,0.5172195,-0.0688574634146355,0.0357969850497217,1,0.13964305,0.00331794371482178,0.00056445694919985,1,2,2,"2/2",2.98268,2.71561,0.0928596,0.0916179,0.0542024,0.0523464,28773,28942.4,29481.5,29467.8,36946.6,37129.5,41512.8,41981.7,1.96732,1.85565,-0.0203252,0,20.3377,999.9,23.7,31.5,12.3919,62.2691,32.7444,1,-0.0249238,3.65119,20.3257,5.22897,12.0158,4.99275,3.29,9999,9999,9999,999.9,1.86742,1.86648,1.86591,1.86584,1.86768,1.87021,1.86885,1.87027,0,0,0,0,"00000000","iiiiiiii","off","off","off","off",0,100,100,-1.564,-0.1875,-0.403901629065237,-0.00295030873952421,5.42316172937836e-07,-1.57551083476491e-10,-0.117000761569649,-0.0228142322802307,0.0019639150181598,-3.74554538372417e-05,5,2319,0,24,5.4,5.5,1.02539,2.22412,1.39648,2.34619,1.49536,2.51587,35.8711,24.0875,18,530.187,416.248,16.5774,26.9138,30,27.0173,26.9864,20.5486,20.6323,28.117,16.5905,419.9,9.42446,100.797,100.836,2
13,1680902378.5,1345.40000009537,2023-04-07 16:19:38,16:19:38,5,"bou_cur7_t4_ch2","stan",1680902375.5,0.00025082806640581,0.250828066405811,-1.50909995586659,420.797819217377,574.728247769168,51.0732629542735,37.3942254533237,0.0144170813959104,3.42642553172041,0.0143834653978948,0.00899267954796509,0,27.6955014746209,27.4952909090909,3.68460763535663,58.4477967258512,2.18611048393814,3.74027868696586,1.49849715141848,-11.0615177284962,47.3854374073626,3.00319740626596,39.3271170851323,-1.47178143366454,0.249608583112885,-1.50909995586659,430.450267025083,431.438581818182,0.00103676467202417,63.9416580134523,0.250828066405811,24.4427837313682,24.5998412121212,-3.98789781082017e-07,103.185577570695,1,0,1,0,46821,0,0,0,0,3.21,0.5,"0: Broadleaf",2,TRUE,1680902375.5,420.797818181818,419.920454545455,24.6003363636364,24.4440454545455,422.432818181818,24.6501,500.05,88.7650636363636,0.100001118181818,27.7518090909091,27.4952909090909,999.9,0,0,9990.96454545455,0,0.281038,0.877338818181818,431.410727272727,430.442272727273,0.156284363636364,419.920454545455,24.4440454545455,2.18365,2.16977818181818,18.8428636363636,18.7409,0,0,0,0,2.42769090909091,0,-4.53170909090909,-0.900363636363636,35.0963636363636,41.187,37.7612727272727,40.9200909090909,36.25,0,0,0,1680902389.1,0,1680901627.1,16:07:07,1680901627.1,1680901625.6,2,-0.07,-0.007,-1.634,-0.054,421,25,0.33,0.16,0.915737292682927,-0.330496076655051,0.046691812426489,0,0.150972487804878,0.0477862160278745,0.00485358202207124,1,1,2,"1/2",2.98148,2.71564,0.0928921,0.0915854,0.107008,0.104593,28730.6,28910.9,29444.4,29438.3,34819.2,35022.2,41461.1,41937.3,1.95793,1.87768,0.0533201,0,26.6176,999.9,48.6,31,24.7015,62.6294,31.903,1,0.024408,-0.351443,20.3605,5.22642,12.0104,4.9913,3.28998,9999,9999,9999,999.9,1.86746,1.86648,1.86594,1.86588,1.86769,1.87026,1.86886,1.87028,0,0,0,0,"00000000","iiiiiiii","off","off","off","off",0,100,100,-1.635,-0.0498,-0.473650114855386,-0.00295030873952421,5.42316172937836e-07,-1.57551083476491e-10,-0.119710439042648,-0.0228142322802307,0.0019639150181598,-3.74554538372417e-05,5,2319,0,24,12.5,12.5,1.0376,2.23511,1.39648,2.35107,1.49536,2.41577,36.0816,24.0963,18,530.461,434.423,27.3207,27.764,29.9999,27.743,27.6847,20.7713,4.11284,100,27.3205,419.9,24.5318,100.671,100.732,2
14,1680902383.5,1350.40000009537,2023-04-07 16:19:43,16:19:43,5,"bou_cur7_t4_ch2","stan",1680902381,0.00023068218657754,0.230682186577542,-1.59010732732015,420.863889977191,598.886780979366,53.2197353541571,37.3998317479626,0.013258473570803,3.43059290310965,0.0132300721821649,0.00827134174577628,0,27.7020185312388,27.4941777777778,3.68436764175052,58.44061082138,2.1860887954493,3.74070148262301,1.49827884630121,-10.1730844280696,48.0068873400459,3.03890015142284,40.8727030633991,-1.12956891996951,0.231573184734918,-1.59010732732015,430.616366083743,431.546072727273,0.0257084861680969,63.9416580134523,0.230682186577542,24.4578414126352,24.6022618181818,2.92264367739082e-06,103.185577570695,1,0,1,0,46861,0,0,0,0,3.21,0.5,"0: Broadleaf",2,TRUE,1680902381,420.863888888889,420.201333333333,24.6002666666667,24.4552666666667,422.499333333333,24.6500444444444,500.043666666667,88.7645444444444,0.0998904444444444,27.7537444444444,27.4941777777778,999.9,0,0,10008.5333333333,0,0.281038,0.662614666666667,431.478444444445,430.735,0.145008444444444,420.201333333333,24.4552666666667,2.18363222222222,2.17076222222222,18.8427444444444,18.7481444444444,0,0,0,0,2.24597777777778,0,-4.46116666666667,-0.933855555555556,35.125,41.25,37.812,40.993,36.2775555555556,0,0,0,1680902393.9,0,1680901627.1,16:07:07,1680901627.1,1680901625.6,2,-0.07,-0.007,-1.634,-0.054,421,25,0.33,0.16,0.881938682926829,-0.623551337979093,0.100141676939307,0,0.151404780487805,0.00393311498257871,0.00449345245349435,1,1,2,"1/2",2.98148,2.71561,0.0929128,0.0917131,0.107022,0.104626,28729.8,28906.7,29444.3,29438.2,34818.2,35021,41460.6,41937.5,1.95812,1.87787,0.0539497,0,26.6119,999.9,48.6,31,24.7006,62.6694,31.9912,1,0.0244055,-0.363342,20.3606,5.22687,12.0102,4.9916,3.29,9999,9999,9999,999.9,1.86749,1.86647,1.86594,1.86584,1.86768,1.87021,1.86884,1.87027,0,0,0,0,"00000000","iiiiiiii","off","off","off","off",0,100,100,-1.635,-0.0498,-0.473650114855386,-0.00295030873952421,5.42316172937836e-07,-1.57551083476491e-10,-0.119710439042648,-0.0228142322802307,0.0019639150181598,-3.74554538372417e-05,5,2319,0,24,12.6,12.6,1.03516,2.22778,1.39648,2.34985,1.49536,2.45605,36.0816,24.105,18,530.595,434.546,27.3202,27.764,29.9999,27.743,27.685,20.7415,4.11284,100,27.3222,419.9,24.5318,100.67,100.732,2
15,1680902388.5,1355.40000009537,2023-04-07 16:19:48,16:19:48,5,"bou_cur7_t4_ch2","stan",1680902385.7,0.00024047235522764,0.240472355227644,-1.53962523604791,421.074401056765,585.585738963737,52.0389511950433,37.4194054739984,0.0138233322096429,3.42765792513279,0.0137924359410417,0.00862304256170984,0,27.7011954642783,27.49589,3.68473680634646,58.4474268879729,2.18652452301755,3.74101075006859,1.49821228332891,-10.6048308655391,47.9109943728745,3.0354742708007,40.3416377781361,-1.40248493654577,0.238209760179964,-1.53962523604791,430.818396564735,431.733321212121,0.0216380052125121,63.9416580134523,0.240472355227644,24.454177330197,24.6047472727273,-4.49254232469403e-07,103.185577570695,1,0,1,0,46786,0,0,0,0,3.21,0.5,"0: Broadleaf",2,TRUE,1680902385.7,421.0744,420.2385,24.6046,24.45545,422.7102,24.65434,500.0599,88.7664,0.10009338,27.75516,27.49589,999.9,0,0,9995.991,0,0.281038,0.8361813,431.6962,430.7732,0.149155,420.2385,24.45545,2.184062,2.170822,18.8459,18.74859,0,0,0,0,2.32575,0,-4.52066,-0.93157,35.125,41.2872,37.8372,41.0496,36.312,0,0,0,1680902398.7,0,1680901627.1,16:07:07,1680901627.1,1680901625.6,2,-0.07,-0.007,-1.634,-0.054,421,25,0.33,0.16,0.820654073170732,-0.248031449477352,0.232828151169996,0,0.151469268292683,-0.0272181114982578,0.00466772690291689,1,1,2,"1/2",2.98161,2.71559,0.0929402,0.0915616,0.10703,0.104615,28729,28911.7,29444.3,29438.4,34817.8,35021.7,41460.5,41937.8,1.95842,1.87768,0.0544637,0,26.6083,999.9,48.6,31,24.7,62.7694,32.0192,1,0.0239634,-0.377544,20.3604,5.22702,12.0105,4.99145,3.29,9999,9999,9999,999.9,1.86747,1.86648,1.86596,1.86586,1.86773,1.87024,1.86884,1.87027,0,0,0,0,"00000000","iiiiiiii","off","off","off","off",0,100,100,-1.636,-0.0497,-0.473650114855386,-0.00295030873952421,5.42316172937836e-07,-1.57551083476491e-10,-0.119710439042648,-0.0228142322802307,0.0019639150181598,-3.74554538372417e-05,5,2319,0,24,12.7,12.7,1.03638,2.22778,1.39648,2.35107,1.49536,2.50732,36.0816,24.0963,18,530.796,434.426,27.3228,27.764,30.0001,27.743,27.685,20.7524,3.83729,100,27.326,419.9,24.5318,100.67,100.733,2
16,1680902393.5,1360.40000009537,2023-04-07 16:19:53,16:19:53,5,"bou_cur7_t4_ch2","stan",1680902391,0.00023663815539283,0.236638155392835,-1.44826745563322,420.973000995176,577.817918213253,51.3490694190973,37.4106983710551,0.0135940772012634,3.42658529595238,0.0135641867142077,0.0084802967087009,0,27.7046914628227,27.5001,3.68564464293366,58.4379028935344,2.18650674196482,3.74159001897848,1.49913790096884,-10.435742652824,47.6080215314457,3.01732644035051,40.1896053189722,-1.93175798888097,0.237111235479089,-1.44826745563322,430.310728196067,431.493436363636,-0.0506258430692166,63.9416580134523,0.236638155392835,24.4568086869329,24.6049709090909,1.10756155934628e-06,103.185577570695,1,0,1,0,46755,0,0,0,0,3.21,0.5,"0: Broadleaf",2,TRUE,1680902391,420.973,419.797,24.6042,24.4557333333333,422.608555555556,24.6539444444444,500.045,88.7672555555556,0.0999598777777778,27.7578111111111,27.5001,999.9,0,0,9991.38888888889,0,0.281038,1.17590333333333,431.591888888889,430.320777777778,0.148461111111111,419.797,24.4557333333333,2.18404888888889,2.17087,18.8457666666667,18.7489333333333,0,0,0,0,2.43526666666667,0,-4.53656666666667,-1.00161111111111,35.1801111111111,41.34,37.875,41.104,36.312,0,0,0,1680902404.1,0,1680901627.1,16:07:07,1680901627.1,1680901625.6,2,-0.07,-0.007,-1.634,-0.054,421,25,0.33,0.16,0.895905175,1.2185046641651,0.294984645101562,0,0.1502728,-0.0234801726078802,0.00455246450947176,1,1,2,"1/2",2.98172,2.71551,0.0928992,0.0915819,0.107029,0.104631,28729.9,28910.9,29443.9,29438.2,34817.8,35020.9,41460.4,41937.6,1.95825,1.87777,0.0549704,0,26.606,999.9,48.6,31,24.6984,62.8694,32.0112,1,0.0239787,-0.380458,20.3603,5.22672,12.0105,4.9913,3.29,9999,9999,9999,999.9,1.8675,1.8665,1.86595,1.86586,1.8677,1.87024,1.86886,1.87027,0,0,0,0,"00000000","iiiiiiii","off","off","off","off",0,100,100,-1.635,-0.0497,-0.473650114855386,-0.00295030873952421,5.42316172937836e-07,-1.57551083476491e-10,-0.119710439042648,-0.0228142322802307,0.0019639150181598,-3.74554538372417e-05,5,2319,0,24,12.8,12.8,1.03638,2.22534,1.39648,2.34985,1.49536,2.51221,36.0816,24.0963,18,530.679,434.486,27.3258,27.7619,30.0001,27.743,27.685,20.7522,3.83729,100,27.3277,419.9,24.5318,100.669,100.732,2
17,1680902398.5,1365.40000009537,2023-04-07 16:19:58,16:19:58,5,"bou_cur7_t4_ch2","stan",1680902395.7,0.00024014149907487,0.240141499074874,-1.64313812017938,420.861301126463,597.555039343215,53.1029998337277,37.4007348817696,0.0137980352421681,3.4293584056767,0.0137672670431997,0.00860730053134291,0,27.7067950167844,27.49992,3.68560582407369,58.4338223891655,2.1867178580651,3.7422125896569,1.49888796600858,-10.5902401092019,48.2065421374501,3.05282986341117,40.6691318916594,-1.62257365546174,0.237110560123049,-1.64313812017938,430.396315084952,431.476018181818,0.00033041590292121,63.9416580134523,0.240141499074874,24.4577964540197,24.6081412121212,1.7401075622382e-06,103.185577570695,1,0,1,0,46809,0,0,0,0,3.21,0.5,"0: Broadleaf",2,TRUE,1680902395.7,420.8613,419.8838,24.6066,24.45814,422.4965,24.65635,500.0648,88.7671,0.10002744,27.76066,27.49992,999.9,0,0,10003.057,0,0.281038,0.977239,431.4784,430.411,0.1484728,419.8838,24.45814,2.184259,2.171078,18.84732,18.75049,0,0,0,0,2.39521,0,-4.37549,-1.02865,35.187,41.3874,37.875,41.1746,36.3624,0,0,0,1680902408.9,0,1680901627.1,16:07:07,1680901627.1,1680901625.6,2,-0.07,-0.007,-1.634,-0.054,421,25,0.33,0.16,0.9244297,1.3589173283302,0.297071062802337,0,0.148133225,0.00422500187617236,0.00285392664137938,1,1,2,"1/2",2.98158,2.7157,0.0928963,0.0915946,0.107036,0.104621,28730.1,28910.9,29444,29438.6,34817.4,35021.7,41460.3,41938,1.95835,1.878,0.0548959,0,26.6043,999.9,48.6,31,24.7018,62.6394,31.9792,1,0.0240396,-0.361307,20.3604,5.22717,12.0102,4.9915,3.28998,9999,9999,9999,999.9,1.86752,1.86648,1.866,1.86587,1.8677,1.87026,1.86888,1.87029,0,0,0,0,"00000000","iiiiiiii","off","off","off","off",0,100,100,-1.636,-0.0497,-0.473650114855386,-0.00295030873952421,5.42316172937836e-07,-1.57551083476491e-10,-0.119710439042648,-0.0228142322802307,0.0019639150181598,-3.74554538372417e-05,5,2319,0,24,12.9,12.9,1.03638,2.22534,1.39648,2.34985,1.49536,2.5061,36.0816,24.0963,18,530.746,434.622,27.3271,27.7617,30.0001,27.743,27.685,20.7504,3.83729,100,27.3243,419.9,24.5318,100.669,100.733,2
18,1680902403.5,1370.40000009537,2023-04-07 16:20:03,16:20:03,5,"bou_cur7_t4_ch2","stan",1680902401,0.00024683906958809,0.246839069588091,-1.53752109067902,420.846889942311,580.608213296325,51.5954920199556,37.3983726967354,0.0141882227541592,3.4274704829903,0.0141556741353563,0.00885021442008887,0,27.7073041062722,27.4976666666667,3.68511989964672,58.4275196510347,2.1867425004872,3.7426584485321,1.49837739915951,-10.8856029688348,48.9733333928841,3.10309434156404,41.1908247656133,-1.59069249542608,0.245887774929434,-1.53752109067902,430.408079746367,431.431945454545,-0.00268133796620998,63.9416580134523,0.246839069588091,24.4527329930812,24.6072878787879,-4.99464723554004e-07,103.185577570695,1,0,1,0,46873,0,0,0,0,3.21,0.5,"0: Broadleaf",2,TRUE,1680902401,420.846888888889,419.892222222222,24.6075888888889,24.4536333333333,422.482111111111,24.6573333333333,500.064444444445,88.7644777777778,0.100079833333333,27.7627,27.4976666666667,999.9,0,0,9995.42,0,0.281038,0.954800222222222,431.464333333333,430.417444444444,0.153957444444444,419.892222222222,24.4536333333333,2.18427888888889,2.17061333333333,18.8474777777778,18.7470555555556,0,0,0,0,2.3854,0,-4.49174444444444,-1.07407777777778,35.215,41.437,37.937,41.229,36.375,0,0,0,1680902413.7,0,1680901627.1,16:07:07,1680901627.1,1680901625.6,2,-0.07,-0.007,-1.634,-0.054,421,25,0.33,0.16,0.972560609756098,0.555623163763065,0.258512026083977,0,0.149917390243902,0.018148536585366,0.00293434241503702,1,1,2,"1/2",2.98161,2.71562,0.0928868,0.091586,0.107032,0.104612,28730.4,28911,29444,29438.4,34817.5,35022,41460.3,41938,1.9583,1.87808,0.054799,0,26.6029,999.9,48.6,31,24.6986,62.6794,31.9151,1,0.0239253,-0.362527,20.3606,5.22687,12.0104,4.99135,3.29,9999,9999,9999,999.9,1.86751,1.86648,1.86599,1.86586,1.8677,1.87026,1.86889,1.87027,0,0,0,0,"00000000","iiiiiiii","off","off","off","off",0,100,100,-1.635,-0.0497,-0.473650114855386,-0.00295030873952421,5.42316172937836e-07,-1.57551083476491e-10,-0.119710439042648,-0.0228142322802307,0.0019639150181598,-3.74554538372417e-05,5,2319,0,24,12.9,13,1.03638,2.229,1.39648,2.34985,1.49536,2.45361,36.0816,24.105,18,530.709,434.667,27.3257,27.7617,30,27.7426,27.685,20.7516,3.56448,100,27.3253,419.9,24.5318,100.669,100.733,2
19,1680902408.5,1375.40000009537,2023-04-07 16:20:08,16:20:08,5,"bou_cur7_t4_ch2","stan",1680902405.7,0.00024074048275515,0.240740482755154,-1.570793133273,420.825401075892,588.79277138674,52.3226116898168,37.3963219654452,0.013831674220215,3.4313375758861,0.0138007737873245,0.00862825409168704,0,27.7083700057248,27.49985,3.68559072794672,58.4266068944095,2.18666236653079,3.7425797641862,1.49892836141593,-10.6166552895023,48.5580963374686,3.07334413643345,41.0147851843997,-1.56461000920457,0.240259380765942,-1.570793133273,430.432627988728,431.461448484848,0.00106552273361757,63.9416580134523,0.240740482755154,24.4577336391009,24.608456969697,2.41141929464863e-06,103.185577570695,1,0,1,0,46811,0,0,0,0,3.21,0.5,"0: Broadleaf",2,TRUE,1680902405.7,420.8254,419.8859,24.60678,24.45634,422.4605,24.6565,500.0366,88.76431,0.09991224,27.76234,27.49985,999.9,0,0,10011.69,0,0.281038,0.9395512,431.4417,430.4123,0.1504131,419.8859,24.45634,2.184203,2.170853,18.84692,18.74881,0,0,0,0,2.26869,0,-4.49577,-1.10693,35.25,41.4748,37.9496,41.2872,36.4246,0,0,0,1680902419.1,0,1680901627.1,16:07:07,1680901627.1,1680901625.6,2,-0.07,-0.007,-1.634,-0.054,421,25,0.33,0.16,1.023462425,-1.11888183489681,0.137390189278363,0,0.1503554,0.0104024690431518,0.00261753423855352,1,1,2,"1/2",2.98164,2.71567,0.0928898,0.0915751,0.107038,0.104622,28730.7,28911.7,29444.4,29438.8,34817.8,35021.9,41460.9,41938.3,1.95825,1.8781,0.05484,0,26.6046,999.9,48.6,31,24.6999,62.5094,31.8069,1,0.0238567,-0.368848,20.3607,5.22702,12.0101,4.9915,3.28998,9999,9999,9999,999.9,1.86751,1.86649,1.86598,1.86586,1.8677,1.87024,1.86886,1.87029,0,0,0,0,"00000000","iiiiiiii","off","off","off","off",0,100,100,-1.635,-0.0497,-0.473650114855386,-0.00295030873952421,5.42316172937836e-07,-1.57551083476491e-10,-0.119710439042648,-0.0228142322802307,0.0019639150181598,-3.74554538372417e-05,5,2319,0,24,13,13,1.03638,2.23511,1.39648,2.34985,1.49536,2.40723,36.0816,24.0875,18,530.67,434.682,27.3256,27.7593,30,27.7421,27.685,20.7534,3.56448,100,27.3265,419.9,24.5318,100.671,100.734,2
20,1680902413.5,1380.40000009537,2023-04-07 16:20:13,16:20:13,5,"bou_cur7_t4_ch2","stan",1680902411,0.00024278870481193,0.242788704811934,-1.47925841636144,420.802667680122,576.766475809633,51.2540583053668,37.3944141501205,0.013960053392747,3.42844813750732,0.0139285509328655,0.00870816872514116,0,27.70960552671,27.4950222222222,3.68454970461645,58.4222989308034,2.18672304607077,3.74295959948576,1.49782665854568,-10.7069818822063,49.7307480042304,3.15016790468285,42.1739340267069,-1.52479166037161,0.243628901728223,-1.47925841636144,430.424224740473,431.402357575758,-0.00104643188724848,63.9416580134523,0.242788704811934,24.4540949318914,24.6061254545455,-1.63324748851794e-06,103.185577570695,1,0,1,0,46856,0,0,0,0,3.21,0.5,"0: Broadleaf",2,TRUE,1680902411,420.802666666667,419.889666666667,24.6073888888889,24.4548444444444,422.437666666667,24.6571222222222,500.054,88.7645444444444,0.0999448333333333,27.7640777777778,27.4950222222222,999.9,0,0,9999.52,0,0.281038,0.913021444444444,431.418777777778,430.415444444445,0.152539111111111,419.889666666667,24.4548444444444,2.18426444444445,2.17072333333333,18.8473555555556,18.7478666666667,0,0,0,0,2.3108,0,-4.64927777777778,-1.13521111111111,35.25,41.5137777777778,38,41.354,36.437,0,0,0,1680902423.9,0,1680901627.1,16:07:07,1680901627.1,1680901625.6,2,-0.07,-0.007,-1.634,-0.054,421,25,0.33,0.16,0.94802843902439,-0.233353045296168,0.044398840227134,0,0.15112456097561,0.0126236236933798,0.00250042544720167,1,1,2,"1/2",2.98157,2.7156,0.0928851,0.0915854,0.107033,0.104611,28731.2,28911.5,29444.7,29438.9,34818.3,35022.4,41461.2,41938.4,1.9581,1.8782,0.054203,0,26.6054,999.9,48.6,31,24.6993,62.5494,31.6947,1,0.0238008,-0.367465,20.3604,5.22702,12.0104,4.99175,3.28995,9999,9999,9999,999.9,1.86751,1.8665,1.86598,1.86586,1.8677,1.87025,1.86889,1.87027,0,0,0,0,"00000000","iiiiiiii","off","off","off","off",0,100,100,-1.635,-0.0497,-0.473650114855386,-0.00295030873952421,5.42316172937836e-07,-1.57551083476491e-10,-0.119710439042648,-0.0228142322802307,0.0019639150181598,-3.74554538372417e-05,5,2319,0,24,13.1,13.1,1.03638,2.23511,1.39648,2.34985,1.49536,2.4292,36.0816,24.0875,18,530.557,434.727,27.3257,27.7593,29.9999,27.7407,27.6829,20.7532,3.29005,100,27.3255,419.9,24.5318,100.671,100.734,2
21,1680902418.5,1385.40000009537,2023-04-07 16:20:18,16:20:18,5,"bou_cur7_t4_ch2","stan",1680902415.7,0.00023665937674876,0.236659376748766,-1.55136917080299,420.818401065519,589.596362855541,52.3941646612758,37.3958015804852,0.013599026612292,3.42630967810391,0.0135691119812509,0.0084833771629536,0,27.711381781498,27.49857,3.68531469399685,58.4184123456732,2.18663276549724,3.74305407781112,1.49868192849962,-10.4366785146206,49.1242260068964,3.11375204095935,41.8012995332351,-1.53189107318243,0.240213820897829,-1.55136917080299,430.432805086171,431.450951515151,0.00059857380064345,63.9416580134523,0.236659376748766,24.4579005581113,24.6060878787879,-3.95168959010496e-07,103.185577570695,1,0,1,0,46781,0,0,0,0,3.21,0.5,"0: Broadleaf",2,TRUE,1680902415.7,420.8184,419.8999,24.60638,24.45597,422.4537,24.65613,500.0417,88.76437,0.10009383,27.76451,27.49857,999.9,0,0,9990.556,0,0.281038,0.9186583,431.4344,430.4265,0.1504099,419.8999,24.45597,2.184171,2.170819,18.84667,18.74859,0,0,0,0,2.37674,0,-4.70712,-1.14652,35.2872,41.562,38,41.3998,36.437,0,0,0,1680902428.7,0,1680901627.1,16:07:07,1680901627.1,1680901625.6,2,-0.07,-0.007,-1.634,-0.054,421,25,0.33,0.16,0.93175515,-0.11570397748593,0.0369819415577049,0,0.1519208,-0.00659169230769232,0.00207661693867694,1,1,2,"1/2",2.98159,2.71564,0.09289,0.0915893,0.107033,0.10464,28731,28911.7,29444.7,29439.2,34818.1,35021.7,41461,41938.9,1.9583,1.87783,0.0547916,0,26.6068,999.9,48.6,31,24.7007,62.6194,31.7147,1,0.0237907,-0.367181,20.3603,5.22732,12.0101,4.99185,3.29,9999,9999,9999,999.9,1.86751,1.86647,1.86597,1.86587,1.86769,1.87023,1.86888,1.87027,0,0,0,0,"00000000","iiiiiiii","off","off","off","off",0,100,100,-1.635,-0.0498,-0.473650114855386,-0.00295030873952421,5.42316172937836e-07,-1.57551083476491e-10,-0.119710439042648,-0.0228142322802307,0.0019639150181598,-3.74554538372417e-05,5,2319,0,24,13.2,13.2,1.03638,2.23389,1.39648,2.35107,1.49536,2.44873,36.0816,24.0963,18,530.691,434.499,27.3255,27.7577,29.9999,27.7407,27.6827,20.753,3.29005,100,27.3256,419.9,24.5318,100.671,100.736,2
22,1680902423.5,1390.40000009537,2023-04-07 16:20:23,16:20:23,5,"bou_cur7_t4_ch2","stan",1680902421,0.00023522049110671,0.235220491106714,-1.58483159732176,420.822778864009,594.736271872128,52.8536797892136,37.3981434360331,0.0135068230390718,3.42911746302357,0.0134773363162586,0.0084259790465041,0,27.7121243598757,27.5050888888889,3.68672069037428,58.4253618510603,2.18694127832036,3.74313689985417,1.49977941205392,-10.3732236578061,48.0293768571634,3.04196666393378,40.6981198632911,-1.57888220463846,0.232257524356596,-1.58483159732176,430.403517060357,431.445303030303,0.00023433294725598,63.9416580134523,0.235220491106714,24.4632518519041,24.6105109090909,2.46651547714704e-06,103.185577570695,1,0,1,0,46826,0,0,0,0,3.21,0.5,"0: Broadleaf",2,TRUE,1680902421,420.822777777778,419.872,24.6085666666667,24.4631444444444,422.457777777778,24.6582888888889,500.061,88.7691222222222,0.0999821,27.7648888888889,27.5050888888889,999.9,0,0,10001.8166666667,0,0.281038,0.950693777777778,431.439666666667,430.400888888889,0.145421222222222,419.872,24.4631444444444,2.18448,2.17157222222222,18.8489555555556,18.7541111111111,0,0,0,0,2.1789,0,-4.5694,-1.15565555555556,35.312,41.618,38.062,41.465,36.5,0,0,0,1680902434.1,0,1680901627.1,16:07:07,1680901627.1,1680901625.6,2,-0.07,-0.007,-1.634,-0.054,421,25,0.33,0.16,0.931098804878049,0.0384298745644621,0.0354762484124991,1,0.149764926829268,-0.0211666411149823,0.00327701018843912,1,2,2,"2/2",2.98166,2.7156,0.092898,0.0915856,0.107055,0.10465,28730.9,28911.9,29444.9,29439.3,34817.6,35021.4,41461.3,41939.1,1.95815,1.87792,0.0549071,0,26.6068,999.9,48.6,31,24.6973,62.7194,31.6186,1,0.0232342,-0.369918,20.3604,5.22702,12.0099,4.9919,3.29,9999,9999,9999,999.9,1.86752,1.86646,1.86596,1.86587,1.86769,1.87024,1.86887,1.87027,0,0,0,0,"00000000","iiiiiiii","off","off","off","off",0,100,100,-1.635,-0.0497,-0.473650114855386,-0.00295030873952421,5.42316172937836e-07,-1.57551083476491e-10,-0.119710439042648,-0.0228142322802307,0.0019639150181598,-3.74554538372417e-05,5,2319,0,24,13.3,13.3,1.03638,2.23511,1.39648,2.34985,1.49536,2.45239,36.0816,24.0875,18,530.591,434.559,27.3251,27.757,30,27.7407,27.6827,20.7558,3.29005,100,27.3255,419.9,24.5318,100.672,100.736,2
23,1680902428.5,1395.40000009537,2023-04-07 16:20:28,16:20:28,5,"bou_cur7_t4_ch2","stan",1680902425.7,0.0002411945175145,0.241194517514503,-1.5419509943305,420.785001058204,585.039897151592,51.9956609714223,37.397439667628,0.0138651259271422,3.42794742849903,0.0138340453969545,0.00864906497526192,0,27.7145181360725,27.50039,3.68570718518079,58.4241714684934,2.18737582738802,3.74395694865371,1.49833135779277,-10.6366782223896,49.5746123485246,3.1408918740444,42.0788260001794,-1.52907140221556,0.24015418038881,-1.5419509943305,430.394271371307,431.40866060606,5.91892484128952e-05,63.9416580134523,0.241194517514503,24.4606655203444,24.6116903030303,-4.62095219122933e-07,103.185577570695,1,0,1,0,46792,0,0,0,0,3.21,0.5,"0: Broadleaf",2,TRUE,1680902425.7,420.785,419.8683,24.61171,24.46134,422.42,24.66141,500.0478,88.77538,0.10003042,27.76864,27.50039,999.9,0,0,9996.196,0,0.281038,0.9164612,431.4022,430.3965,0.1503612,419.8683,24.46134,2.184913,2.171567,18.85213,18.75408,0,0,0,0,2.19705,0,-4.77448,-1.20022,35.3246,41.625,38.062,41.5,36.5,0,0,0,1680902438.9,0,1680901627.1,16:07:07,1680901627.1,1680901625.6,2,-0.07,-0.007,-1.634,-0.054,421,25,0.33,0.16,0.928334875,-0.0449620975609768,0.0348170584506988,1,0.149640525,-0.0144991857410884,0.0032391169783407,1,2,2,"2/2",2.98162,2.71558,0.092901,0.0916014,0.107062,0.104646,28730.7,28911.5,29444.7,29439.4,34817.2,35021.7,41461.3,41939.3,1.95835,1.8778,0.0549704,0,26.6068,999.9,48.6,31,24.6964,62.7894,31.855,1,0.0233308,-0.353325,20.3606,5.22717,12.0107,4.99145,3.29,9999,9999,9999,999.9,1.86747,1.86647,1.86597,1.86585,1.86769,1.87022,1.86887,1.87028,0,0,0,0,"00000000","iiiiiiii","off","off","off","off",0,100,100,-1.635,-0.0497,-0.473650114855386,-0.00295030873952421,5.42316172937836e-07,-1.57551083476491e-10,-0.119710439042648,-0.0228142322802307,0.0019639150181598,-3.74554538372417e-05,5,2319,0,24,13.4,13.4,1.03638,2.23145,1.39771,2.34985,1.49536,2.41333,36.0816,24.07,18,530.725,434.484,27.3237,27.756,30,27.7407,27.6827,20.7544,3.01713,100,27.3208,419.9,24.5318,100.672,100.736,2
24,1680902433.5,1400.40000009537,2023-04-07 16:20:33,16:20:33,5,"bou_cur7_t4_ch2","stan",1680902431,0.00024687682376836,0.246876823768361,-1.48830754819728,420.825001020802,575.23787152691,51.1257767070067,37.4019272719406,0.0141754093391907,3.4272927694197,0.0141429177301066,0.00884223656096843,0,27.7135153593918,27.5085888888889,3.68747576479194,58.421581995904,2.18731492729168,3.74401865297834,1.50016083750026,-10.8872679281847,48.1023647600157,3.04832597640823,40.2634228082391,-1.51385851646701,0.245649382600752,-1.48830754819728,430.459447272174,431.438921212121,-2.6281635025436e-05,63.9416580134523,0.246876823768361,24.4557352034708,24.6103157575757,-1.19747580377051e-07,103.185577570695,1,0,1,0,46833,0,0,0,0,3.21,0.5,"0: Broadleaf",2,TRUE,1680902431,420.825,419.919555555556,24.6104111111111,24.4566,422.460333333333,24.6601222222222,500.047333333333,88.7776444444444,0.0999820777777778,27.7689222222222,27.5085888888889,999.9,0,0,9993.19111111111,0,0.281038,0.905520888888889,431.443111111111,430.446666666667,0.153810777777778,419.919555555556,24.4566,2.18485777777778,2.17120111111111,18.8516888888889,18.7513888888889,0,0,0,0,2.30695555555556,0,-5.05761111111111,-1.21194444444444,35.375,41.687,38.125,41.562,36.562,0,0,0,1680902443.7,0,1680901627.1,16:07:07,1680901627.1,1680901625.6,2,-0.07,-0.007,-1.634,-0.054,421,25,0.33,0.16,0.921100097560976,-0.0610955958188144,0.0261238108851142,1,0.150042317073171,0.0141946202090591,0.00356749208513675,1,2,2,"2/2",2.98155,2.71548,0.092902,0.0915952,0.107053,0.104631,28730.4,28911.6,29444.5,29439.3,34817.3,35022.1,41461,41939,1.95842,1.87833,0.0548624,0,26.6068,999.9,48.6,31,24.6978,62.6194,31.7067,1,0.0232927,-0.352734,20.3607,5.22687,12.0113,4.9915,3.29,9999,9999,9999,999.9,1.86748,1.86647,1.86594,1.86584,1.86768,1.8702,1.86888,1.87027,0,0,0,0,"00000000","iiiiiiii","off","off","off","off",0,100,100,-1.636,-0.0497,-0.473650114855386,-0.00295030873952421,5.42316172937836e-07,-1.57551083476491e-10,-0.119710439042648,-0.0228142322802307,0.0019639150181598,-3.74554538372417e-05,5,2319,0,24,13.4,13.5,1.03638,2.23145,1.39648,2.34985,1.49536,2.45361,36.0816,24.0963,18,530.775,434.8,27.3196,27.7546,30,27.7407,27.6827,20.7537,3.01713,100,27.3182,419.9,24.5318,100.671,100.736,2
