"obs","time..2","elapsed","date","hhmmss..5","averaging","machine","id","TIME..9","E","Emm","A","Ca","Ci","Pci","Pca","gsw","gbw","gtw","gtc","Rabs","TleafEB","TleafCnd","SVPleaf","RHcham","VPcham","SVPcham","VPDleaf","LatHFlux","SenHFlux","NetTherm","EBSum","Asty","Esty","Adyn","Crd","Csd","dCsd/dt","αVc","Edyn","Hr","Hs","dHs/dt","αVh","Leak","LeakPct","CorrFact","CorrFactPct","Fan","Qin","Qabs","alpha","convert","S","K","Geometry","Custom","UseDynamic","TIME..59","CO2_s","CO2_r","H2O_s","H2O_r","CO2_a","H2O_a","Flow","Pa","ΔPcham","Tair","Tleaf","Tleaf2","Offset","Offset2","Fan_speed","Qamb_in","Qamb_out","ΔCO2","CO2_s_d","CO2_r_d","ΔH2O","CO2_b","H2O_b","e_s","e_r","Td_s","Td_r","Q","f_red","f_blue","f_farred","F","Q_modavg","F_dc","Pc","Tled","TDigital","TPreamp","TPwrSpy","TDrive","Q_red","Q_blue","Q_farred","TSPF","state","time..105","hhmmss..106","co2_t","h2o_t","count","co2_adj","h2o_adj","co2_match","h2o_match","co2_at","h2o_at","co2_cv","h2o_cv","ΔCO2:MN","ΔCO2:SLP","ΔCO2:SD","ΔCO2:OK","ΔH2O:MN","ΔH2O:SLP","ΔH2O:SD","ΔH2O:OK","Stable","Total","State","Vflow","VPchamber","abs_c_a","abs_c_b","abs_h_a","abs_h_b","Wc_s","Wc_r","Wco_s","Wco_r","Ww_s","Ww_r","Wwo_s","Wwo_r","Flow_s_v","Flow_r_v","Tleaf_mv","Tleaf2_mv","Tleaf_j","Tleaf2_j","Console_RH","Console_T","Console_H2O","Fan_%","Flow_%","Pump","Tchp_pwm","Txchg_pwm","diag_20v","diag_5_4v","diag_12v","diag_5va","diag_3_3vf","AccCO2_soda","AccH2O_des","AccH2O_hum","CO2_hrs","ADC_CH1","ADC_CH2","ADC_CH3","ADC_CH4","ADC_CH5","ADC_CH6","ADC_CH7","ADC_CH8","DAC_1","DAC_2","DAC_3","DAC_4","GPIO","GPIO_dir","excit_5v","power_12v","power_5v","ch1_pullup","AuxPower","MatchValveR","MatchValveS","MatchCO2","MatchH2O","cf_co2_a","cf_co2_b","cf_co2_c","cf_co2_d","cf_h2o_a","cf_h2o_b","cf_h2o_c","cf_h2o_d","co2_fit_low","co2_fit_high","h2o_fit_low","h2o_fit_high","co2_elapsed","h2o_elapsed","CO2_f","CO2_f_s","Pump_f","Pump_f_s","Pump_p","Pump_p_s","Tboard","V_system","DIAG","Flow_s","Flow_r","Txchg","Tirga","Tchopper","Ts","Tr","CO2_%","Desiccant_%","Humidifier_%","Txchg_sp","CO2_r_sp","H2O_r_sp","SS_s","SS_r","chamber"
1,1680470514,0,2023-04-02 16:21:54,16:21:54,5,"albert","sch_sco4_t2_ch2",1680470511.25,0.00058569911785648,0.585699117856489,-1.51328823399041,420.338900516806,478.643667934718,42.7905341046984,37.5781134548488,0.0344410253049757,4.07351069334532,0.0342800668661284,0.0214394403870168,0,19.8791275549056,19.97751,2.34334694956905,35.9485305225202,0.843113856081211,2.34533607862785,1.50023309348784,-25.8293310974711,3.00867218644498,0.148474041866955,-22.6721848691592,-1.33271817752122,0.569085085522432,-1.51328823399041,423.85521102201,424.357303030303,0.00039186259743148,65.1895820424065,0.585699117856489,9.24414063870739,9.43519678787879,5.18714793442639e-05,97.3692069204631,2,0,1,0,48300,0,0,0,0,1.65,0.5,"0: Broadleaf",2,TRUE,1680470511.25,420.3389,419.9781,9.43085,9.244853,416.7181,9.365048,500.0806,89.29952,0.10004166,19.99121,19.97751,999.9,0,0,10003.006,0,0.441312,0.3608094,424.3408,423.8971,0.1859961,419.9781,9.244853,0.8421702,0.8255609,4.438689,4.15457,0,0,0,0,2.047,0,-1.38467,-1.47999,34.1622,41.2872,37.4748,40.4998,35.1998,0,0,0,1680470556.3,0,1680470270,16:17:50,1680470268.5,1680470270,1,-0.045,0.002,3.62,0.063,420,9,0.28,0.21,0.3654915,0.0289195722326444,0.0958985304571973,1,0.190616725,-0.0768867579737339,0.0148658409953616,1,2,2,"2/2",2.98025,2.72812,0.0846758,0.0856084,0.0538854,0.0535149,27487.4,27106,30557.2,29887.8,39904.6,37257.2,46731.2,44440.8,1.87935,1.84775,0.00391155,0,19.9107,999.9,40.1,30.4,19.5747,63.6599,22.1474,1,-0.0715904,2.89989,20.2,5.23571,11.968,4.97215,3.29023,9999,9999,9999,999.9,4.97292,1.87696,1.87502,1.8779,1.87458,1.87827,1.87531,1.87646,0,0,0,0,11111111,"oooooooo","on","on","on","on",0,100,100,3.621,0.0658,2.00441086256721,0.00461860738802955,-1.9889230679433e-06,5.14147328216348e-10,-0.01969894681444,0.00584266401824029,0.00033693778868027,1.50080497552867e-06,0,2112,1,25,4.1,4.1,1.09009,2.5415,1.39893,2.34619,1.44897,2.40356,35.5683,24.0612,18,489.151,440.676,16.9917,26.0166,29.9998,25.9397,26.0277,21.8557,48.6079,39.7063,16.9979,420,9.28339,101.002,102.194,2
2,1680470519,5,2023-04-02 16:21:59,16:21:59,5,"albert","sch_sco4_t2_ch2",1680470516.5,0.00063236226211932,0.632362262119322,-1.14555948646764,420.34522261219,457.835858336082,40.9296306763168,37.5780411359606,0.037200247874394,4.07467176547745,0.0370125952281379,0.0231496527668944,0,19.8702873825915,19.9781666666667,2.34344225851071,35.956104070241,0.843294440635973,2.34534430924046,1.50014781787474,-27.8871757594621,2.87772552528782,0.141972047568546,-24.8674781866057,-1.10749700533731,0.633348450124641,-1.14555948646764,423.980559695531,424.360745454546,0.00026818942704638,65.1895820424065,0.632362262119322,9.22383094144047,9.43070660606061,-2.97077509449898e-05,97.3692069204631,2,0,1,0,48436,0,0,0,0,1.65,0.5,"0: Broadleaf",2,TRUE,1680470516.5,420.345222222222,420.067666666667,9.43303,9.22604444444445,416.724222222222,9.36720111111111,500.115666666667,89.2980333333333,0.100011688888889,19.9912666666667,19.9781666666667,999.9,0,0,10007.02,0,0.441312,0.277547222222222,424.348333333333,423.979555555556,0.206984888888889,420.067666666667,9.22604444444445,0.842350888888889,0.823867333333333,4.44175,4.12532222222222,0,0,0,0,2.03787777777778,0,-1.47182222222222,-1.45032222222222,34.1664444444444,41.312,37.486,40.5413333333333,35.208,0,0,0,1680470561.1,0,1680470270,16:17:50,1680470268.5,1680470270,1,-0.045,0.002,3.62,0.063,420,9,0.28,0.21,0.363925878048781,-0.505489902439024,0.0992756436221639,0,0.193418073170732,0.00587483623693413,0.0161348522775709,1,1,2,"1/2",2.98043,2.72845,0.0846768,0.0856368,0.0538625,0.0534525,27487,27105.5,30556.7,29888.1,39904.8,37259.9,46730.3,44441,1.87945,1.84792,0.00429153,0,19.9073,999.9,40.1,30.4,19.5773,63.4299,21.8109,1,-0.0719588,2.88271,20.2007,5.2399,11.968,4.973,3.291,9999,9999,9999,999.9,4.97292,1.87696,1.87503,1.87789,1.8746,1.87825,1.87531,1.87643,0,0,0,0,11111111,"oooooooo","on","on","on","on",0,100,100,3.621,0.0658,2.00441086256721,0.00461860738802955,-1.9889230679433e-06,5.14147328216348e-10,-0.01969894681444,0.00584266401824029,0.00033693778868027,1.50080497552867e-06,0,2112,1,25,4.2,4.2,1.09009,2.53052,1.39893,2.34619,1.44897,2.41089,35.5451,24.07,18,489.186,440.761,17.0037,26.0132,29.9999,25.9369,26.025,21.8511,48.6079,39.3182,17.014,420,9.28339,101,102.195,2
3,1680470524,10,2023-04-02 16:22:04,16:22:04,5,"albert","sch_sco4_t2_ch2",1680470521.2,0.0006635159231979,0.663515923197906,-1.39376377089666,420.404300475916,465.693359764816,41.6312918911157,37.5826147794592,0.0390313575332533,4.07060454356873,0.0388246267286383,0.024283874176807,0,19.8698000853198,19.97747,2.34334114405799,35.9215453183763,0.842775793840529,2.34615684367396,1.50056535021747,-29.2610522130277,4.25522143944537,0.210145573818997,-24.7956851997633,-1.47634234026782,0.663539631415789,-1.39376377089666,423.869338186924,424.372363636364,-0.00813412612308696,65.1895820424065,0.663515923197906,9.20533622074459,9.4225756969697,-5.09048859483537e-05,97.3692069204631,2,0,1,0,48352,0,0,0,0,1.65,0.5,"0: Broadleaf",2,TRUE,1680470521.2,420.4043,420.0092,9.427406,9.210523,416.7833,9.361649,500.0479,89.29625,0.1001114,19.99686,19.97747,999.9,0,0,9993.744,0,0.441312,0.395099,424.4055,423.9138,0.2168843,420.0092,9.210523,0.8418321,0.822465,4.432955,4.101056,0,0,0,0,2.16195,0,-1.60686,-1.45751,34.1685,41.3246,37.5,40.556,35.2561,0,0,0,1680470566.5,0,1680470270,16:17:50,1680470268.5,1680470270,1,-0.045,0.002,3.62,0.063,420,9,0.28,0.21,0.35345387804878,-0.0813431080139372,0.0975503012332225,1,0.194719317073171,0.132847777003484,0.0175273387325574,0,1,2,"1/2",2.98015,2.72841,0.0846782,0.0856159,0.0538227,0.0533665,27487.2,27106.3,30557,29888.3,39907,37263.3,46730.9,44441,1.87943,1.84795,0.0042133,0,19.9043,999.9,40,30.4,19.5279,63.4999,22.2997,1,-0.0719842,2.87101,20.2008,5.2396,11.968,4.9731,3.291,9999,9999,9999,999.9,4.97293,1.87697,1.87502,1.8779,1.87458,1.87822,1.87531,1.87642,0,0,0,0,11111111,"oooooooo","on","on","on","on",0,100,100,3.621,0.0657,2.00441086256721,0.00461860738802955,-1.9889230679433e-06,5.14147328216348e-10,-0.01969894681444,0.00584266401824029,0.00033693778868027,1.50080497552867e-06,0,2112,1,25,4.3,4.2,1.09009,2.52441,1.39893,2.34619,1.44897,2.47681,35.5683,24.07,18,489.153,440.756,17.0189,26.0095,29.9999,25.9342,26.0223,21.8477,48.3302,38.9324,17.029,420,9.28339,101.001,102.195,2
4,1680470529,15,2023-04-02 16:22:09,16:22:09,5,"albert","sch_sco4_t2_ch2",1680470526.5,0.00063863969513432,0.638639695134329,-1.06663333644871,420.355889251928,454.0852552992,40.5946810990265,37.5793159393294,0.0375152297768658,4.07614044832035,0.0373244630735579,0.0233448479986442,0,19.8777177740436,19.9831444444444,2.34416484623961,35.8717727999408,0.841764188293656,2.34659210457267,1.50240065794596,-28.1640105554239,3.67231485900174,0.18112026373404,-24.3105754326881,-1.3537884682767,0.650693231689413,-1.06663333644871,423.953520178577,424.323,-0.00298643181679645,65.1895820424065,0.638639695134329,9.20329835829152,9.41232672727272,-4.01243786527994e-05,97.3692069204631,2,0,1,0,48421,0,0,0,0,1.65,0.5,"0: Broadleaf",2,TRUE,1680470526.5,420.355888888889,419.999444444444,9.41583222222222,9.20315111111111,416.734888888889,9.35021555555556,500.060666666667,89.2988333333333,0.0999758666666667,19.9998555555556,19.9831444444444,999.9,0,0,10011.7977777778,0,0.441312,0.356526666666667,424.351666666667,423.900555555556,0.212679888888889,419.999444444444,9.20315111111111,0.840822777777778,0.821830444444445,4.41582222222222,4.09006666666667,0,0,0,0,2.03443333333333,0,-1.78624444444444,-1.47131111111111,34.2217777777778,41.361,37.5068888888889,40.604,35.25,0,0,0,1680470571.3,0,1680470270,16:17:50,1680470268.5,1680470270,1,-0.045,0.002,3.62,0.063,420,9,0.28,0.21,0.35095143902439,0.198914780487805,0.0964896906208116,0,0.204935634146341,0.113223386759582,0.0135884471424883,0,0,2,"0/2",2.98053,2.72848,0.0846713,0.0855842,0.0537831,0.0534214,27487.3,27107.6,30556.8,29888.6,39908.5,37261.6,46730.7,44441.6,1.87958,1.84787,0.00521913,0,19.9013,999.9,39.9,30.4,19.4779,63.4499,22.0713,1,-0.0724771,2.85597,20.2011,5.2396,11.968,4.97315,3.291,9999,9999,9999,999.9,4.97292,1.87697,1.87501,1.8779,1.87463,1.87828,1.87532,1.87647,0,0,0,0,11111111,"oooooooo","on","on","on","on",0,100,100,3.62,0.0656,2.00441086256721,0.00461860738802955,-1.9889230679433e-06,5.14147328216348e-10,-0.01969894681444,0.00584266401824029,0.00033693778868027,1.50080497552867e-06,0,2112,1,25,4.3,4.3,1.09009,2.5415,1.39893,2.34619,1.44897,2.40234,35.5683,24.0612,18,489.212,440.688,17.0334,26.0056,29.9998,25.9309,26.0195,21.8526,48.3302,38.9324,17.0444,420,9.28352,101.001,102.197,2
5,1680470534,20,2023-04-02 16:22:14,16:22:14,5,"albert","sch_sco4_t2_ch2",1680470531.2,0.00060132844214454,0.601328442144543,-1.24070859019746,420.322500423193,464.691945250149,41.5421602177554,37.5756559462385,0.035290303833435,4.07310843189789,0.035121313817388,0.0219659365820885,0,19.8866964014302,19.9881,2.34488440205153,35.8584269801516,0.841551299234494,2.34687176796771,1.50333310281704,-26.5185842985743,3.00398328995713,0.148273353241325,-23.3663276553759,-1.30632379829066,0.600013374982152,-1.24070859019746,423.932163933404,424.338345454546,0.0014632967401148,65.1895820424065,0.601328442144543,9.21918912967075,9.41558593939393,1.94307223545025e-05,97.3692069204631,2,0,1,0,48365,0,0,0,0,1.65,0.5,"0: Broadleaf",2,TRUE,1680470531.2,420.3225,419.9747,9.41362,9.217514,416.7016,9.348034,500.0879,89.2972,0.10000312,20.00178,19.9881,999.9,0,0,10001.933,0,0.441312,0.3476379,424.3169,423.882,0.1961069,419.9747,9.217514,0.84061,0.8230983,4.412212,4.112016,0,0,0,0,1.94333,0,-1.41727,-1.46734,34.2498,41.375,37.5372,40.6187,35.2748,0,0,0,1680470576.1,0,1680470270,16:17:50,1680470268.5,1680470270,1,-0.045,0.002,3.62,0.063,420,9,0.28,0.21,0.356314875,0.0906261500938081,0.101365764838575,1,0.208033675,-0.0305881463414638,0.00912010050489439,1,2,2,"2/2",2.98043,2.72853,0.0846717,0.0856221,0.0537969,0.0534166,27487.2,27106.9,30556.7,29889.1,39907.7,37262.4,46730.4,44442.3,1.87932,1.8481,0.00589341,0,19.8984,999.9,39.9,30.4,19.4779,63.2199,21.7548,1,-0.0725788,2.8507,20.2013,5.23975,11.968,4.97315,3.291,9999,9999,9999,999.9,4.97291,1.87697,1.87501,1.8779,1.87462,1.87824,1.87531,1.87646,0,0,0,0,11111111,"oooooooo","on","on","on","on",0,100,100,3.621,0.0656,2.00441086256721,0.00461860738802955,-1.9889230679433e-06,5.14147328216348e-10,-0.01969894681444,0.00584266401824029,0.00033693778868027,1.50080497552867e-06,0,2112,1,25,4.4,4.4,1.08887,2.52808,1.39893,2.34619,1.44897,2.40479,35.5683,24.07,18,489.061,440.809,17.0475,26.0022,29.9999,25.9287,26.0173,21.8511,48.3302,38.5486,17.0533,420,9.28352,101,102.198,2
6,1680470539,25,2023-04-02 16:22:19,16:22:19,5,"albert","sch_sco4_t2_ch2",1680470536.5,0.00063161328992746,0.631613289927466,-1.37793885248205,420.34566713638,467.945259878036,41.8316343852485,37.5765025756547,0.0370477523648653,4.06974599692259,0.0368614068583818,0.0230550433703506,0,19.8846588073679,19.9955444444444,2.34596571287705,35.8485301273478,0.841519806228947,2.3474318284168,1.50444590664811,-27.8541460858013,2.21358440818903,0.109356718577277,-25.531204959035,-1.37806467692611,0.629183194658041,-1.37793885248205,423.88545171305,424.343575757576,0.00016149821852536,65.1895820424065,0.631613289927466,9.20488219715242,9.41147715151515,-2.05905922130258e-05,97.3692069204631,2,0,1,0,48447,0,0,0,0,1.65,0.5,"0: Broadleaf",2,TRUE,1680470536.5,420.345666666667,419.978222222222,9.41357444444444,9.20792111111111,416.724666666667,9.34798888888889,500.054888888889,89.2943444444444,0.0999458111111111,20.0056333333333,19.9955444444444,999.9,0,0,9991.11333333333,0,0.441312,0.367306333333333,424.340222222222,423.881333333333,0.205655111111111,419.978222222222,9.20792111111111,0.840579111111111,0.822215222222222,4.41168555555556,4.09673,0,0,0,0,2.05781111111111,0,-1.26165555555556,-1.48958888888889,34.2566666666667,41.375,37.5275555555556,40.6663333333333,35.2982222222222,0,0,0,1680470581.5,0,1680470270,16:17:50,1680470268.5,1680470270,1,-0.045,0.002,3.62,0.063,420,9,0.28,0.21,0.364313682926829,-0.0247901393728223,0.0854561434099926,1,0.207873195121951,-0.0568581114982577,0.00942304768475913,1,2,2,"2/2",2.98019,2.72804,0.0846723,0.0855992,0.0537775,0.0534893,27487.6,27107.6,30557.2,29889.1,39909.3,37259.6,46731.3,44442.4,1.87952,1.84827,0.00600144,0,19.8954,999.9,39.8,30.4,19.4287,63.1099,22.2075,1,-0.0728303,2.86968,20.2003,5.23676,11.968,4.9724,3.29033,9999,9999,9999,999.9,4.97291,1.87697,1.87501,1.8779,1.8746,1.87821,1.87531,1.87642,0,0,0,0,11111111,"oooooooo","on","on","on","on",0,100,100,3.621,0.0656,2.00441086256721,0.00461860738802955,-1.9889230679433e-06,5.14147328216348e-10,-0.01969894681444,0.00584266401824029,0.00033693778868027,1.50080497552867e-06,0,2112,1,25,4.5,4.5,1.09009,2.52563,1.39893,2.34619,1.44897,2.47681,35.5683,24.07,18,489.147,440.895,17.0573,25.998,29.9998,25.9255,26.0146,21.8538,48.0592,38.1677,17.057,420,9.28493,101.002,102.198,2
7,1680470544,30,2023-04-02 16:22:24,16:22:24,5,"albert","sch_sco4_t2_ch2",1680470541.2,0.00049893180556903,0.498931805569031,-1.33367695050213,420.365400455515,481.253328042826,43.0210486354152,37.5780473273593,0.0292350663804035,4.07237516893331,0.0291189692065365,0.0182097480463587,0,19.9155673447375,19.99782,2.34629632611002,35.8532773693864,0.841914624599795,2.34822221669105,1.50438170151023,-22.0028926255943,2.90903604392466,0.143626691410871,-18.9502298902588,-1.39802005168547,0.501119484174051,-1.33367695050213,423.908930352923,424.354812121212,-0.00035438352970305,65.1895820424065,0.498931805569031,9.26609138008197,9.4285236969697,9.10984253078393e-05,97.3692069204631,2,0,1,0,48310,0,0,0,0,1.65,0.5,"0: Broadleaf",2,TRUE,1680470541.2,420.3654,419.9736,9.418046,9.254247,416.7444,9.352403,500.0396,89.29382,0.09994858,20.01107,19.99782,999.9,0,0,9999.882,0,0.441312,0.3917511,424.3622,423.8966,0.1637994,419.9736,9.254247,0.8409735,0.8263471,4.41838,4.168121,0,0,0,0,2.20093,0,-1.41328,-1.49506,34.1873,41.3998,37.5684,40.687,35.2934,0,0,0,1680470586.3,0,1680470270,16:17:50,1680470268.5,1680470270,1,-0.045,0.002,3.62,0.063,420,9,0.28,0.21,0.3695343,0.0889000975609747,0.0723123332375605,1,0.1957094,-0.165670311444654,0.020058019619095,0,1,2,"1/2",2.98034,2.72841,0.0846713,0.0856299,0.0538606,0.0536298,27487.5,27106.6,30557,29889,39905.3,37253.9,46730.8,44442.3,1.87952,1.8481,0.00635162,0,19.8928,999.9,39.7,30.4,19.381,63.4499,22.1835,1,-0.0731631,2.88391,20.2005,5.2399,11.968,4.973,3.291,9999,9999,9999,999.9,4.97291,1.87697,1.875,1.87789,1.8746,1.87822,1.87531,1.8764,0,0,0,0,11111111,"oooooooo","on","on","on","on",0,100,100,3.621,0.0658,2.00441086256721,0.00461860738802955,-1.9889230679433e-06,5.14147328216348e-10,-0.01969894681444,0.00584266401824029,0.00033693778868027,1.50080497552867e-06,0,2112,1,25,4.6,4.6,1.09009,2.54028,1.39893,2.34619,1.44897,2.43408,35.5683,24.0612,18,489.132,440.766,17.0608,25.9942,29.9999,25.9233,26.0119,21.8471,48.0592,37.7887,17.0594,420,9.28387,101.001,102.198,2
8,1680470549,35,2023-04-02 16:22:29,16:22:29,5,"albert","sch_sco4_t2_ch2",1680470546.5,0.00056231222359409,0.56231222359409,-1.56992720202658,420.369556092041,484.42407207718,43.3046476656917,37.5785526881264,0.0329870838287716,4.07168906099767,0.0328393311804135,0.0205378016416046,0,19.9062705163564,20.0027,2.34700547418111,35.9193603646772,0.843615376548377,2.34863696898674,1.50339009763273,-24.7979690604994,2.46342255181127,0.121650901948853,-22.2128956067393,-1.49131574342063,0.548210771829783,-1.56992720202658,423.873405095613,424.393066666667,0.00065925045568249,65.1895820424065,0.56231222359409,9.25746660907261,9.44097575757576,3.70530684612088e-05,97.3692069204631,2,0,1,0,48296,0,0,0,0,1.65,0.5,"0: Broadleaf",2,TRUE,1680470546.5,420.369555555556,419.953555555556,9.43703777777778,9.25787222222222,416.748555555556,9.37116111111111,500.102555555556,89.2941666666667,0.0999203777777778,20.0139222222222,20.0027,999.9,0,0,9997.57,0,0.441312,0.415924,424.374222222222,423.878,0.179163111111111,419.953555555556,9.25787222222222,0.842672333333333,0.826674,4.44720222222222,4.17377333333333,0,0,0,0,2.11341111111111,0,-1.62325555555556,-1.47548888888889,34.1804444444444,41.437,37.5622222222222,40.6872222222222,35.3051111111111,0,0,0,1680470591.1,0,1680470270,16:17:50,1680470268.5,1680470270,1,-0.045,0.002,3.62,0.063,420,9,0.28,0.21,0.37961856097561,0.138441595818815,0.0881475572128221,0,0.18591256097561,-0.106070048780487,0.0174713976950046,0,0,2,"0/2",2.98028,2.72833,0.0846757,0.0856028,0.053911,0.0535684,27487.4,27107.4,30557,29888.9,39903.1,37256.5,46730.7,44442.4,1.87952,1.84802,0.00719354,0,19.8898,999.9,39.7,30.4,19.3822,63.6999,21.7829,1,-0.073158,2.8957,20.2002,5.2399,11.968,4.97325,3.291,9999,9999,9999,999.9,4.97293,1.87698,1.87507,1.8779,1.87467,1.87826,1.87532,1.87649,0,0,0,0,11111111,"oooooooo","on","on","on","on",0,100,100,3.621,0.0659,2.00441086256721,0.00461860738802955,-1.9889230679433e-06,5.14147328216348e-10,-0.01969894681444,0.00584266401824029,0.00033693778868027,1.50080497552867e-06,0,2112,1,25,4.7,4.7,1.09009,2.53662,1.39893,2.34619,1.44897,2.37671,35.5683,24.07,18,489.112,440.703,17.062,25.9907,29.9999,25.9205,26.0097,21.8546,48.0592,37.7887,17.0594,420,9.28387,101.001,102.198,2
9,1680470554,40,2023-04-02 16:22:34,16:22:34,5,"albert","sch_sco4_t2_ch2",1680470551.2,0.00062286297699525,0.622862976995258,-1.10267663368557,420.316400375769,456.803748889003,40.8358432771311,37.5740669692346,0.0365299716046517,4.07359589773643,0.0363489550155173,0.0227342855485354,0,19.8969194896766,20.01258,2.34844178344067,35.929040598879,0.843957047851447,2.34895514543124,1.50448473558922,-27.4682572854909,0.775243428197145,0.0382681972658351,-26.6547456600279,-1.0715332211051,0.619126706543921,-1.10267663368557,424.027116672235,424.34943030303,0.00940563978082152,65.1895820424065,0.622862976995258,9.23456015553118,9.43828781818182,-2.04606953583583e-05,97.3692069204631,2,0,1,0,48400,0,0,0,0,1.65,0.5,"0: Broadleaf",2,TRUE,1680470551.2,420.3164,420.0487,9.440793,9.238433,416.6955,9.374869,500.0567,89.29489,0.09983011,20.01611,20.01258,999.9,0,0,10003.807,0,0.441312,0.2677186,424.3223,423.9653,0.2023629,420.0487,9.238433,0.8430143,0.8249444,4.452998,4.143931,0,0,0,0,2.07876,0,-1.42281,-1.48729,34.1558,41.437,37.5685,40.7248,35.3372,0,0,0,1680470596.5,0,1680470270,16:17:50,1680470268.5,1680470270,1,-0.045,0.002,3.62,0.063,420,9,0.28,0.21,0.350457926829268,-0.0711332822299651,0.0973795931017027,1,0.18724087804878,-0.0191041672473866,0.0184315232397202,1,2,2,"2/2",2.98008,2.72818,0.0846748,0.0856283,0.0538953,0.0535064,27488,27106.4,30557.7,29888.7,39904.6,37258.6,46731.7,44442,1.87927,1.8482,0.00692531,0,19.8873,999.9,39.6,30.4,19.331,63.3499,22.2957,1,-0.0730183,3.36977,20.19,5.23586,11.968,4.97205,3.29033,9999,9999,9999,999.9,4.97292,1.87698,1.87503,1.8779,1.87462,1.87825,1.87531,1.87647,0,0,0,0,11111111,"oooooooo","on","on","on","on",0,100,100,3.621,0.0659,2.00441086256721,0.00461860738802955,-1.9889230679433e-06,5.14147328216348e-10,-0.01969894681444,0.00584266401824029,0.00033693778868027,1.50080497552867e-06,0,2112,1,25,4.8,4.7,1.09009,2.52686,1.39893,2.34619,1.44897,2.48413,35.5683,24.0612,18,488.957,440.789,17.0483,25.9876,30.0001,25.9178,26.0069,21.851,48.0592,37.413,16.871,420,9.31755,101.003,102.197,2
10,1680470559,45,2023-04-02 16:22:39,16:22:39,5,"albert","sch_sco4_t2_ch2",1680470556.5,0.00063715625964652,0.637156259646523,-1.71116459422354,420.355445027925,481.581005377899,43.0509776069964,37.5777130924747,0.037371086926857,4.0720989019968,0.0371815925023203,0.0232554403503213,0,19.8984207666745,20.0092555555556,2.34795840494208,35.895737142709,0.843398180921457,2.34957754891173,1.50456022402062,-28.0985910504117,2.44415628884958,0.120695376220004,-25.5337393853421,-1.61591525098542,0.639255754434357,-1.71116459422354,423.807103401786,424.370545454545,0.00135542464715586,65.1895820424065,0.637156259646523,9.22295272570098,9.43140133333333,-2.52001408376228e-05,97.3692069204631,2,0,1,0,48395,0,0,0,0,1.65,0.5,"0: Broadleaf",2,TRUE,1680470556.5,420.355444444444,419.910888888889,9.43450222222222,9.22554777777778,416.734444444444,9.36865444444444,500.023222222222,89.2951,0.0999906,20.0203888888889,20.0092555555556,999.9,0,0,9998.82333333333,0,0.441312,0.444393666666667,424.359111111111,423.821111111111,0.208954666666667,419.910888888889,9.22554777777778,0.842454777777778,0.823796,4.44351111111111,4.12408666666667,0,0,0,0,2.15817777777778,0,-1.50225555555556,-1.48788888888889,34.2704444444444,41.451,37.625,40.75,35.361,0,0,0,1680470601.3,0,1680470270,16:17:50,1680470268.5,1680470270,1,-0.045,0.002,3.62,0.063,420,9,0.28,0.21,0.371783780487805,-0.00297119163763072,0.109389542683757,1,0.188131317073171,0.171013337979094,0.0191607841563134,0,1,2,"1/2",2.98031,2.72824,0.0846737,0.0856005,0.0538616,0.0534938,27488.2,27107.2,30557.9,29888.6,39906.3,37259,46732.1,44441.9,1.87955,1.84815,0.00778586,0,19.8852,999.9,39.5,30.4,19.2849,63.2999,22.3718,1,-0.0705285,3.44993,20.1888,5.23631,11.9682,4.97245,3.29025,9999,9999,9999,999.9,4.97292,1.87698,1.87509,1.8779,1.87468,1.8783,1.87532,1.87651,0,0,0,0,11111111,"oooooooo","on","on","on","on",0,100,100,3.621,0.0658,2.00441086256721,0.00461860738802955,-1.9889230679433e-06,5.14147328216348e-10,-0.01969894681444,0.00584266401824029,0.00033693778868027,1.50080497552867e-06,0,2112,1,25,4.8,4.8,1.09009,2.5354,1.39893,2.34619,1.44897,2.45361,35.5683,24.0612,18,489.088,440.741,16.8893,25.9838,30.0015,25.915,26.0047,21.8517,47.7804,37.0248,16.8652,420,9.33473,101.004,102.197,2
11,1680470564,50,2023-04-02 16:22:44,16:22:44,5,"albert","sch_sco4_t2_ch2",1680470561.2,0.00055295454083398,0.552954540833983,-1.06997393601563,420.370100364835,461.302242085124,41.2364466649582,37.5774657952755,0.0324181586252564,4.07092361541527,0.0322754199725494,0.0201849094293389,0,19.9121910170068,20.00326,2.34708686383983,35.8808146052828,0.842926530627461,2.34924022740374,1.50416033321237,-24.3852952507786,3.25037489886285,0.160546925894881,-20.9743734260209,-1.22358212062479,0.568206178505797,-1.06997393601563,424.0678937483,424.410672727272,0.00283572404006095,65.1895820424065,0.552954540833983,9.25055822444328,9.431188,1.27955958961984e-05,97.3692069204631,2,0,1,0,48413,0,0,0,0,1.65,0.5,"0: Broadleaf",2,TRUE,1680470561.2,420.3701,420.0452,9.429617,9.243911,416.7491,9.363832,500.0913,89.29122,0.10016574,20.01807,20.00326,999.9,0,0,9995.364,0,0.441312,0.3247652,424.3717,423.9643,0.185706,420.0452,9.243911,0.8419821,0.8254002,4.435497,4.151793,0,0,0,0,2.05905,0,-1.35456,-1.46294,34.3184,41.4937,37.6124,40.7872,35.3624,0,0,0,1680470606.1,0,1680470270,16:17:50,1680470268.5,1680470270,1,-0.045,0.002,3.62,0.063,420,9,0.28,0.21,0.3473832,-0.017409523452158,0.115968061881968,1,0.193184525,0.0503578874296437,0.0140873749346489,1,2,2,"2/2",2.98049,2.72862,0.0846826,0.0856038,0.0538665,0.0535602,27487.7,27107.1,30557.5,29888.6,39905.5,37256.2,46731.3,44441.7,1.87962,1.84808,0.0066869,0,19.883,999.9,39.5,30.4,19.2845,63.2799,21.7989,1,-0.0719055,3.25757,20.1935,5.23975,11.968,4.97295,3.291,9999,9999,9999,999.9,4.97292,1.87698,1.87505,1.8779,1.87464,1.8783,1.87531,1.87649,0,0,0,0,11111111,"oooooooo","on","on","on","on",0,100,100,3.621,0.0658,2.00441086256721,0.00461860738802955,-1.9889230679433e-06,5.14147328216348e-10,-0.01969894681444,0.00584266401824029,0.00033693778868027,1.50080497552867e-06,0,2112,1,25,4.9,4.9,1.09009,2.5415,1.39893,2.34619,1.44897,2.36328,35.5683,24.0525,18,489.109,440.673,16.8444,25.9803,29.9999,25.9123,26.002,21.8538,47.4999,37.0248,16.8557,420,9.34714,101.002,102.197,2
12,1680470569,55,2023-04-02 16:22:49,16:22:49,5,"albert","sch_sco4_t2_ch2",1680470566.5,0.00047672700020858,0.476727000208587,-1.07502327013561,420.368889255617,469.865987281938,42.0018412303086,37.5772407933012,0.0279820449576793,4.07162725034939,0.0278756474077956,0.0174318051654339,0,19.9203650455854,19.9886111111111,2.34495862733703,35.9179800052644,0.843463407161629,2.34830412801055,1.5014952201754,-21.0236607091987,5.05359806178672,0.249544095274958,-15.720518552137,-1.49212943330272,0.486037979022604,-1.07502327013561,423.877489642889,424.33236969697,-0.0202866026803691,65.1895820424065,0.476727000208587,9.2879289760998,9.44333133333333,5.59402906074637e-05,97.3692069204631,2,0,1,0,48379,0,0,0,0,1.65,0.5,"0: Broadleaf",2,TRUE,1680470566.5,420.368888888889,419.944,9.43565222222222,9.27680666666667,416.747888888889,9.36979222222222,500.105666666667,89.2911666666667,0.0999413666666667,20.0116333333333,19.9886111111111,999.9,0,0,9997.70111111111,0,0.441312,0.424852222222222,424.373,423.876111111111,0.158844222222222,419.944,9.27680666666667,0.842520333333333,0.828337111111111,4.44462444444444,4.20237777777778,0,0,0,0,1.99366666666667,0,-1.03228888888889,-1.46302222222222,34.2636666666667,41.5067777777778,37.625,40.812,35.347,0,0,0,1680470611.5,0,1680470270,16:17:50,1680470268.5,1680470270,1,-0.045,0.002,3.62,0.063,420,9,0.28,0.21,0.36365215,0.372919091932458,0.112615179653,0,0.1908507,-0.154021823639775,0.0190833020166846,0,0,2,"0/2",2.98025,2.72846,0.0846698,0.0856119,0.0539316,0.0538373,27488.6,27106.6,30558,29888.3,39903.6,37244.9,46732.4,44441.3,1.87982,1.8482,0.00597164,0,19.8809,999.9,39.4,30.4,19.2342,63.4099,21.9992,1,-0.0726016,3.13429,20.1958,5.24005,11.968,4.9732,3.291,9999,9999,9999,999.9,4.97293,1.87698,1.87507,1.8779,1.87464,1.87826,1.87532,1.8765,0,0,0,0,11111111,"oooooooo","on","on","on","on",0,100,100,3.621,0.066,2.00441086256721,0.00461860738802955,-1.9889230679433e-06,5.14147328216348e-10,-0.01969894681444,0.00584266401824029,0.00033693778868027,1.50080497552867e-06,0,2112,1,25,5,5,1.09009,2.52563,1.39893,2.34619,1.44897,2.47314,35.5683,24.07,18,489.2,440.733,16.8321,25.9766,29.9995,25.9096,25.9998,21.8532,47.4999,36.6495,16.8526,420,9.33881,101.004,102.196,2
13,1680471370.6,856.599999904633,2023-04-02 16:36:10,16:36:10,5,"albert","sch_sco4_t2_ch2",1680471367.85,0.00031059924385885,0.310599243858859,-1.75550224701929,420.546000613023,563.260806772283,50.3394757250021,37.5848362509353,0.0180061008746026,4.07490717731147,0.0179620150086252,0.0112302112507669,0,27.3976997508134,27.4989,3.68538585727341,59.5913166774337,2.19077842435781,3.67633834341409,1.49460743291559,-13.6974266541757,-9.2268286212162,-0.491002326356151,-23.415257601748,-1.7331184677403,0.358930875967304,-1.75550224701929,430.548241948906,431.135775757576,0.00137852388487782,63.4709093704583,0.310599243858859,24.4199899807553,24.5195909090909,5.07954530692926e-05,104.843136808858,2,0,1,0,47200,0,0,0,0,1.65,0.5,"0: Broadleaf",2,TRUE,1680471367.85,420.546,420.0239,24.51316,24.39762,417.1502,24.17914,500.0159,89.27172,0.09980225,27.4569,27.4989,999.9,0,0,10010.75,0,0.441312,0.5220185,431.1139,430.5278,0.11553308,420.0239,24.39762,2.188332,2.178019,18.87715,18.80154,0,0,0,0,2.05001,0,0.96096,-1.49071,34.8748,39.8934,37.2873,38.9936,36.0808,0,0,0,1680471413.1,0,1680471007.6,16:30:07,1680471007.1,1680471007.6,2,-0.227,-0.006,3.394,0.333,420,24,0.57,0.3,0.560874975,0.0130907279549709,0.0582887650441693,1,0.14140682,-0.118365867917449,0.0180729629228331,0,1,2,"1/2",2.98004,2.72851,0.0848205,0.0857026,0.10757,0.108119,27473.2,27093.4,30547.6,29878.3,37601.7,35069.3,46717.6,44424.4,1.87725,1.88962,0.0858083,0,26.1014,999.9,56,30.2,27.0358,63.4835,20.9175,1,-0.0665981,-0.920281,20.2185,5.23541,11.968,4.973,3.291,9999,9999,9999,999.9,4.97293,1.87701,1.87515,1.87796,1.87469,1.8783,1.87537,1.87652,0,0,0,0,11111111,"oooooooo","on","on","on","on",0,100,100,3.396,0.3342,1.77783480340168,0.00461860738802955,-1.9889230679433e-06,5.14147328216348e-10,-0.0254596392090802,0.00584266401824029,0.00033693778868027,1.50080497552867e-06,0,2112,1,25,6.1,6,1.1145,2.55249,1.39893,2.37061,1.44897,2.3938,35.8711,24.0787,18,488.761,467.616,27.4785,26.2465,30,26.0481,26.1155,22.3506,21.1853,100,27.4773,420,24.436,100.971,102.159,2
14,1680471375.6,861.599999904633,2023-04-02 16:36:15,16:36:15,5,"albert","sch_sco4_t2_ch2",1680471373.1,0.0004269253597185,0.426925359718505,-1.99247431376239,420.590667364992,536.321564039687,47.9322661531629,37.5891352527891,0.0247939485798657,4.06912104071571,0.0247103240451844,0.0154514422322596,0,27.3763292742993,27.5028333333333,3.68623415835985,59.6463617343923,2.19291901130279,3.67653440635315,1.49331514705706,-18.8274083635861,-9.87672539747456,-0.526346439868303,-29.2304802009289,-1.92783992677704,0.311545799766502,-1.99247431376239,430.51563075142,431.18463030303,0.00108556175815395,63.4709093704583,0.426925359718505,24.437711270852,24.5468363636364,0.00377728263972629,104.843136808858,2,0,1,0,47118,0,0,0,0,1.65,0.5,"0: Broadleaf",2,TRUE,1680471373.1,420.590666666667,419.997777777778,24.5369111111111,24.4366333333333,417.195,24.2023333333333,500.048333333333,89.2721111111111,0.100141222222222,27.4578111111111,27.5028333333333,999.9,0,0,9991.53111111111,0,0.441312,0.592776777777778,431.170222222222,430.518222222222,0.1002739,419.997777777778,24.4366333333333,2.19046222222222,2.18150888888889,18.8927444444444,18.8271777777778,0,0,0,0,2.12441111111111,0,0.819333333333333,-1.50366666666667,34.8192222222222,39.7567777777778,37.1941111111111,38.8053333333333,36.0135555555555,0,0,0,1680471417.9,0,1680471007.6,16:30:07,1680471007.1,1680471007.6,2,-0.227,-0.006,3.394,0.333,420,24,0.57,0.3,0.567108146341463,0.128995337979095,0.0553936415227354,0,0.130783095121951,-0.213518504529617,0.024830675770044,0,0,2,"0/2",2.98005,2.72842,0.0848246,0.0857056,0.107647,0.108134,27473.3,27093.6,30547.8,29878.7,37598.5,35069.1,46717.7,44425,1.87742,1.8895,0.0855327,0,26.1048,999.9,56,30.2,27.035,63.4935,20.6731,1,-0.0662754,-0.911196,20.2187,5.23526,11.968,4.97285,3.291,9999,9999,9999,999.9,4.97295,1.87704,1.87515,1.87798,1.87468,1.87835,1.87538,1.87652,0,0,0,0,11111111,"oooooooo","on","on","on","on",0,100,100,3.396,0.3349,1.77783480340168,0.00461860738802955,-1.9889230679433e-06,5.14147328216348e-10,-0.0254596392090802,0.00584266401824029,0.00033693778868027,1.50080497552867e-06,0,2112,1,25,6.1,6.1,1.1145,2.54028,1.39893,2.37061,1.44897,2.50366,35.8711,24.0875,18,488.857,467.538,27.4785,26.2465,30.0002,26.0481,26.1159,22.3498,21.1853,100,27.4766,420,24.436,100.972,102.16,2
15,1680471380.6,866.599999904633,2023-04-02 16:36:20,16:36:20,5,"albert","sch_sco4_t2_ch2",1680471377.8,0.00039673079817091,0.396730798170913,-1.800581565887,420.585100630707,532.707761550704,47.6075939820509,37.5872967336536,0.0230579058096253,4.07197497920725,0.0229856139619087,0.0143724848626712,0,27.3809413576018,27.50234,3.68612775192938,59.6900183293611,2.19436978238188,3.67627593992961,1.4917579695475,-17.4958281993373,-10.0390298485626,-0.534616416362096,-28.069474464262,-1.84653877003196,0.366165713103464,-1.800581565887,430.549057840988,431.16096969697,-0.00063440402697152,63.4709093704583,0.396730798170913,24.4347984749384,24.5587072727273,0.00050589746833161,104.843136808858,2,0,1,0,47099,0,0,0,0,1.65,0.5,"0: Broadleaf",2,TRUE,1680471377.8,420.5851,420.0266,24.55402,24.43616,417.1894,24.21902,500.0327,89.26917,0.0998939,27.45661,27.50234,999.9,0,0,10001.317,0,0.441312,0.5586396,431.1723,430.5475,0.117872,420.0266,24.43616,2.191917,2.181393,18.90337,18.82631,0,0,0,0,2.16352,0,0.54857,-1.41364,34.7872,39.5935,37.1249,38.6248,35.9371,0,0,0,1680471422.7,0,1680471007.6,16:30:07,1680471007.1,1680471007.6,2,-0.227,-0.006,3.394,0.333,420,24,0.57,0.3,0.575296775,-0.177581527204504,0.0450685616330761,0,0.1212325725,-0.140148183489681,0.0220320802814554,0,0,2,"0/2",2.98011,2.72825,0.0848172,0.0857042,0.107677,0.108116,27473.4,27094,30547.8,29879.1,37597.2,35070.2,46717.6,44425.4,1.87745,1.88958,0.085257,0,26.1064,999.9,56.1,30.2,27.0842,63.4135,21.0096,1,-0.0667429,-0.897388,20.2187,5.23571,11.968,4.97305,3.291,9999,9999,9999,999.9,4.97293,1.87699,1.87513,1.87792,1.87464,1.87829,1.87531,1.87647,0,0,0,0,11111111,"oooooooo","on","on","on","on",0,100,100,3.396,0.3352,1.77783480340168,0.00461860738802955,-1.9889230679433e-06,5.14147328216348e-10,-0.0254596392090802,0.00584266401824029,0.00033693778868027,1.50080497552867e-06,0,2112,1,25,6.2,6.2,1.1145,2.55493,1.39893,2.37061,1.44897,2.46948,35.8711,24.07,18,488.871,467.6,27.4762,26.2465,30.0001,26.0481,26.1175,22.3498,21.1853,100,27.473,420,24.4359,100.972,102.161,2
16,1680471385.6,871.599999904633,2023-04-02 16:36:25,16:36:25,5,"albert","sch_sco4_t2_ch2",1680471383.1,0.00040421739102638,0.404217391026387,-1.92668542402961,420.574000675009,538.843660262705,48.1545342877209,37.5851970238544,0.0235061091904834,4.07091963308755,0.0234309651209142,0.0146510844638081,0,27.3770843666174,27.5016111111111,3.68597054373072,59.7155947642541,2.19500038228436,3.67575738121643,1.49097016144636,-17.8259869442637,-10.4053838442022,-0.55426112316916,-28.785631911635,-1.97543325138993,0.401798895583803,-1.92668542402961,430.483191986695,431.138175757576,-0.00072170693163491,63.4709093704583,0.404217391026387,24.4314816815987,24.561896969697,-4.0522929580417e-05,104.843136808858,2,0,1,0,47105,0,0,0,0,1.65,0.5,"0: Broadleaf",2,TRUE,1680471383.1,420.574,419.977888888889,24.5618,24.4324666666667,417.178333333333,24.2266333333333,500.013777777778,89.2664888888889,0.0999411888888889,27.4542,27.5016111111111,999.9,0,0,9998.12,0,0.441312,0.596259222222222,431.164111111111,430.495888888889,0.129355777777778,419.977888888889,24.4324666666667,2.19254777777778,2.18099888888889,18.9079666666667,18.8234333333333,0,0,0,0,2.13568888888889,0,0.321011111111111,-1.37374444444444,34.583,39.4581111111111,37.0971111111111,38.4581111111111,35.8677777777778,0,0,0,1680471428.1,0,1680471007.6,16:30:07,1680471007.1,1680471007.6,2,-0.227,-0.006,3.394,0.333,420,24,0.57,0.3,0.567787175,0.143750442776735,0.0376454640739675,0,0.1164087225,0.0167419058161352,0.0166485979203729,1,1,2,"1/2",2.98004,2.72837,0.0848118,0.0856992,0.107683,0.108104,27473.8,27093.5,30548,29878.3,37597.1,35070,46717.8,44424.4,1.87725,1.88943,0.0847355,0,26.1078,999.9,56.1,30.2,27.0842,63.5135,20.7933,1,-0.0663262,-0.897642,20.2187,5.23571,11.968,4.9729,3.291,9999,9999,9999,999.9,4.97292,1.877,1.87512,1.87792,1.87462,1.87824,1.87531,1.87649,0,0,0,0,11111111,"oooooooo","on","on","on","on",0,100,100,3.396,0.3352,1.77783480340168,0.00461860738802955,-1.9889230679433e-06,5.14147328216348e-10,-0.0254596392090802,0.00584266401824029,0.00033693778868027,1.50080497552867e-06,0,2112,1,25,6.3,6.3,1.1145,2.54395,1.39893,2.37061,1.44897,2.43042,35.8711,24.0787,18,488.761,467.507,27.4726,26.2465,30.0001,26.0481,26.1177,22.3486,21.1853,100,27.4714,420,24.434,100.972,102.159,2
17,1680471390.6,876.599999904633,2023-04-02 16:36:30,16:36:30,5,"albert","sch_sco4_t2_ch2",1680471387.8,0.00041585059860367,0.41585059860368,-1.9565217827264,420.572500685605,537.037038523929,47.9930422730633,37.585031117724,0.0242117115519321,4.07323359603795,0.0241320418315728,0.0150896621863696,0,27.3706476323388,27.49435,3.68440477235559,59.7325279563676,2.19507537684732,3.67484091490442,1.48932939550827,-18.3390113984223,-9.75226589324869,-0.519146677247535,-28.6104239689185,-1.98475392433232,0.415282849763787,-1.9565217827264,430.491575911522,431.153939393939,-0.00012777331274278,63.4709093704583,0.41585059860368,24.4284681209953,24.562483030303,-2.16497924922687e-05,104.843136808858,2,0,1,0,47059,0,0,0,0,1.65,0.5,"0: Broadleaf",2,TRUE,1680471387.8,420.5725,419.9752,24.56266,24.42899,417.1765,24.22743,500.0269,89.26639,0.09996433,27.44994,27.49435,999.9,0,0,10005.8,0,0.441312,0.5973419,431.1628,430.4915,0.1336385,419.9752,24.42899,2.192619,2.18069,18.90849,18.82114,0,0,0,0,2.20299,0,-0.21871,-1.36061,34.431,39.3435,36.9497,38.2748,35.7934,0,0,0,1680471432.9,0,1680471007.6,16:30:07,1680471007.1,1680471007.6,2,-0.227,-0.006,3.394,0.333,420,24,0.57,0.3,0.583766925,0.0583702851782349,0.0268122393855749,1,0.1199807525,0.137228896435272,0.0138451931715485,0,1,2,"1/2",2.98005,2.72847,0.0848126,0.0856941,0.107684,0.108099,27473.9,27093.9,30548.1,29878.6,37597,35070.6,46717.8,44425,1.87715,1.88932,0.0848472,0,26.1086,999.9,56.1,30.2,27.0826,63.4935,20.8494,1,-0.0663999,-0.914161,20.2186,5.23571,11.968,4.97285,3.291,9999,9999,9999,999.9,4.97293,1.87701,1.87512,1.87793,1.87468,1.87826,1.87532,1.8765,0,0,0,0,11111111,"oooooooo","on","on","on","on",0,100,100,3.395,0.3352,1.77783480340168,0.00461860738802955,-1.9889230679433e-06,5.14147328216348e-10,-0.0254596392090802,0.00584266401824029,0.00033693778868027,1.50080497552867e-06,0,2112,1,25,6.4,6.4,1.1145,2.54272,1.39893,2.37061,1.44897,2.50366,35.8711,24.0787,18,488.717,467.442,27.4719,26.2465,30,26.0496,26.1177,22.3512,21.1853,100,27.4743,420,24.4347,100.972,102.16,2
18,1680471395.6,881.599999904633,2023-04-02 16:36:35,16:36:35,5,"albert","sch_sco4_t2_ch2",1680471393.1,0.00042807190418576,0.428071904185766,-2.11921200860385,420.568445185546,543.750163584172,48.5941379563559,37.5855722244263,0.0249177374896771,4.07113355658471,0.0248333189795528,0.0155283850714351,0,27.3629260262782,27.4968333333333,3.68494020802973,59.7519912168748,2.19510292447884,3.67368999722792,1.48983728355089,-18.8779709745923,-11.4667649080762,-0.61072149292638,-30.9554573755949,-1.98844914900705,0.424376419126728,-2.11921200860385,430.487599555559,431.199915151515,0.00098208845360176,63.4709093704583,0.428071904185766,24.4251277510211,24.5627272727273,2.38666412336407e-05,104.843136808858,2,0,1,0,47189,0,0,0,0,1.65,0.5,"0: Broadleaf",2,TRUE,1680471393.1,420.568444444444,419.971222222222,24.5623777777778,24.4257888888889,417.172555555556,24.2271777777778,500.056777777778,89.2684333333333,0.100069355555556,27.4445888888889,27.4968333333333,999.9,0,0,9998.61111111111,0,0.441312,0.597195111111111,431.158666666667,430.486222222222,0.136590333333333,419.971222222222,24.4257888888889,2.19264333333333,2.18045111111111,18.9086888888889,18.8194111111111,0,0,0,0,2.07484444444444,0,-0.108522222222222,-1.29042222222222,34.4997777777778,39.229,36.84,38.1111111111111,35.708,0,0,0,1680471437.7,0,1680471007.6,16:30:07,1680471007.1,1680471007.6,2,-0.227,-0.006,3.394,0.333,420,24,0.57,0.3,0.584302219512195,0.113512139372823,0.0277889180864464,0,0.128007804878049,0.0810776864111498,0.00856967646661268,1,1,2,"1/2",2.98012,2.72838,0.0848223,0.0856992,0.107686,0.108088,27473.9,27093.9,30548.5,29878.7,37597.6,35071.2,46718.6,44425.2,1.87733,1.8894,0.0847429,0,26.11,999.9,56.1,30.2,27.0857,63.1135,21.0537,1,-0.0664406,-0.922094,20.2186,5.23736,11.968,4.9727,3.291,9999,9999,9999,999.9,4.97293,1.87699,1.8751,1.87791,1.87465,1.87826,1.87532,1.87647,0,0,0,0,11111111,"oooooooo","on","on","on","on",0,100,100,3.396,0.3352,1.77783480340168,0.00461860738802955,-1.9889230679433e-06,5.14147328216348e-10,-0.0254596392090802,0.00584266401824029,0.00033693778868027,1.50080497552867e-06,0,2112,1,25,6.5,6.5,1.1145,2.55615,1.39893,2.36938,1.44897,2.40845,35.8711,24.07,18,488.818,467.49,27.4748,26.2465,30.0002,26.0503,26.1177,22.3524,21.1853,100,27.4771,420,24.4324,100.974,102.16,2
19,1680471400.6,886.599999904633,2023-04-02 16:36:40,16:36:40,5,"albert","sch_sco4_t2_ch2",1680471397.8,0.00043517555577737,0.435175555777373,-1.68828564085838,420.570300589835,514.52998393192,45.9827186838672,37.5856926180043,0.0253592340542528,4.07289343096036,0.0252718408641238,0.015802727244624,0,27.3602959847429,27.48925,3.68330536567831,59.7541186050272,2.19501288933897,3.67340852912237,1.48829247633934,-19.1912420097822,-10.0939928749776,-0.537351311025939,-29.8225861957857,-1.83624350362268,0.436900908091271,-1.68828564085838,430.552680163979,431.127266666667,-0.00077871522357335,63.4709093704583,0.435175555777373,24.4186191564367,24.5592781818182,-7.79850654947661e-05,104.843136808858,2,0,1,0,47207,0,0,0,0,1.65,0.5,"0: Broadleaf",2,TRUE,1680471397.8,420.5703,420.025,24.5614,24.42077,417.1746,24.22622,500.0217,89.26842,0.09997469,27.44328,27.48925,999.9,0,0,10004.445,0,0.441312,0.5453214,431.1602,430.5392,0.1406128,420.025,24.42077,2.192556,2.180002,18.90801,18.81613,0,0,0,0,2.05287,0,-0.30076,-1.28498,34.3435,39.1249,36.8062,37.9873,35.6249,0,0,0,1680471443.1,0,1680471007.6,16:30:07,1680471007.1,1680471007.6,2,-0.227,-0.006,3.394,0.333,420,24,0.57,0.3,0.5814567,-0.154119602251408,0.036182295748888,0,0.1349224,0.045446746716698,0.00443965048061218,1,1,2,"1/2",2.97994,2.72825,0.0848158,0.0857065,0.107679,0.108071,27474,27093.7,30548.3,29878.7,37597.6,35071.8,46718.2,44425.1,1.8771,1.88938,0.0844747,0,26.1121,999.9,56.1,30.2,27.0832,63.1235,20.7051,1,-0.066377,-0.930662,20.2185,5.23796,11.968,4.97205,3.291,9999,9999,9999,999.9,4.97293,1.877,1.87514,1.87792,1.87466,1.8783,1.87533,1.87649,0,0,0,0,11111111,"oooooooo","on","on","on","on",0,100,100,3.395,0.3351,1.77783480340168,0.00461860738802955,-1.9889230679433e-06,5.14147328216348e-10,-0.0254596392090802,0.00584266401824029,0.00033693778868027,1.50080497552867e-06,0,2112,1,25,6.6,6.5,1.1145,2.53906,1.39893,2.37061,1.44897,2.4585,35.8711,24.0787,18,488.695,467.474,27.4782,26.2465,30,26.0503,26.1177,22.3513,21.1853,100,27.4808,420,24.4339,100.973,102.16,2
20,1680471405.6,891.599999904633,2023-04-02 16:36:45,16:36:45,5,"albert","sch_sco4_t2_ch2",1680471403.1,0.00045352329314789,0.453523293147896,-1.96244834734314,420.565111796653,526.728942953107,47.07377175348,37.585908929168,0.0264200144956082,4.07181932655005,0.0263251468873834,0.0164617117587144,0,27.3565622355177,27.4923777777778,3.68397958658129,59.7538374407473,2.19497514944798,3.67336265495006,1.48900443713332,-20.0003772278222,-10.8247713404363,-0.576414525900347,-31.4015630941588,-2.06213497684317,0.450741904871511,-1.96244834734314,430.464828675804,431.129921212121,-0.00029562484228856,63.4709093704583,0.453523293147896,24.4144667433495,24.5605127272727,-9.74356194317688e-06,104.843136808858,2,0,1,0,47230,0,0,0,0,1.65,0.5,"0: Broadleaf",2,TRUE,1680471403.1,420.565111111111,419.947222222222,24.5605333333333,24.4154555555556,417.169333333333,24.2254,500.047555555556,89.2700333333333,0.0999782888888889,27.4430666666667,27.4923777777778,999.9,0,0,10000.7044444444,0,0.441312,0.617662111111111,431.154555555556,430.457111111111,0.145083888888889,419.947222222222,24.4154555555556,2.19252111111111,2.17956777777778,18.9077777777778,18.8129222222222,0,0,0,0,2.14237777777778,0,-0.674577777777778,-1.18145555555556,34.2082222222222,39.0067777777778,36.722,37.8191111111111,35.611,0,0,0,1680471447.9,0,1680471007.6,16:30:07,1680471007.1,1680471007.6,2,-0.227,-0.006,3.394,0.333,420,24,0.57,0.3,0.583550365853659,0.00178085017421782,0.0400033775785923,1,0.138307926829268,0.0445189756097562,0.00444125686116455,1,2,2,"2/2",2.98013,2.72849,0.0848111,0.08569,0.10768,0.108056,27474.1,27093.6,30548.2,29878.1,37597.8,35071.7,46718.5,44424.3,1.8774,1.88943,0.0838786,0,26.1142,999.9,56.1,30.2,27.0835,63.3135,20.8934,1,-0.0662754,-0.945231,20.2185,5.239,11.968,4.97285,3.291,9999,9999,9999,999.9,4.97296,1.877,1.87515,1.87794,1.87469,1.8783,1.87532,1.87651,0,0,0,0,11111111,"oooooooo","on","on","on","on",0,100,100,3.396,0.3352,1.77783480340168,0.00461860738802955,-1.9889230679433e-06,5.14147328216348e-10,-0.0254596392090802,0.00584266401824029,0.00033693778868027,1.50080497552867e-06,0,2112,1,25,6.6,6.6,1.1145,2.54883,1.39893,2.37061,1.44897,2.49023,35.8711,24.0787,18,488.858,467.506,27.4832,26.2443,30.0002,26.0503,26.1177,22.3549,21.1853,100,27.4871,420,24.4337,100.973,102.158,2
21,1680471410.6,896.599999904633,2023-04-02 16:36:50,16:36:50,5,"albert","sch_sco4_t2_ch2",1680471407.8,0.00046394573861931,0.463945738619313,-1.95021989739411,420.5295006845,523.312401720279,46.7688699184523,37.5830755199604,0.0270355496241468,4.06870696431281,0.026936143348634,0.0168439902519966,0,27.3520332263297,27.49006,3.68347995820056,59.7574031715705,2.194787903257,3.67283012107388,1.48869205494356,-20.4600070731117,-10.8513498641764,-0.578257991986103,-31.8896149292742,-1.86363630064149,0.460868406714462,-1.95021989739411,430.484850976897,431.142678787879,0.00039605293930975,63.4709093704583,0.463945738619313,24.4079242826832,24.5573103030303,-7.39421978830526e-06,104.843136808858,2,0,1,0,47056,0,0,0,0,1.65,0.5,"0: Broadleaf",2,TRUE,1680471407.8,420.5295,419.9785,24.55821,24.40987,417.134,24.22312,500.0391,89.27072,0.1001219,27.44059,27.49006,999.9,0,0,9990.315,0,0.441312,0.5511718,431.1171,430.4865,0.1483275,419.9785,24.40987,2.192329,2.179088,18.90638,18.80939,0,0,0,0,2.18522,0,-1.08937,-1.19716,34.1436,38.8997,36.6747,37.706,35.5497,0,0,0,1680471452.7,0,1680471007.6,16:30:07,1680471007.1,1680471007.6,2,-0.227,-0.006,3.394,0.333,420,24,0.57,0.3,0.57364875,-0.103050191369607,0.0453228553826599,0,0.14252865,0.0481120975609758,0.00465573578798239,1,1,2,"1/2",2.98008,2.72843,0.0848184,0.0857105,0.107672,0.108037,27473.7,27092.9,30548.1,29878,37597.7,35072.2,46718,44423.9,1.87722,1.88935,0.0836775,0,26.1152,999.9,56.1,30.2,27.0835,63.4435,20.9375,1,-0.0663465,-0.956193,20.2185,5.23885,11.968,4.97275,3.291,9999,9999,9999,999.9,4.97294,1.87701,1.87513,1.87792,1.87465,1.87828,1.87532,1.87648,0,0,0,0,11111111,"oooooooo","on","on","on","on",0,100,100,3.396,0.3351,1.77783480340168,0.00461860738802955,-1.9889230679433e-06,5.14147328216348e-10,-0.0254596392090802,0.00584266401824029,0.00033693778868027,1.50080497552867e-06,0,2112,1,25,6.7,6.7,1.1145,2.55249,1.39893,2.37061,1.44897,2.39624,35.8711,24.0787,18,488.763,467.458,27.4903,26.2443,30,26.0503,26.1177,22.3521,21.1853,100,27.4941,420,24.4337,100.973,102.158,2
22,1680471415.6,901.599999904633,2023-04-02 16:36:55,16:36:55,5,"albert","sch_sco4_t2_ch2",1680471413.1,0.00045611125961623,0.456111259616238,-1.84898536660622,420.56933397984,519.203571783005,46.4014550115663,37.5864691432939,0.0265991593105171,4.07254561931369,0.0265030204217689,0.0165729963663125,0,27.3509942290078,27.4827777777778,3.68191056135281,59.7567889886734,2.19442974640861,3.67226851299616,1.4874808149442,-20.1145065490761,-9.83624675839458,-0.523644196279461,-30.4743975037502,-1.88862762159789,0.464133231240616,-1.84898536660622,430.523466991519,431.149290909091,-0.00010031262705504,63.4709093704583,0.456111259616238,24.4042896032928,24.5516121212121,-6.87927440458135e-05,104.843136808858,2,0,1,0,47175,0,0,0,0,1.65,0.5,"0: Broadleaf",2,TRUE,1680471413.1,420.569333333333,420.010555555556,24.5543111111111,24.4049222222222,417.173555555556,24.2193111111111,500.047666666667,89.2705222222222,0.0999242333333333,27.4379777777778,27.4827777777778,999.9,0,0,10003.0566666667,0,0.441312,0.558844777777778,431.156111111111,430.517333333333,0.1494,420.010555555556,24.4049222222222,2.19197777777778,2.17864111111111,18.9037888888889,18.8061,0,0,0,0,2.03473333333333,0,-1.13842222222222,-1.13343333333333,34.2916666666667,38.8053333333333,36.6108888888889,37.6248888888889,35.5483333333333,0,0,0,1680471458.1,0,1680471007.6,16:30:07,1680471007.1,1680471007.6,2,-0.227,-0.006,3.394,0.333,420,24,0.57,0.3,0.566121097560976,-0.10186055749129,0.0457310949204655,0,0.145360975609756,0.0390076306620209,0.00402039007018949,1,1,2,"1/2",2.98012,2.72839,0.0848159,0.0857017,0.107654,0.108027,27473.9,27093.2,30548.2,29878.1,37598.6,35072.8,46718.2,44424.1,1.87728,1.88927,0.0835061,0,26.1174,999.9,56.1,30.2,27.0824,63.2735,20.617,1,-0.0663948,-0.968903,20.2185,5.239,11.968,4.97265,3.291,9999,9999,9999,999.9,4.97294,1.87702,1.87513,1.87794,1.87467,1.87831,1.87535,1.87649,0,0,0,0,11111111,"oooooooo","on","on","on","on",0,100,100,3.395,0.3349,1.77783480340168,0.00461860738802955,-1.9889230679433e-06,5.14147328216348e-10,-0.0254596392090802,0.00584266401824029,0.00033693778868027,1.50080497552867e-06,0,2112,1,25,6.8,6.8,1.1145,2.5415,1.39893,2.37061,1.44897,2.48779,35.8944,24.0787,18,488.79,467.417,27.4986,26.2443,30,26.0503,26.1186,22.3537,21.1853,100,27.5032,420,24.4337,100.973,102.158,2
23,1680471420.6,906.599999904633,2023-04-02 16:37:00,16:37:00,5,"albert","sch_sco4_t2_ch2",1680471417.8,0.00046355104984633,0.463551049846339,-1.93561521222323,420.567400676957,522.619996004505,46.7071146693181,37.5865637743917,0.0270044779906961,4.07166027845815,0.0269053712767409,0.0168247309413892,0,27.3474692883785,27.48867,3.68318035324764,59.753489594373,2.1940404085814,3.67181971040568,1.48913994466625,-20.4426012982236,-11.5858089966439,-0.616930037323258,-32.6453403321907,-1.92632200635909,0.462967056139111,-1.93561521222323,430.515975668525,431.169521212121,0.00025280597380664,63.4709093704583,0.463551049846339,24.399070408859,24.5484236363636,-1.93651965255752e-05,104.843136808858,2,0,1,0,47178,0,0,0,0,1.65,0.5,"0: Broadleaf",2,TRUE,1680471417.8,420.5674,419.996,24.54978,24.40076,417.1714,24.21487,500.0283,89.27109,0.09999229,27.43589,27.48867,999.9,0,0,10000.059,0,0.441312,0.571173,431.1517,430.5005,0.1490161,419.996,24.40076,2.191586,2.178282,18.90093,18.80348,0,0,0,0,2.10792,0,-1.00731,-1.09561,34.3121,38.7123,36.5061,37.4749,35.4621,0,0,0,1680471462.9,0,1680471007.6,16:30:07,1680471007.1,1680471007.6,2,-0.227,-0.006,3.394,0.333,420,24,0.57,0.3,0.5693443,-0.0995238574108829,0.0397609910472563,1,0.1479044,0.0172384615384612,0.00219031474678868,1,2,2,"2/2",2.98,2.72829,0.0848205,0.0856982,0.107643,0.108009,27473.4,27093.2,30547.9,29878,37598.6,35073.6,46717.6,44424.3,1.87703,1.8893,0.0837743,0,26.1191,999.9,56.1,30.2,27.0835,63.5235,21.0457,1,-0.0661967,-0.984404,20.2183,5.239,11.968,4.97295,3.291,9999,9999,9999,999.9,4.97294,1.87701,1.87514,1.87793,1.87467,1.87829,1.87532,1.87649,0,0,0,0,11111111,"oooooooo","on","on","on","on",0,100,100,3.396,0.3348,1.77783480340168,0.00461860738802955,-1.9889230679433e-06,5.14147328216348e-10,-0.0254596392090802,0.00584266401824029,0.00033693778868027,1.50080497552867e-06,0,2112,1,25,6.9,6.9,1.11572,2.55615,1.39893,2.37061,1.44897,2.47192,35.8944,24.07,18,488.654,467.444,27.5088,26.2443,30.0003,26.0503,26.1199,22.3537,21.1853,100,27.5141,420,24.4337,100.972,102.158,2
24,1680471425.6,911.599999904633,2023-04-02 16:37:05,16:37:05,5,"albert","sch_sco4_t2_ch2",1680471423.1,0.00046641474325185,0.466414743251853,-1.95306477550245,420.556445129252,522.899758948863,46.7327219277003,37.5860708840937,0.0271797692189353,4.07411507745182,0.0270794345202654,0.0169336302414426,0,27.3443949423542,27.4846444444444,3.68231279237373,59.7497819832655,2.19357307335732,3.67126540138956,1.48873971901641,-20.5688901774067,-11.275042858853,-0.600000588732033,-32.4439336249917,-1.92966487830541,0.468154958100545,-1.95306477550245,430.48732387748,431.147515151515,8.5924763359754e-05,63.4709093704583,0.466414743251853,24.3919574269847,24.5423218181818,-3.1421260645584e-05,104.843136808858,2,0,1,0,47020,0,0,0,0,1.65,0.5,"0: Broadleaf",2,TRUE,1680471423.1,420.556444444445,419.984666666667,24.5442333333333,24.3935444444444,417.160555555556,24.2094777777778,500.034444444444,89.2723333333333,0.0999050888888889,27.4333111111111,27.4846444444444,999.9,0,0,10008.0555555556,0,0.441312,0.571777444444445,431.138444444444,430.485666666667,0.150692777777778,419.984666666667,24.3935444444444,2.19112,2.17766666666667,18.8975111111111,18.7989666666667,0,0,0,0,2.18961111111111,0,-1.50233333333333,-1.03358888888889,34.2635555555555,38.604,36.5345555555555,37.3331111111111,35.3748888888889,0,0,0,1680471467.7,0,1680471007.6,16:30:07,1680471007.1,1680471007.6,2,-0.227,-0.006,3.394,0.333,420,24,0.57,0.3,0.564502243902439,0.0198480627177702,0.0331905096447327,1,0.149198487804878,0.00881728222996508,0.00127035057811404,1,2,2,"2/2",2.98013,2.72838,0.0848218,0.0857017,0.107628,0.107991,27473.3,27093.5,30547.7,29878.4,37599,35074.9,46717.3,44425,1.87735,1.8893,0.0831932,0,26.121,999.9,56.1,30.2,27.0838,63.4735,20.7372,1,-0.0662678,-0.981626,20.2185,5.23945,11.968,4.97295,3.291,9999,9999,9999,999.9,4.97292,1.87704,1.87515,1.87795,1.87468,1.87832,1.87533,1.8765,0,0,0,0,11111111,"oooooooo","on","on","on","on",0,100,100,3.396,0.3347,1.77783480340168,0.00461860738802955,-1.9889230679433e-06,5.14147328216348e-10,-0.0254596392090802,0.00584266401824029,0.00033693778868027,1.50080497552867e-06,0,2112,1,25,7,7,1.1145,2.54639,1.39893,2.37061,1.44897,2.41821,35.8944,24.0787,18,488.831,467.444,27.5192,26.2443,30.0001,26.0503,26.1199,22.3544,21.1853,100,27.5216,420,24.4337,100.971,102.16,2
