id,rd,Tleaf,machine,chamber
bou_cur10_t1_ch3,0.940448459,27.47791667,stan,3
bou_cur10_t1_ch3,0.929366518,27.48150345,stan,3
bou_cur10_t1_ch3,0.946558763,27.48295,stan,3
bou_cur10_t1_ch3,0.932939344,27.48367037,stan,3
bou_cur10_t1_ch3,0.954254996,27.48483929,stan,3
bou_cur10_t1_ch3,0.968434057,27.48305185,stan,3
bou_cur10_t1_ch3,0.970445172,27.48255714,stan,3
bou_cur10_t1_ch3,0.973795989,27.48275185,stan,3
bou_cur10_t1_ch3,0.968196025,27.48345357,stan,3
bou_cur10_t1_ch3,0.967714787,27.48548148,stan,3
bou_cur10_t1_ch3,0.970503881,27.48356786,stan,3
bou_cur10_t1_ch3,0.962062541,27.48635185,stan,3
bou_cur10_t1_ch3,2.036184775,31.72408667,stan,3
bou_cur10_t1_ch3,2.087009224,31.88016552,stan,3
bou_cur10_t1_ch3,2.100946062,32.04455357,stan,3
bou_cur10_t1_ch3,2.16810434,32.21448519,stan,3
bou_cur10_t1_ch3,2.196922303,32.35893929,stan,3
bou_cur10_t1_ch3,2.234578409,32.51455926,stan,3
bou_cur10_t1_ch3,2.255793766,32.654475,stan,3
bou_cur10_t1_ch3,2.32400305,32.80958519,stan,3
bou_cur10_t1_ch3,2.373004945,32.94771071,stan,3
bou_cur10_t1_ch3,2.426204586,33.09953333,stan,3
bou_cur10_t1_ch3,2.439090022,33.23238929,stan,3
bou_cur10_t1_ch3,2.481366383,33.37773333,stan,3
bou_cur11_t2_ch3,0.316336169,27.48557,stan,3
bou_cur11_t2_ch3,0.328567903,27.47257778,stan,3
bou_cur11_t2_ch3,0.343293956,27.47447,stan,3
bou_cur11_t2_ch3,0.285440871,27.47847778,stan,3
bou_cur11_t2_ch3,0.285210549,27.48294,stan,3
bou_cur11_t2_ch3,0.341642681,27.48522222,stan,3
bou_cur11_t2_ch3,0.268457936,27.48132,stan,3
bou_cur11_t2_ch3,0.375165354,27.46995556,stan,3
bou_cur11_t2_ch3,0.306767568,27.47179,stan,3
bou_cur11_t2_ch3,0.19673525,27.47307778,stan,3
bou_cur11_t2_ch3,0.368472703,27.47117,stan,3
bou_cur11_t2_ch3,0.187874842,27.45837778,stan,3
bou_cur11_t2_ch3,0.797433745,34.56658182,stan,3
bou_cur11_t2_ch3,0.869321272,34.71907778,stan,3
bou_cur11_t2_ch3,0.777002986,34.83607,stan,3
bou_cur11_t2_ch3,0.901251432,34.98804444,stan,3
bou_cur11_t2_ch3,0.864111973,35.10803,stan,3
bou_cur11_t2_ch3,0.97200406,35.2053,stan,3
bou_cur11_t2_ch3,0.971147178,35.1619,stan,3
bou_cur11_t2_ch3,0.915459991,35.0165,stan,3
bou_cur11_t2_ch3,1.053734403,34.87141,stan,3
bou_cur11_t2_ch3,0.95096143,34.65154444,stan,3
bou_cur11_t2_ch3,0.723377479,34.49239,stan,3
bou_cur11_t2_ch3,0.539916474,34.34995556,stan,3
bou_cur13_t3_ch3,1.437772832,27.51088182,new,3
bou_cur13_t3_ch3,1.38399477,27.5161,new,3
bou_cur13_t3_ch3,1.331182538,27.51057,new,3
bou_cur13_t3_ch3,1.400474017,27.50863333,new,3
bou_cur13_t3_ch3,1.238753941,27.51949,new,3
bou_cur13_t3_ch3,1.24967528,27.51155556,new,3
bou_cur13_t3_ch3,1.341554965,27.50261,new,3
bou_cur13_t3_ch3,1.284451616,27.51527778,new,3
bou_cur13_t3_ch3,1.327716113,27.50478,new,3
bou_cur13_t3_ch3,1.265988922,27.50233333,new,3
bou_cur13_t3_ch3,1.312611647,27.49678,new,3
bou_cur13_t3_ch3,1.315016809,27.50587778,new,3
bou_cur13_t3_ch3,2.024806352,34.01365,new,3
bou_cur13_t3_ch3,2.066324813,34.20094444,new,3
bou_cur13_t3_ch3,2.080785242,34.34609,new,3
bou_cur13_t3_ch3,2.129663987,34.5254,new,3
bou_cur13_t3_ch3,2.057129199,34.68297,new,3
bou_cur13_t3_ch3,2.35309884,34.86183333,new,3
bou_cur13_t3_ch3,2.315210408,35.01441,new,3
bou_cur13_t3_ch3,2.094509037,35.17843333,new,3
bou_cur13_t3_ch3,2.235035549,35.25763,new,3
bou_cur13_t3_ch3,2.315273614,35.20818889,new,3
bou_cur13_t3_ch3,2.069994369,35.08885,new,3
bou_cur13_t3_ch3,2.258586785,34.91357778,new,3
bou_cur14_t3_ch3,1.604585557,27.52648,stan,3
bou_cur14_t3_ch3,1.50631241,27.52573333,stan,3
bou_cur14_t3_ch3,1.51801493,27.51499,stan,3
bou_cur14_t3_ch3,1.745004252,27.51173333,stan,3
bou_cur14_t3_ch3,1.601079169,27.51474,stan,3
bou_cur14_t3_ch3,1.610042921,27.50785556,stan,3
bou_cur14_t3_ch3,1.624040141,27.50442,stan,3
bou_cur14_t3_ch3,1.498494015,27.49194444,stan,3
bou_cur14_t3_ch3,1.346127708,27.49418,stan,3
bou_cur14_t3_ch3,1.487414698,27.49238889,stan,3
bou_cur14_t3_ch3,1.435025608,27.49335,stan,3
bou_cur14_t3_ch3,1.428335617,27.49685556,stan,3
bou_cur14_t3_ch3,1.799419077,32.74328,stan,3
bou_cur14_t3_ch3,1.759980311,32.89552222,stan,3
bou_cur14_t3_ch3,1.966077326,33.02814,stan,3
bou_cur14_t3_ch3,1.84491933,33.17153333,stan,3
bou_cur14_t3_ch3,1.937289603,33.31587,stan,3
bou_cur14_t3_ch3,1.944999076,33.4757,stan,3
bou_cur14_t3_ch3,1.961827475,33.60629,stan,3
bou_cur14_t3_ch3,2.062938091,33.72487778,stan,3
bou_cur14_t3_ch3,2.006337598,33.84055,stan,3
bou_cur14_t3_ch3,1.973094118,34.00296667,stan,3
bou_cur14_t3_ch3,2.180695284,34.11432,stan,3
bou_cur14_t3_ch3,2.052754532,34.23994444,stan,3
bou_cur15_t4_ch3,3.16295784,27.49670909,new,3
bou_cur15_t4_ch3,2.858605954,27.48507778,new,3
bou_cur15_t4_ch3,2.838204569,27.47828,new,3
bou_cur15_t4_ch3,2.775273626,27.48038889,new,3
bou_cur15_t4_ch3,2.731015153,27.49649,new,3
bou_cur15_t4_ch3,2.699804734,27.49533333,new,3
bou_cur15_t4_ch3,2.784200862,27.49873,new,3
bou_cur15_t4_ch3,2.782041452,27.50815556,new,3
bou_cur15_t4_ch3,2.766820597,27.50502,new,3
bou_cur15_t4_ch3,2.746768464,27.51336667,new,3
bou_cur15_t4_ch3,2.875119336,27.51493,new,3
bou_cur15_t4_ch3,2.899978927,27.50535556,new,3
bou_cur15_t4_ch3,3.915323563,34.92896364,new,3
bou_cur15_t4_ch3,4.019731305,34.94455556,new,3
bou_cur15_t4_ch3,3.949658585,34.94752,new,3
bou_cur15_t4_ch3,3.857839125,34.96578889,new,3
bou_cur15_t4_ch3,4.067947429,34.97678,new,3
bou_cur15_t4_ch3,3.90289335,34.99825556,new,3
bou_cur15_t4_ch3,4.008673049,35.00616,new,3
bou_cur15_t4_ch3,3.804661253,35.01301111,new,3
bou_cur15_t4_ch3,3.980974574,35.01486,new,3
bou_cur15_t4_ch3,3.909574147,35.00067778,new,3
bou_cur15_t4_ch3,3.910812135,34.9988,new,3
bou_cur15_t4_ch3,4.60587118,35.00481111,new,3
bou_cur15_t4_ch3,0.713125891,35.04394,new,3
bou_cur16_t4_ch3,1.163837179,27.48025455,stan,3
bou_cur16_t4_ch3,1.289619256,27.47471111,stan,3
bou_cur16_t4_ch3,1.247518769,27.4756,stan,3
bou_cur16_t4_ch3,1.281153674,27.4846,stan,3
bou_cur16_t4_ch3,1.200392857,27.48354,stan,3
bou_cur16_t4_ch3,1.330668047,27.48817778,stan,3
bou_cur16_t4_ch3,1.218316602,27.48299,stan,3
bou_cur16_t4_ch3,1.138905724,27.47763333,stan,3
bou_cur16_t4_ch3,1.245412092,27.47473,stan,3
bou_cur16_t4_ch3,1.173406695,27.47984444,stan,3
bou_cur16_t4_ch3,1.178430087,27.47117,stan,3
bou_cur16_t4_ch3,1.119624489,27.47603333,stan,3
bou_cur16_t4_ch3,1.45803201,31.63247,stan,3
bou_cur16_t4_ch3,1.508278182,31.8074,stan,3
bou_cur16_t4_ch3,1.740539024,31.94594,stan,3
bou_cur16_t4_ch3,1.668382128,32.11201111,stan,3
bou_cur16_t4_ch3,1.625376106,32.24827,stan,3
bou_cur16_t4_ch3,1.620321747,32.41024444,stan,3
bou_cur16_t4_ch3,1.637406429,32.5535,stan,3
bou_cur16_t4_ch3,1.807202118,32.72051,stan,3
bou_cur16_t4_ch3,1.706983527,32.87363333,stan,3
bou_cur16_t4_ch3,1.863887647,33.01576,stan,3
bou_cur16_t4_ch3,1.925036291,33.1631,stan,3
bou_cur16_t4_ch3,1.788874909,33.28931,stan,3
bou_cur9_t1_ch3,0.581702701,27.88343,stan,3
bou_cur9_t1_ch3,0.701638499,27.81216552,stan,3
bou_cur9_t1_ch3,0.778336728,27.73759286,stan,3
bou_cur9_t1_ch3,0.808247725,27.65865926,stan,3
bou_cur9_t1_ch3,0.836819059,27.58960714,stan,3
bou_cur9_t1_ch3,0.872814808,27.51678889,stan,3
bou_cur9_t1_ch3,0.941846435,27.46907857,stan,3
bou_cur9_t1_ch3,0.983206083,27.46257778,stan,3
bou_cur9_t1_ch3,1.020986837,27.49440357,stan,3
bou_cur9_t1_ch3,1.008973722,27.55115556,stan,3
bou_cur9_t1_ch3,0.954680836,27.58593929,stan,3
bou_cur9_t1_ch3,0.840881132,27.60406667,stan,3
bou_cur9_t1_ch3,0.364876278,34.99327,stan,3
bou_cur9_t1_ch3,0.518139389,34.99081111,stan,3
bou_cur9_t1_ch3,0.646925607,34.98891,stan,3
bou_cur9_t1_ch3,0.819134375,34.99768889,stan,3
bou_cur9_t1_ch3,0.852266161,35.00215,stan,3
bou_cur9_t1_ch3,0.877676053,35.00564444,stan,3
bou_cur9_t1_ch3,0.920447874,35.01747,stan,3
bou_cur9_t1_ch3,0.911696784,35.02183333,stan,3
bou_cur9_t1_ch3,0.934959068,35.0138,stan,3
bou_cur9_t1_ch3,0.933185473,35.01936667,stan,3
bou_cur9_t1_ch3,0.98763609,35.01263,stan,3
bou_cur9_t1_ch3,0.999013695,35.019,stan,3
ely_can10_t1_ch3,NA,27.89476,ozzie,3
ely_can10_t1_ch3,0.258772591,27.74247778,ozzie,3
ely_can10_t1_ch3,0.912860028,27.5978,ozzie,3
ely_can10_t1_ch3,1.333172658,27.44401111,ozzie,3
ely_can10_t1_ch3,1.114478377,27.29883,ozzie,3
ely_can10_t1_ch3,0.986579812,27.79845357,ozzie,3
ely_can10_t1_ch3,1.024405423,27.66568889,ozzie,3
ely_can10_t1_ch3,1.510593527,27.58411429,ozzie,3
ely_can10_t1_ch3,1.898303916,27.49214444,ozzie,3
ely_can10_t1_ch3,2.061352507,27.41491071,ozzie,3
ely_can10_t1_ch3,2.013558788,27.34192963,ozzie,3
ely_can10_t1_ch3,1.854823774,27.29787143,ozzie,3
ely_can10_t1_ch3,1.036395541,34.61142727,ozzie,3
ely_can10_t1_ch3,1.041533275,34.64291111,ozzie,3
ely_can10_t1_ch3,1.064114341,34.68199,ozzie,3
ely_can10_t1_ch3,1.065700006,34.71984444,ozzie,3
ely_can10_t1_ch3,1.105341911,34.76372,ozzie,3
ely_can10_t1_ch3,1.076356869,34.81307778,ozzie,3
ely_can10_t1_ch3,1.07812557,34.84636,ozzie,3
ely_can10_t1_ch3,1.069353342,34.8951,ozzie,3
ely_can10_t1_ch3,1.134812424,34.93669,ozzie,3
ely_can10_t1_ch3,1.169402477,34.97845556,ozzie,3
ely_can10_t1_ch3,1.180343115,35.01524,ozzie,3
ely_can10_t1_ch3,1.157507079,35.05616667,ozzie,3
ely_can11_t2_ch3,0.110063394,27.10843,gibson,3
ely_can11_t2_ch3,0.181883959,27.9364,gibson,3
ely_can11_t2_ch3,0.487665855,27.78039,gibson,3
ely_can11_t2_ch3,0.44119119,27.61031111,gibson,3
ely_can11_t2_ch3,0.505484828,27.4521,gibson,3
ely_can11_t2_ch3,0.539964417,27.25302222,gibson,3
ely_can11_t2_ch3,0.57892136,27.15651,gibson,3
ely_can11_t2_ch3,0.84711414,27.13215556,gibson,3
ely_can11_t2_ch3,1.870534,27.17187,gibson,3
ely_can11_t2_ch3,2.516185938,27.28788889,gibson,3
ely_can11_t2_ch3,2.277864953,27.43881,gibson,3
ely_can11_t2_ch3,1.536180581,27.65126667,gibson,3
ely_can11_t2_ch3,1.320889994,33.46417273,gibson,3
ely_can11_t2_ch3,1.305737714,33.6319,gibson,3
ely_can11_t2_ch3,1.265554306,33.77473,gibson,3
ely_can11_t2_ch3,1.080047908,33.92336667,gibson,3
ely_can11_t2_ch3,1.268202121,34.06645,gibson,3
ely_can11_t2_ch3,1.295142204,34.22531111,gibson,3
ely_can11_t2_ch3,1.37864555,34.36159,gibson,3
ely_can11_t2_ch3,1.28088671,34.51333333,gibson,3
ely_can11_t2_ch3,1.391842039,34.62946,gibson,3
ely_can11_t2_ch3,1.247160784,34.77603333,gibson,3
ely_can11_t2_ch3,1.401638182,34.89991,gibson,3
ely_can11_t2_ch3,1.311528427,35.03747778,gibson,3
ely_can12_t2_ch3,0.987458039,27.47527333,ozzie,3
ely_can12_t2_ch3,1.020697761,27.76662308,ozzie,3
ely_can12_t2_ch3,0.998655505,27.7318,ozzie,3
ely_can12_t2_ch3,0.885950755,27.3939,ozzie,3
ely_can12_t2_ch3,0.856772652,27.49777,ozzie,3
ely_can12_t2_ch3,0.90530884,27.80476296,ozzie,3
ely_can12_t2_ch3,0.928106235,27.70763214,ozzie,3
ely_can12_t2_ch3,0.959598485,27.67299259,ozzie,3
ely_can12_t2_ch3,0.971639955,27.66587143,ozzie,3
ely_can12_t2_ch3,0.995500416,27.66935926,ozzie,3
ely_can12_t2_ch3,0.951364856,27.669675,ozzie,3
ely_can12_t2_ch3,0.83100055,27.67186667,ozzie,3
ely_can12_t2_ch3,1.057405835,34.19070333,ozzie,3
ely_can12_t2_ch3,1.090564972,34.430776,ozzie,3
ely_can12_t2_ch3,1.140964865,34.96515417,ozzie,3
ely_can12_t2_ch3,1.137442066,35.29913913,ozzie,3
ely_can12_t2_ch3,1.099342368,35.23513571,ozzie,3
ely_can12_t2_ch3,1.090693686,35.03119259,ozzie,3
ely_can12_t2_ch3,1.112108228,35.03073214,ozzie,3
ely_can12_t2_ch3,1.147690762,35.10868519,ozzie,3
ely_can12_t2_ch3,1.151512261,35.21237857,ozzie,3
ely_can12_t2_ch3,1.166203506,35.32794074,ozzie,3
ely_can12_t2_ch3,1.185704309,35.42897143,ozzie,3
ely_can12_t2_ch3,1.177391774,35.53490741,ozzie,3
ely_can13_t3_ch3,1.165626197,27.42929,gibson,3
ely_can13_t3_ch3,1.146768625,27.43175556,gibson,3
ely_can13_t3_ch3,1.211532698,27.44356,gibson,3
ely_can13_t3_ch3,1.34271009,27.43867778,gibson,3
ely_can13_t3_ch3,1.207259076,27.44764,gibson,3
ely_can13_t3_ch3,1.166115106,27.46041111,gibson,3
ely_can13_t3_ch3,1.259729503,27.46396,gibson,3
ely_can13_t3_ch3,1.608015547,27.46085556,gibson,3
ely_can13_t3_ch3,1.972497971,27.46574,gibson,3
ely_can13_t3_ch3,2.254816055,27.47506667,gibson,3
ely_can13_t3_ch3,2.388859912,27.48123,gibson,3
ely_can13_t3_ch3,2.391895919,27.48325556,gibson,3
ely_can13_t3_ch3,0.29152855,32.55002727,gibson,3
ely_can13_t3_ch3,0.259081707,32.7331,gibson,3
ely_can13_t3_ch3,0.273903507,32.89436,gibson,3
ely_can13_t3_ch3,0.165505798,34.320364,gibson,3
ely_can13_t3_ch3,0.370831252,34.5785087,gibson,3
ely_can13_t3_ch3,0.34945961,34.51526786,gibson,3
ely_can13_t3_ch3,0.39743481,34.43951852,gibson,3
ely_can13_t3_ch3,0.401351145,34.54449643,gibson,3
ely_can13_t3_ch3,0.281575596,34.68154815,gibson,3
ely_can13_t3_ch3,0.444197367,34.80395714,gibson,3
ely_can13_t3_ch3,0.431152611,34.9275037,gibson,3
ely_can13_t3_ch3,0.4668919,35.02218929,gibson,3
ely_can14_t3_ch3,0.816435755,35.11439259,ozzie,3
ely_can14_t3_ch3,0.705355178,27.3076,ozzie,3
ely_can14_t3_ch3,0.780808777,27.46504,ozzie,3
ely_can14_t3_ch3,0.809818467,27.91696667,ozzie,3
ely_can14_t3_ch3,0.659693882,27.66599,ozzie,3
ely_can14_t3_ch3,0.744997753,27.558,ozzie,3
ely_can14_t3_ch3,0.659335027,27.53879,ozzie,3
ely_can14_t3_ch3,0.771161515,27.51965556,ozzie,3
ely_can14_t3_ch3,0.717976232,27.50665,ozzie,3
ely_can14_t3_ch3,0.748377508,27.49588889,ozzie,3
ely_can14_t3_ch3,0.667181003,27.4843,ozzie,3
ely_can14_t3_ch3,0.642217408,27.48761111,ozzie,3
ely_can14_t3_ch3,1.225009083,34.13986,ozzie,3
ely_can14_t3_ch3,1.189213792,34.89082,ozzie,3
ely_can14_t3_ch3,1.263237719,35.37581,ozzie,3
ely_can14_t3_ch3,1.131640143,34.94676667,ozzie,3
ely_can14_t3_ch3,1.192622216,34.81094,ozzie,3
ely_can14_t3_ch3,1.308345724,34.83494444,ozzie,3
ely_can14_t3_ch3,1.321602453,34.9131,ozzie,3
ely_can14_t3_ch3,1.215052647,35.015,ozzie,3
ely_can14_t3_ch3,1.20064224,35.11856,ozzie,3
ely_can14_t3_ch3,1.362164604,35.21194444,ozzie,3
ely_can14_t3_ch3,1.302445751,35.29191,ozzie,3
ely_can14_t3_ch3,1.223592114,35.38361111,ozzie,3
ely_can15_t4_ch3,0.652195946,27.48385,ozzie,3
ely_can15_t4_ch3,0.663630934,27.2567,ozzie,3
ely_can15_t4_ch3,0.666365394,27.45199,ozzie,3
ely_can15_t4_ch3,0.579464867,27.7898,ozzie,3
ely_can15_t4_ch3,0.711582787,27.57324,ozzie,3
ely_can15_t4_ch3,0.705103201,27.49113333,ozzie,3
ely_can15_t4_ch3,0.757077759,27.4841,ozzie,3
ely_can15_t4_ch3,0.689154485,27.47602222,ozzie,3
ely_can15_t4_ch3,0.683664816,27.46779,ozzie,3
ely_can15_t4_ch3,0.750458391,27.45767778,ozzie,3
ely_can15_t4_ch3,0.60922671,27.45859,ozzie,3
ely_can15_t4_ch3,0.704365448,27.46094444,ozzie,3
ely_can15_t4_ch3,0.761788822,34.64739091,ozzie,3
ely_can15_t4_ch3,0.916555375,35.56488333,ozzie,3
ely_can15_t4_ch3,1.167155774,35.85701,ozzie,3
ely_can15_t4_ch3,0.940573402,35.34612222,ozzie,3
ely_can15_t4_ch3,1.001963176,35.25137,ozzie,3
ely_can15_t4_ch3,0.909888214,35.31011111,ozzie,3
ely_can15_t4_ch3,1.034196772,35.40256,ozzie,3
ely_can15_t4_ch3,0.974141364,35.51983333,ozzie,3
ely_can15_t4_ch3,1.062474675,35.6223,ozzie,3
ely_can15_t4_ch3,1.018905273,35.7209,ozzie,3
ely_can15_t4_ch3,0.98561106,35.80401,ozzie,3
ely_can15_t4_ch3,0.99108321,35.88066667,ozzie,3
ely_can16_t4_ch3,1.452025357,27.50654545,new,3
ely_can16_t4_ch3,1.498571869,27.50642222,new,3
ely_can16_t4_ch3,1.416015376,27.50862,new,3
ely_can16_t4_ch3,1.495221387,27.51037778,new,3
ely_can16_t4_ch3,1.538832945,27.5019,new,3
ely_can16_t4_ch3,1.264582935,27.50096667,new,3
ely_can16_t4_ch3,1.313059574,27.50486,new,3
ely_can16_t4_ch3,1.3756708,27.50912222,new,3
ely_can16_t4_ch3,1.338769815,27.50195,new,3
ely_can16_t4_ch3,1.194142592,27.49883333,new,3
ely_can16_t4_ch3,1.355295175,27.49555,new,3
ely_can16_t4_ch3,1.35660186,27.49274444,new,3
ely_can16_t4_ch3,1.996913577,35.00852727,new,3
ely_can16_t4_ch3,2.17491938,35.01221111,new,3
ely_can16_t4_ch3,2.03056644,35.02125,new,3
ely_can16_t4_ch3,2.109434775,35.01933333,new,3
ely_can16_t4_ch3,2.152714036,35.00739,new,3
ely_can16_t4_ch3,2.142418512,34.99253333,new,3
ely_can16_t4_ch3,2.021603518,34.99869,new,3
ely_can16_t4_ch3,2.270880599,34.98362222,new,3
ely_can16_t4_ch3,2.088114409,34.99446,new,3
ely_can16_t4_ch3,2.226496359,34.98948889,new,3
ely_can16_t4_ch3,2.249062886,34.99666,new,3
ely_can16_t4_ch3,2.173475273,34.99228889,new,3
ely_can9_t1_ch3,1.165626197,27.7318,ozzie,3
ely_can9_t1_ch3,1.146768625,27.3939,ozzie,3
ely_can9_t1_ch3,1.211532698,27.49777,ozzie,3
ely_can9_t1_ch3,1.34271009,27.49414444,ozzie,3
ely_can9_t1_ch3,1.207259076,27.49946,ozzie,3
ely_can9_t1_ch3,1.166115106,27.50005556,ozzie,3
ely_can9_t1_ch3,1.259729503,27.50364,ozzie,3
ely_can9_t1_ch3,1.608015547,27.49395556,ozzie,3
ely_can9_t1_ch3,1.972497971,27.48978,ozzie,3
ely_can9_t1_ch3,2.254816055,27.4925,ozzie,3
ely_can9_t1_ch3,2.388859912,27.49817,ozzie,3
ely_can9_t1_ch3,2.391895919,27.50418889,ozzie,3
ely_can9_t1_ch3,1.079049503,33.6528129,ozzie,3
ely_can9_t1_ch3,1.052612036,33.98329231,ozzie,3
ely_can9_t1_ch3,1.037384457,34.320364,ozzie,3
ely_can9_t1_ch3,1.077615201,34.5785087,ozzie,3
ely_can9_t1_ch3,1.059449657,34.51526786,ozzie,3
ely_can9_t1_ch3,1.071300994,34.43951852,ozzie,3
ely_can9_t1_ch3,1.046443784,34.54449643,ozzie,3
ely_can9_t1_ch3,1.077499497,34.68154815,ozzie,3
ely_can9_t1_ch3,1.07803523,34.80395714,ozzie,3
ely_can9_t1_ch3,1.09773747,34.9275037,ozzie,3
ely_can9_t1_ch3,1.123135873,35.02218929,ozzie,3
ely_can9_t1_ch3,1.116465282,35.11439259,ozzie,3
pas_smi10_t1_ch3,0.654660138,27.53017273,gibson,3
pas_smi10_t1_ch3,0.679558208,27.38532222,gibson,3
pas_smi10_t1_ch3,0.647041616,27.23179,gibson,3
pas_smi10_t1_ch3,0.61941898,27.16745556,gibson,3
pas_smi10_t1_ch3,0.676108734,27.92129,gibson,3
pas_smi10_t1_ch3,0.768195831,27.78255556,gibson,3
pas_smi10_t1_ch3,0.597273544,27.66358,gibson,3
pas_smi10_t1_ch3,0.646748121,27.52782222,gibson,3
pas_smi10_t1_ch3,0.769834839,27.39768,gibson,3
pas_smi10_t1_ch3,0.440495473,27.25316667,gibson,3
pas_smi10_t1_ch3,0.460579989,27.22718,gibson,3
pas_smi10_t1_ch3,0.541188855,27.30645556,gibson,3
pas_smi10_t1_ch3,0.37796522,34.92896364,gibson,3
pas_smi10_t1_ch3,0.468705431,34.94455556,gibson,3
pas_smi10_t1_ch3,0.479971658,34.94752,gibson,3
pas_smi10_t1_ch3,0.438256599,34.96578889,gibson,3
pas_smi10_t1_ch3,0.556677741,34.97678,gibson,3
pas_smi10_t1_ch3,0.54624759,34.99825556,gibson,3
pas_smi10_t1_ch3,0.60974162,35.00616,gibson,3
pas_smi10_t1_ch3,0.665791186,35.01301111,gibson,3
pas_smi10_t1_ch3,0.5942002,35.01486,gibson,3
pas_smi10_t1_ch3,0.653736126,35.00067778,gibson,3
pas_smi10_t1_ch3,0.694472798,34.9988,gibson,3
pas_smi10_t1_ch3,0.700279016,35.00481111,gibson,3
pas_smi11_t2_ch3,2.158565514,27.38697273,gibson,3
pas_smi11_t2_ch3,2.147610726,27.36898889,gibson,3
pas_smi11_t2_ch3,2.116040328,27.36788,gibson,3
pas_smi11_t2_ch3,2.187327456,27.35763333,gibson,3
pas_smi11_t2_ch3,2.053091886,27.35624,gibson,3
pas_smi11_t2_ch3,2.138305665,27.36835556,gibson,3
pas_smi11_t2_ch3,2.096725518,27.37633,gibson,3
pas_smi11_t2_ch3,2.150270972,27.38877778,gibson,3
pas_smi11_t2_ch3,2.045416544,27.39756,gibson,3
pas_smi11_t2_ch3,2.195831305,27.40984444,gibson,3
pas_smi11_t2_ch3,1.975808181,27.41702,gibson,3
pas_smi11_t2_ch3,2.241377714,27.42945556,gibson,3
pas_smi11_t2_ch3,2.058093195,34.98351818,gibson,3
pas_smi11_t2_ch3,1.966125649,34.98404444,gibson,3
pas_smi11_t2_ch3,1.988623212,34.97921,gibson,3
pas_smi11_t2_ch3,2.015439129,34.97044444,gibson,3
pas_smi11_t2_ch3,2.135581873,34.97479,gibson,3
pas_smi11_t2_ch3,1.974947127,34.98773333,gibson,3
pas_smi11_t2_ch3,1.939372355,34.98398,gibson,3
pas_smi11_t2_ch3,2.087582085,34.9908,gibson,3
pas_smi11_t2_ch3,2.095373408,34.99896,gibson,3
pas_smi11_t2_ch3,2.138561324,35.0046,gibson,3
pas_smi11_t2_ch3,2.022992094,34.99728,gibson,3
pas_smi11_t2_ch3,2.058133649,34.99573333,gibson,3
pas_smi12_t2_ch3,0.29934827,27.48049,gibson,3
pas_smi12_t2_ch3,0.276100897,27.49295556,gibson,3
pas_smi12_t2_ch3,0.284698544,27.49815,gibson,3
pas_smi12_t2_ch3,0.279376406,27.49825556,gibson,3
pas_smi12_t2_ch3,0.384760648,27.49957,gibson,3
pas_smi12_t2_ch3,0.381355712,27.49644444,gibson,3
pas_smi12_t2_ch3,0.302325911,27.50383,gibson,3
pas_smi12_t2_ch3,0.359588503,27.50637778,gibson,3
pas_smi12_t2_ch3,0.325695898,27.49111,gibson,3
pas_smi12_t2_ch3,0.261741343,27.48537778,gibson,3
pas_smi12_t2_ch3,0.178773734,27.47986,gibson,3
pas_smi12_t2_ch3,0.151655445,27.4669,gibson,3
pas_smi12_t2_ch3,0.730392453,32.49628,gibson,3
pas_smi12_t2_ch3,0.778698903,32.65995556,gibson,3
pas_smi12_t2_ch3,0.717170873,32.80785,gibson,3
pas_smi12_t2_ch3,0.774715132,32.96073333,gibson,3
pas_smi12_t2_ch3,0.804795171,33.10298,gibson,3
pas_smi12_t2_ch3,0.774955297,33.2601,gibson,3
pas_smi12_t2_ch3,0.771101495,33.39907,gibson,3
pas_smi12_t2_ch3,0.768814195,33.56934444,gibson,3
pas_smi12_t2_ch3,0.758458834,33.70291,gibson,3
pas_smi12_t2_ch3,0.757593592,33.86001111,gibson,3
pas_smi12_t2_ch3,0.814975575,33.99468,gibson,3
pas_smi12_t2_ch3,0.728964778,34.13417778,gibson,3
pas_smi13_t3_ch3,0.119129408,27.10307,gibson,3
pas_smi13_t3_ch3,0.616950721,27.11333333,gibson,3
pas_smi13_t3_ch3,0.666979591,27.09682,gibson,3
pas_smi13_t3_ch3,0.876129271,27.0804,gibson,3
pas_smi13_t3_ch3,0.817390354,27.04533,gibson,3
pas_smi13_t3_ch3,1.033134443,27.99303333,gibson,3
pas_smi13_t3_ch3,1.327940154,27.93397,gibson,3
pas_smi13_t3_ch3,1.352330423,27.86583333,gibson,3
pas_smi13_t3_ch3,1.391886905,27.7813,gibson,3
pas_smi13_t3_ch3,1.350682167,27.70547778,gibson,3
pas_smi13_t3_ch3,1.435575716,27.61708,gibson,3
pas_smi13_t3_ch3,1.378666341,27.51391,gibson,3
pas_smi13_t3_ch3,1.126826743,27.4895,gibson,3
pas_smi13_t3_ch3,1.043603302,27.4882,gibson,3
pas_smi13_t3_ch3,1.252867168,35.05118889,gibson,3
pas_smi13_t3_ch3,1.359466234,35.04960714,gibson,3
pas_smi13_t3_ch3,1.270581065,35.04867037,gibson,3
pas_smi13_t3_ch3,1.643015709,35.04975,gibson,3
pas_smi13_t3_ch3,1.961989694,35.0484963,gibson,3
pas_smi13_t3_ch3,2.013311191,35.04797857,gibson,3
pas_smi13_t3_ch3,2.170537227,35.04244444,gibson,3
pas_smi13_t3_ch3,2.302262762,35.04153214,gibson,3
pas_smi13_t3_ch3,2.372152382,35.03422222,gibson,3
pas_smi13_t3_ch3,2.245964158,35.02428214,gibson,3
pas_smi14_t3_ch3,1.514842277,27.47178519,gibson,3
pas_smi14_t3_ch3,1.504954317,27.47426429,gibson,3
pas_smi14_t3_ch3,1.373523877,27.47461111,gibson,3
pas_smi14_t3_ch3,1.334905918,27.475825,gibson,3
pas_smi14_t3_ch3,1.458596746,27.47385556,gibson,3
pas_smi14_t3_ch3,1.366062344,27.47369286,gibson,3
pas_smi14_t3_ch3,1.49678135,27.46755556,gibson,3
pas_smi14_t3_ch3,1.631722058,27.46523929,gibson,3
pas_smi14_t3_ch3,1.553025214,27.46275556,gibson,3
pas_smi14_t3_ch3,1.569314111,27.46648929,gibson,3
pas_smi14_t3_ch3,1.53828082,27.47281852,gibson,3
pas_smi14_t3_ch3,1.480571055,27.54146667,gibson,3
pas_smi14_t3_ch3,1.768500656,32.61046,gibson,3
pas_smi14_t3_ch3,1.876120236,32.80353333,gibson,3
pas_smi14_t3_ch3,1.935258977,32.97702,gibson,3
pas_smi14_t3_ch3,1.856956997,33.15817778,gibson,3
pas_smi14_t3_ch3,1.889198983,33.27233,gibson,3
pas_smi14_t3_ch3,1.904799753,33.40138889,gibson,3
pas_smi14_t3_ch3,1.936474032,33.53922,gibson,3
pas_smi14_t3_ch3,1.963880489,33.68947778,gibson,3
pas_smi14_t3_ch3,2.013242241,33.82096,gibson,3
pas_smi14_t3_ch3,1.984566636,33.96998889,gibson,3
pas_smi14_t3_ch3,2.041724241,34.09904,gibson,3
pas_smi14_t3_ch3,1.979140809,34.24533333,gibson,3
pas_smi15_t4_ch3,0.844403624,27.33224,gibson,3
pas_smi15_t4_ch3,0.924231109,27.33732222,gibson,3
pas_smi15_t4_ch3,0.759198705,27.3565,gibson,3
pas_smi15_t4_ch3,0.956605828,27.35838889,gibson,3
pas_smi15_t4_ch3,0.921962264,27.37744,gibson,3
pas_smi15_t4_ch3,1.023838776,27.39295556,gibson,3
pas_smi15_t4_ch3,0.799590286,27.40996,gibson,3
pas_smi15_t4_ch3,0.97227805,27.43046667,gibson,3
pas_smi15_t4_ch3,0.945707576,27.45189,gibson,3
pas_smi15_t4_ch3,1.093056232,27.48041111,gibson,3
pas_smi15_t4_ch3,1.044884609,27.4861,gibson,3
pas_smi15_t4_ch3,0.878764858,27.50155556,gibson,3
pas_smi15_t4_ch3,1.74416232,32.62026364,gibson,3
pas_smi15_t4_ch3,1.755587779,32.79526667,gibson,3
pas_smi15_t4_ch3,1.805704899,32.9446,gibson,3
pas_smi15_t4_ch3,2.034960244,33.11671111,gibson,3
pas_smi15_t4_ch3,1.92033482,33.26639,gibson,3
pas_smi15_t4_ch3,2.058921998,33.42845556,gibson,3
pas_smi15_t4_ch3,1.95523467,33.56123,gibson,3
pas_smi15_t4_ch3,2.14156077,33.72996667,gibson,3
pas_smi15_t4_ch3,2.140489778,33.87612,gibson,3
pas_smi15_t4_ch3,2.170433964,34.03682222,gibson,3
pas_smi15_t4_ch3,2.18995714,34.18243,gibson,3
pas_smi15_t4_ch3,2.35007324,34.32861111,gibson,3
pas_smi16_t4_ch3,1.303953593,27.5031,gibson,3
pas_smi16_t4_ch3,1.330264173,27.49811111,gibson,3
pas_smi16_t4_ch3,1.216400314,27.49095,gibson,3
pas_smi16_t4_ch3,1.32919716,27.48967778,gibson,3
pas_smi16_t4_ch3,1.216624529,27.48742,gibson,3
pas_smi16_t4_ch3,1.130282519,27.4861,gibson,3
pas_smi16_t4_ch3,1.11101634,27.48661,gibson,3
pas_smi16_t4_ch3,1.337582901,27.49786667,gibson,3
pas_smi16_t4_ch3,1.30799213,27.49733,gibson,3
pas_smi16_t4_ch3,1.33263474,27.49356667,gibson,3
pas_smi16_t4_ch3,1.202724379,27.49045,gibson,3
pas_smi16_t4_ch3,1.359078051,27.49545556,gibson,3
pas_smi16_t4_ch3,2.491211362,34.62755455,gibson,3
pas_smi16_t4_ch3,2.855038094,34.77141111,gibson,3
pas_smi16_t4_ch3,2.859151535,34.88865,gibson,3
pas_smi16_t4_ch3,2.820316133,35.02981111,gibson,3
pas_smi16_t4_ch3,2.921206078,35.20069,gibson,3
pas_smi16_t4_ch3,2.793176673,35.3504,gibson,3
pas_smi16_t4_ch3,2.74430648,35.35456,gibson,3
pas_smi16_t4_ch3,2.63593783,35.26251111,gibson,3
pas_smi16_t4_ch3,2.663900451,35.13956,gibson,3
pas_smi16_t4_ch3,2.487456207,34.96943333,gibson,3
pas_smi16_t4_ch3,2.340314845,34.75143,gibson,3
pas_smi16_t4_ch3,2.172956382,34.47418889,gibson,3
pas_smi9_t1_ch3,1.27375583,27.46452727,gibson,3
pas_smi9_t1_ch3,1.231492162,27.44367778,gibson,3
pas_smi9_t1_ch3,1.306755638,27.49932,gibson,3
pas_smi9_t1_ch3,1.351923105,27.50155556,gibson,3
pas_smi9_t1_ch3,1.296133645,27.50567,gibson,3
pas_smi9_t1_ch3,1.358374592,27.54936667,gibson,3
pas_smi9_t1_ch3,1.216222474,27.55011,gibson,3
pas_smi9_t1_ch3,1.346789403,27.50051111,gibson,3
pas_smi9_t1_ch3,1.24988903,27.47796,gibson,3
pas_smi9_t1_ch3,1.256844838,27.47623333,gibson,3
pas_smi9_t1_ch3,1.211931618,27.4642,gibson,3
pas_smi9_t1_ch3,1.431678865,27.5082,gibson,3
pas_smi9_t1_ch3,0.287548493,35.45063,gibson,3
pas_smi9_t1_ch3,0.320363825,35.46602222,gibson,3
pas_smi9_t1_ch3,0.319767924,35.3201,gibson,3
pas_smi9_t1_ch3,0.275121732,35.07188889,gibson,3
pas_smi9_t1_ch3,0.101075708,34.84331,gibson,3
pas_smi9_t1_ch3,1.242209372,34.6255,gibson,3
pas_smi9_t1_ch3,1.22205066,34.38537,gibson,3
pas_smi9_t1_ch3,1.275376633,34.27496667,gibson,3
pas_smi9_t1_ch3,1.296403655,34.26441,gibson,3
pas_smi9_t1_ch3,1.352779575,34.3097,gibson,3
pas_smi9_t1_ch3,1.354126694,34.28808,gibson,3
pas_smi9_t1_ch3,0.078129006,34.33713333,gibson,3
poa_pra10_t1_ch3,1.04172937,27.4721871,stan,3
poa_pra10_t1_ch3,1.015823997,27.46561379,stan,3
poa_pra10_t1_ch3,1.035773722,27.46337857,stan,3
poa_pra10_t1_ch3,1.060045225,27.46233333,stan,3
poa_pra10_t1_ch3,1.078974865,27.461525,stan,3
poa_pra10_t1_ch3,1.018234723,27.45917037,stan,3
poa_pra10_t1_ch3,0.99626024,27.45685,stan,3
poa_pra10_t1_ch3,0.9770104,27.45788519,stan,3
poa_pra10_t1_ch3,1.005811758,27.46070357,stan,3
poa_pra10_t1_ch3,0.986175028,27.46241481,stan,3
poa_pra10_t1_ch3,1.015484465,27.46374286,stan,3
poa_pra10_t1_ch3,0.997174136,27.4615,stan,3
poa_pra10_t1_ch3,1.224717948,33.33039,stan,3
poa_pra10_t1_ch3,1.214639211,33.47625862,stan,3
poa_pra10_t1_ch3,1.25835634,33.6232,stan,3
poa_pra10_t1_ch3,1.284541732,33.76973704,stan,3
poa_pra10_t1_ch3,1.243910044,33.8969,stan,3
poa_pra10_t1_ch3,1.242209372,34.03693333,stan,3
poa_pra10_t1_ch3,1.22205066,34.16530357,stan,3
poa_pra10_t1_ch3,1.275376633,34.31354815,stan,3
poa_pra10_t1_ch3,1.296403655,34.449125,stan,3
poa_pra10_t1_ch3,1.352779575,34.59956667,stan,3
poa_pra10_t1_ch3,1.354126694,34.72983929,stan,3
poa_pra10_t1_ch3,1.364028763,34.87224444,stan,3
poa_pra12_t2_ch3,1.33603947,27.4762,albert,3
poa_pra12_t2_ch3,1.27375583,27.47164444,albert,3
poa_pra12_t2_ch3,1.231492162,27.46842,albert,3
poa_pra12_t2_ch3,1.306755638,27.47205556,albert,3
poa_pra12_t2_ch3,1.351923105,27.47657,albert,3
poa_pra12_t2_ch3,1.296133645,27.46775556,albert,3
poa_pra12_t2_ch3,1.358374592,27.45898,albert,3
poa_pra12_t2_ch3,1.216222474,27.4587,albert,3
poa_pra12_t2_ch3,1.346789403,27.45987,albert,3
poa_pra12_t2_ch3,1.24988903,27.4587,albert,3
poa_pra12_t2_ch3,1.256844838,27.45823,albert,3
poa_pra12_t2_ch3,1.211931618,27.45158889,albert,3
poa_pra12_t2_ch3,1.431678865,31.40564,albert,3
poa_pra12_t2_ch3,1.503818859,31.60575556,albert,3
poa_pra12_t2_ch3,1.584054312,31.76846,albert,3
poa_pra12_t2_ch3,1.426413347,31.94438889,albert,3
poa_pra12_t2_ch3,1.451905473,32.11538,albert,3
poa_pra12_t2_ch3,1.508202992,32.30782222,albert,3
poa_pra12_t2_ch3,1.507823609,32.46658,albert,3
poa_pra12_t2_ch3,1.512944184,32.64886667,albert,3
poa_pra12_t2_ch3,1.450309677,32.79202,albert,3
poa_pra12_t2_ch3,1.608379017,32.9663,albert,3
poa_pra12_t2_ch3,1.491292511,33.12105,albert,3
poa_pra12_t2_ch3,1.543039741,33.29382222,albert,3
poa_pra12_t2_ch3,0.855973901,32.16022,albert,3
poa_pra12_t2_ch3,0.816894346,32.334,albert,3
poa_pra12_t2_ch3,0.796028638,32.49488,albert,3
poa_pra12_t2_ch3,0.829151649,32.68641111,albert,3
poa_pra12_t2_ch3,0.82472455,32.83467,albert,3
poa_pra12_t2_ch3,0.806916497,33.00378889,albert,3
poa_pra12_t2_ch3,0.76012323,33.15249,albert,3
poa_pra12_t2_ch3,0.922396607,33.33996667,albert,3
poa_pra13_t3_ch3,0.301078533,27.53338,gibson,3
poa_pra13_t3_ch3,0.438225734,27.52762222,gibson,3
poa_pra13_t3_ch3,0.461740926,27.5211,gibson,3
poa_pra13_t3_ch3,0.295251888,27.50868889,gibson,3
poa_pra13_t3_ch3,0.503446605,27.50549,gibson,3
poa_pra13_t3_ch3,0.256561959,27.50188889,gibson,3
poa_pra13_t3_ch3,0.243326293,27.48996,gibson,3
poa_pra13_t3_ch3,0.505585139,27.48914444,gibson,3
poa_pra13_t3_ch3,0.433338772,27.49114,gibson,3
poa_pra13_t3_ch3,0.428067992,27.49643333,gibson,3
poa_pra13_t3_ch3,0.417112703,27.49608,gibson,3
poa_pra13_t3_ch3,0.260863117,27.50921111,gibson,3
poa_pra13_t3_ch3,1.69470007,33.34153,gibson,3
poa_pra13_t3_ch3,2.043728335,33.50723333,gibson,3
poa_pra13_t3_ch3,1.538007028,33.64736,gibson,3
poa_pra13_t3_ch3,1.36786146,33.80468889,gibson,3
poa_pra13_t3_ch3,1.543426351,33.93482,gibson,3
poa_pra13_t3_ch3,1.383058858,34.09546667,gibson,3
poa_pra13_t3_ch3,1.507286664,34.23292,gibson,3
poa_pra13_t3_ch3,1.73356797,34.39954444,gibson,3
poa_pra13_t3_ch3,1.740374572,34.52049,gibson,3
poa_pra13_t3_ch3,1.762240321,34.667,gibson,3
poa_pra13_t3_ch3,1.574964594,34.80139,gibson,3
poa_pra13_t3_ch3,1.904437117,34.93936667,gibson,3
poa_pra14_t3_ch3,1.509815075,27.47293636,albert,3
poa_pra14_t3_ch3,1.507243473,27.47261111,albert,3
poa_pra14_t3_ch3,1.396427229,27.46723,albert,3
poa_pra14_t3_ch3,1.408548964,27.47188889,albert,3
poa_pra14_t3_ch3,1.4158563,27.46434,albert,3
poa_pra14_t3_ch3,1.330919993,27.46855556,albert,3
poa_pra14_t3_ch3,1.347388729,27.46269,albert,3
poa_pra14_t3_ch3,1.325276471,27.4683,albert,3
poa_pra14_t3_ch3,1.391844753,27.46265,albert,3
poa_pra14_t3_ch3,1.382825354,27.47232222,albert,3
poa_pra14_t3_ch3,1.362560795,27.46342,albert,3
poa_pra14_t3_ch3,1.401925699,27.47344444,albert,3
poa_pra14_t3_ch3,1.694845107,33.24106364,albert,3
poa_pra14_t3_ch3,1.665456137,33.39891111,albert,3
poa_pra14_t3_ch3,1.75184773,33.53266,albert,3
poa_pra14_t3_ch3,1.709688381,33.69533333,albert,3
poa_pra14_t3_ch3,1.815921503,33.82556,albert,3
poa_pra14_t3_ch3,1.827910467,33.98664444,albert,3
poa_pra14_t3_ch3,1.797863069,34.11857,albert,3
poa_pra14_t3_ch3,1.650607629,34.26618889,albert,3
poa_pra14_t3_ch3,1.782247245,34.40087,albert,3
poa_pra14_t3_ch3,1.676025673,34.54018889,albert,3
poa_pra14_t3_ch3,1.850132226,34.65403,albert,3
poa_pra14_t3_ch3,1.855743665,34.79878889,albert,3
poa_pra15_t4_ch3,0.869609418,27.605,albert,3
poa_pra15_t4_ch3,0.978584191,27.5791,albert,3
poa_pra15_t4_ch3,0.992510286,27.55249,albert,3
poa_pra15_t4_ch3,1.053639027,27.52196667,albert,3
poa_pra15_t4_ch3,0.96491729,27.49801,albert,3
poa_pra15_t4_ch3,1.057648823,27.47946667,albert,3
poa_pra15_t4_ch3,1.090248322,27.47149,albert,3
poa_pra15_t4_ch3,1.10577824,27.47915556,albert,3
poa_pra15_t4_ch3,1.094749692,27.4852,albert,3
poa_pra15_t4_ch3,1.044817646,27.49217778,albert,3
poa_pra15_t4_ch3,0.991405908,27.48929,albert,3
poa_pra15_t4_ch3,1.018175437,27.47757778,albert,3
poa_pra15_t4_ch3,1.089722107,31.18576,albert,3
poa_pra15_t4_ch3,1.06527696,31.37818889,albert,3
poa_pra15_t4_ch3,1.09901631,31.54683,albert,3
poa_pra15_t4_ch3,1.111874084,31.74391111,albert,3
poa_pra15_t4_ch3,1.070878233,31.91087,albert,3
poa_pra15_t4_ch3,1.090222491,32.09055556,albert,3
poa_pra15_t4_ch3,1.197571749,32.26729,albert,3
poa_pra15_t4_ch3,1.000250163,32.44487778,albert,3
poa_pra15_t4_ch3,1.153962132,32.59824,albert,3
poa_pra15_t4_ch3,1.108041466,32.77677778,albert,3
poa_pra15_t4_ch3,1.154267977,32.93453,albert,3
poa_pra15_t4_ch3,1.22818024,33.11121111,albert,3
poa_pra16_t4_ch3,1.161505732,27.47426,albert,3
poa_pra16_t4_ch3,1.071803631,27.47344444,albert,3
poa_pra16_t4_ch3,1.146596483,27.47074,albert,3
poa_pra16_t4_ch3,1.025660264,27.4655,albert,3
poa_pra16_t4_ch3,1.03429531,27.45888,albert,3
poa_pra16_t4_ch3,1.066560043,27.45924444,albert,3
poa_pra16_t4_ch3,1.026615307,27.45768,albert,3
poa_pra16_t4_ch3,1.07124218,27.46434444,albert,3
poa_pra16_t4_ch3,1.030784804,27.46564,albert,3
poa_pra16_t4_ch3,0.979561751,27.46362222,albert,3
poa_pra16_t4_ch3,0.984591094,27.46202,albert,3
poa_pra16_t4_ch3,0.997903778,27.46176667,albert,3
poa_pra16_t4_ch3,1.095020106,32.75872727,albert,3
poa_pra16_t4_ch3,1.235534668,32.92897778,albert,3
poa_pra16_t4_ch3,1.15991925,33.08482,albert,3
poa_pra16_t4_ch3,1.180184734,33.24534444,albert,3
poa_pra16_t4_ch3,1.231812031,33.39024,albert,3
poa_pra16_t4_ch3,1.224572402,33.55378889,albert,3
poa_pra16_t4_ch3,1.318474591,33.70807,albert,3
poa_pra16_t4_ch3,1.26696984,33.86943333,albert,3
poa_pra16_t4_ch3,1.259154654,34.00104,albert,3
poa_pra16_t4_ch3,1.366512591,34.15854444,albert,3
poa_pra16_t4_ch3,1.425830163,34.28821,albert,3
poa_pra16_t4_ch3,1.30274584,34.45005556,albert,3
poa_pra9_t1_ch3,0.106616149,27.47387,stan,3
poa_pra9_t1_ch3,0.112189484,27.47088966,stan,3
poa_pra9_t1_ch3,0.098195248,27.46702857,stan,3
poa_pra9_t1_ch3,0.084081641,27.46295926,stan,3
poa_pra9_t1_ch3,0.067258814,27.45791071,stan,3
poa_pra9_t1_ch3,0.092582044,27.45621111,stan,3
poa_pra9_t1_ch3,0.12114005,27.45365357,stan,3
poa_pra9_t1_ch3,0.138019238,27.45277407,stan,3
poa_pra9_t1_ch3,0.175465484,27.45178214,stan,3
poa_pra9_t1_ch3,0.135773652,27.4512037,stan,3
poa_pra9_t1_ch3,0.147960989,27.45200714,stan,3
poa_pra9_t1_ch3,0.107228664,27.4537,stan,3
poa_pra9_t1_ch3,0.077588675,35.01019643,stan,3
poa_pra9_t1_ch3,0.117556902,35.01206429,stan,3
poa_pra9_t1_ch3,0.144313576,35.0109037,stan,3
poa_pra9_t1_ch3,0.134786437,35.00284286,stan,3
poa_pra9_t1_ch3,0.125059405,34.99394444,stan,3
poa_pra9_t1_ch3,0.137026874,34.99323571,stan,3
poa_pra9_t1_ch3,0.170025158,34.99455185,stan,3
poa_pra9_t1_ch3,0.203636981,34.99996786,stan,3
poa_pra9_t1_ch3,0.195021321,35.00144815,stan,3
poa_pra9_t1_ch3,0.201013757,35.00818571,stan,3
poa_pra9_t1_ch3,0.183472505,35.01244444,stan,3
poa_pra9_t1_ch3,0.163570842,35.51317407,stan,3
sch_sco10_t1_ch3,1.989462439,27.4737,albert,3
sch_sco10_t1_ch3,2.007425499,27.45582222,albert,3
sch_sco10_t1_ch3,1.963979765,27.45626,albert,3
sch_sco10_t1_ch3,2.050687176,27.45422222,albert,3
sch_sco10_t1_ch3,2.019932428,27.44662,albert,3
sch_sco10_t1_ch3,1.874935645,27.45245556,albert,3
sch_sco10_t1_ch3,1.841022496,27.45462,albert,3
sch_sco10_t1_ch3,1.923779661,27.44994444,albert,3
sch_sco10_t1_ch3,2.018872176,27.45197,albert,3
sch_sco10_t1_ch3,1.867818223,27.45626667,albert,3
sch_sco10_t1_ch3,1.952360604,27.44543,albert,3
sch_sco10_t1_ch3,1.823606143,27.43758889,albert,3
sch_sco10_t1_ch3,3.252598846,34.99251818,albert,3
sch_sco10_t1_ch3,3.415699449,35.00547778,albert,3
sch_sco10_t1_ch3,3.465786527,35.01618,albert,3
sch_sco10_t1_ch3,3.26711432,35.02413333,albert,3
sch_sco10_t1_ch3,3.315189675,35.01693,albert,3
sch_sco10_t1_ch3,3.438166089,34.99808889,albert,3
sch_sco10_t1_ch3,3.37050115,34.99184,albert,3
sch_sco10_t1_ch3,3.341492801,34.99918889,albert,3
sch_sco10_t1_ch3,3.539912439,34.99887,albert,3
sch_sco10_t1_ch3,3.468143719,34.99993333,albert,3
sch_sco10_t1_ch3,3.350951516,35.00043,albert,3
sch_sco10_t1_ch3,3.377005879,35.00232222,albert,3
sch_sco11_t2_ch3,1.811049846,27.46748,albert,3
sch_sco11_t2_ch3,1.797408828,27.45847778,albert,3
sch_sco11_t2_ch3,1.778661285,27.46089,albert,3
sch_sco11_t2_ch3,1.844377368,27.46854444,albert,3
sch_sco11_t2_ch3,1.901304878,27.46741,albert,3
sch_sco11_t2_ch3,2.052986644,27.45321111,albert,3
sch_sco11_t2_ch3,1.900444133,27.45503,albert,3
sch_sco11_t2_ch3,1.806302878,27.44805556,albert,3
sch_sco11_t2_ch3,1.8695745,27.44818,albert,3
sch_sco11_t2_ch3,1.92423443,27.44283333,albert,3
sch_sco11_t2_ch3,1.995100371,27.45068,albert,3
sch_sco11_t2_ch3,1.824353143,27.45227778,albert,3
sch_sco13_t3_ch3,4.180851634,27.54090909,albert,3
sch_sco13_t3_ch3,4.148870254,27.52116667,albert,3
sch_sco13_t3_ch3,4.093464668,27.50154,albert,3
sch_sco13_t3_ch3,4.099516217,27.4803,albert,3
sch_sco13_t3_ch3,3.985581291,27.47003,albert,3
sch_sco13_t3_ch3,4.122640597,27.47951111,albert,3
sch_sco13_t3_ch3,4.009543566,27.47714,albert,3
sch_sco13_t3_ch3,3.972502102,27.4859,albert,3
sch_sco13_t3_ch3,3.948477191,27.49289,albert,3
sch_sco13_t3_ch3,3.931449413,27.48216667,albert,3
sch_sco13_t3_ch3,3.976496344,27.49154,albert,3
sch_sco13_t3_ch3,3.946703499,27.48602222,albert,3
sch_sco14_t3_ch3,1.003402473,27.47387407,albert,3
sch_sco14_t3_ch3,1.036661173,27.47687143,albert,3
sch_sco14_t3_ch3,0.97217119,27.4755037,albert,3
sch_sco14_t3_ch3,1.008557875,27.47343214,albert,3
sch_sco14_t3_ch3,0.937407335,27.46612593,albert,3
sch_sco14_t3_ch3,0.986685224,27.48492903,albert,3
sch_sco14_t3_ch3,1.166160441,27.48601724,albert,3
sch_sco14_t3_ch3,1.075542182,27.48279643,albert,3
sch_sco14_t3_ch3,1.094732304,27.48367407,albert,3
sch_sco14_t3_ch3,1.161254233,27.49205357,albert,3
sch_sco14_t3_ch3,0.957819655,27.50164074,albert,3
sch_sco14_t3_ch3,1.047167145,27.509075,albert,3
sch_sco14_t3_ch3,1.067451189,35.01353226,albert,3
sch_sco14_t3_ch3,1.14126657,35.01702069,albert,3
sch_sco14_t3_ch3,1.056982093,35.01585357,albert,3
sch_sco14_t3_ch3,1.100025675,35.01540741,albert,3
sch_sco14_t3_ch3,1.190327749,35.01613571,albert,3
sch_sco14_t3_ch3,1.104757789,35.0195,albert,3
sch_sco14_t3_ch3,1.216143661,35.02220714,albert,3
sch_sco14_t3_ch3,1.134481944,35.02721111,albert,3
sch_sco14_t3_ch3,1.178237923,35.02791786,albert,3
sch_sco14_t3_ch3,1.266499166,35.02735556,albert,3
sch_sco14_t3_ch3,1.162350095,35.02176071,albert,3
sch_sco14_t3_ch3,1.210492001,35.01367778,albert,3
sch_sco16_t4_ch3,0.826199388,35.0089,albert,3
sch_sco16_t4_ch3,0.743549162,27.54346667,albert,3
sch_sco16_t4_ch3,0.749714261,27.53301111,albert,3
sch_sco16_t4_ch3,0.873064695,27.41928276,albert,3
sch_sco16_t4_ch3,0.894660454,27.5122,albert,3
sch_sco16_t4_ch3,0.669400035,27.28846429,albert,3
sch_sco16_t4_ch3,0.718861186,27.49703333,albert,3
sch_sco16_t4_ch3,0.731830055,27.15243333,albert,3
sch_sco16_t4_ch3,0.992034725,27.48171,albert,3
sch_sco16_t4_ch3,0.789073245,27.03285357,albert,3
sch_sco16_t4_ch3,0.853196317,27.45954444,albert,3
sch_sco16_t4_ch3,0.61660109,27.92832222,albert,3
sch_sco16_t4_ch3,0.891053683,27.46319,albert,3
sch_sco16_t4_ch3,0.964485978,27.915125,albert,3
sch_sco16_t4_ch3,1.010308764,27.46758889,albert,3
sch_sco16_t4_ch3,0.840207731,27.01034074,albert,3
sch_sco16_t4_ch3,0.843051799,27.47999,albert,3
sch_sco16_t4_ch3,1.040705022,27.19485,albert,3
sch_sco16_t4_ch3,0.894961969,27.48906667,albert,3
sch_sco16_t4_ch3,0.760619505,27.43392222,albert,3
sch_sco16_t4_ch3,0.740103815,27.49314,albert,3
sch_sco16_t4_ch3,0.806494482,27.61379643,albert,3
sch_sco16_t4_ch3,0.78146607,27.48908889,albert,3
sch_sco16_t4_ch3,0.873603105,27.7290963,albert,3
sch_sco16_t4_ch3,1.234689422,34.67423,albert,3
sch_sco16_t4_ch3,1.10635815,34.16324,albert,3
sch_sco16_t4_ch3,1.241176112,34.81327778,albert,3
sch_sco16_t4_ch3,1.130273565,34.30653793,albert,3
sch_sco16_t4_ch3,1.204134985,34.93627,albert,3
sch_sco16_t4_ch3,1.187224336,34.45883571,albert,3
sch_sco16_t4_ch3,1.213390482,35.05994444,albert,3
sch_sco16_t4_ch3,1.21721826,34.61508519,albert,3
sch_sco16_t4_ch3,1.231111575,34.752325,albert,3
sch_sco16_t4_ch3,1.240154632,34.89422593,albert,3
sch_sco16_t4_ch3,1.133559337,35.02049286,albert,3
sch_sco16_t4_ch3,1.251733928,35.12324444,albert,3
sch_sco9_t1_ch3,1.99506839,27.96895455,albert,3
sch_sco9_t1_ch3,1.876745323,27.84508889,albert,3
sch_sco9_t1_ch3,2.107330392,27.7414,albert,3
sch_sco9_t1_ch3,2.258614482,27.63308889,albert,3
sch_sco9_t1_ch3,2.314574402,27.53948,albert,3
sch_sco9_t1_ch3,2.121653522,27.44786667,albert,3
sch_sco9_t1_ch3,2.340485618,27.37306,albert,3
sch_sco9_t1_ch3,2.328018697,27.31236667,albert,3
sch_sco9_t1_ch3,2.523697416,27.35304,albert,3
sch_sco9_t1_ch3,2.801389711,27.44593333,albert,3
sch_sco9_t1_ch3,2.496807283,27.51807,albert,3
sch_sco9_t1_ch3,2.157660347,35.06074444,albert,3
sch_sco9_t1_ch3,1.453513095,35.06262143,albert,3
sch_sco9_t1_ch3,1.448072294,35.07021481,albert,3
sch_sco9_t1_ch3,1.667650228,35.06825,albert,3
sch_sco9_t1_ch3,1.985419528,35.0622037,albert,3
sch_sco9_t1_ch3,2.143185288,35.05358214,albert,3
sch_sco9_t1_ch3,2.203159015,35.04532143,albert,3
sch_sco9_t1_ch3,2.140681448,35.03856429,albert,3
sch_sco9_t1_ch3,2.212002429,35.032125,albert,3
sch_sco9_t1_ch3,2.194403755,35.02646786,albert,3
sch_sco9_t1_ch3,2.27482696,35.02301852,albert,3
sch_sco9_t1_ch3,2.358077402,35.01745,albert,3
sch_sco9_t1_ch3,2.278855488,35.32071111,albert,3
sor_nut10_t1_ch3,3.011963902,27.09160357,new,3
sor_nut10_t1_ch3,2.97386136,27.12867037,new,3
sor_nut10_t1_ch3,3.019311275,27.17368571,new,3
sor_nut10_t1_ch3,2.892465926,27.22928889,new,3
sor_nut10_t1_ch3,2.939065853,27.27940714,new,3
sor_nut10_t1_ch3,2.995578191,27.3349037,new,3
sor_nut10_t1_ch3,3.006779401,35.03311,new,3
sor_nut10_t1_ch3,3.101668463,35.0298,new,3
sor_nut10_t1_ch3,3.062810676,35.0326,new,3
sor_nut10_t1_ch3,2.915847388,35.03673333,new,3
sor_nut10_t1_ch3,3.238102697,35.01597,new,3
sor_nut10_t1_ch3,2.954360416,35.02041111,new,3
sor_nut11_t2_ch3,2.041265557,27.49491818,new,3
sor_nut11_t2_ch3,2.248638214,27.50417778,new,3
sor_nut11_t2_ch3,2.168640543,27.50531,new,3
sor_nut11_t2_ch3,2.341118254,27.49714444,new,3
sor_nut11_t2_ch3,2.161853043,27.49542,new,3
sor_nut11_t2_ch3,2.157737926,27.499,new,3
sor_nut11_t2_ch3,2.287319951,27.49484,new,3
sor_nut11_t2_ch3,2.246622859,27.50231111,new,3
sor_nut11_t2_ch3,2.164798592,27.49647,new,3
sor_nut11_t2_ch3,2.137056613,27.49604444,new,3
sor_nut11_t2_ch3,2.014281469,27.4956,new,3
sor_nut11_t2_ch3,2.259459669,27.49681111,new,3
sor_nut11_t2_ch3,2.751417967,33.33252727,new,3
sor_nut11_t2_ch3,2.686930342,33.52762222,new,3
sor_nut11_t2_ch3,2.665391914,33.69405,new,3
sor_nut11_t2_ch3,2.722014922,33.8525,new,3
sor_nut11_t2_ch3,2.760004066,34.0099,new,3
sor_nut11_t2_ch3,2.890678907,34.17373333,new,3
sor_nut11_t2_ch3,2.694392836,34.32449,new,3
sor_nut11_t2_ch3,2.764764084,34.49572222,new,3
sor_nut11_t2_ch3,2.812280788,34.63368,new,3
sor_nut11_t2_ch3,2.841075156,34.80064444,new,3
sor_nut11_t2_ch3,2.928078017,34.94125,new,3
sor_nut11_t2_ch3,2.966388619,35.08158889,new,3
sor_nut12_t2_ch3,2.471461132,27.09160357,new,3
sor_nut12_t2_ch3,2.367264021,27.12867037,new,3
sor_nut12_t2_ch3,2.532992634,27.17368571,new,3
sor_nut12_t2_ch3,2.466998226,27.22928889,new,3
sor_nut12_t2_ch3,2.279296988,27.27940714,new,3
sor_nut12_t2_ch3,2.388063839,27.3349037,new,3
sor_nut12_t2_ch3,2.207959648,27.14328,new,3
sor_nut12_t2_ch3,2.344417614,27.94922222,new,3
sor_nut12_t2_ch3,2.691948616,27.76569,new,3
sor_nut12_t2_ch3,2.929139203,27.55597778,new,3
sor_nut12_t2_ch3,3.130730806,27.38643,new,3
sor_nut12_t2_ch3,3.261106964,27.20591111,new,3
sor_nut12_t2_ch3,2.97509264,33.90731,new,3
sor_nut12_t2_ch3,3.07270689,34.1143,new,3
sor_nut12_t2_ch3,3.039353935,34.28168,new,3
sor_nut12_t2_ch3,3.064759064,34.45926667,new,3
sor_nut12_t2_ch3,3.112128772,34.62175,new,3
sor_nut12_t2_ch3,3.130780697,34.8146,new,3
sor_nut12_t2_ch3,3.195809388,34.97437,new,3
sor_nut12_t2_ch3,3.106577521,35.15457778,new,3
sor_nut12_t2_ch3,3.380629575,35.31266,new,3
sor_nut12_t2_ch3,3.105136661,35.39881111,new,3
sor_nut12_t2_ch3,3.232825336,35.37259,new,3
sor_nut12_t2_ch3,3.283298776,35.2267,new,3
sor_nut13_t3_ch3,3.511011241,27.53301818,new,3
sor_nut13_t3_ch3,3.439394587,27.51588889,new,3
sor_nut13_t3_ch3,3.37946133,27.5167,new,3
sor_nut13_t3_ch3,3.440786864,27.49474444,new,3
sor_nut13_t3_ch3,3.507795941,27.48692,new,3
sor_nut13_t3_ch3,3.440362328,27.48061111,new,3
sor_nut13_t3_ch3,3.449202023,27.47738,new,3
sor_nut13_t3_ch3,3.530527114,27.4884,new,3
sor_nut13_t3_ch3,3.480307392,27.48728,new,3
sor_nut13_t3_ch3,3.441865836,27.48806667,new,3
sor_nut13_t3_ch3,3.545662212,27.48854,new,3
sor_nut13_t3_ch3,3.478358357,27.48215556,new,3
sor_nut13_t3_ch3,4.042447063,32.87779091,new,3
sor_nut13_t3_ch3,4.065251553,33.07322222,new,3
sor_nut13_t3_ch3,4.159193706,33.23183,new,3
sor_nut13_t3_ch3,4.093593905,33.4088,new,3
sor_nut13_t3_ch3,4.181459045,33.5698,new,3
sor_nut13_t3_ch3,4.182165003,33.75851111,new,3
sor_nut13_t3_ch3,4.522541314,33.90935,new,3
sor_nut13_t3_ch3,4.276711025,34.08958889,new,3
sor_nut13_t3_ch3,4.480860901,34.22573,new,3
sor_nut13_t3_ch3,4.493584383,34.4067,new,3
sor_nut13_t3_ch3,4.59763249,34.5625,new,3
sor_nut13_t3_ch3,4.54578631,34.72872222,new,3
sor_nut14_t3_ch3,2.446733022,27.47297407,new,3
sor_nut14_t3_ch3,2.367952729,27.48286786,new,3
sor_nut14_t3_ch3,2.373269292,27.48857778,new,3
sor_nut14_t3_ch3,2.382160012,27.4953037,new,3
sor_nut14_t3_ch3,2.414246168,27.49595,new,3
sor_nut14_t3_ch3,2.213321909,27.49889643,new,3
sor_nut14_t3_ch3,2.19121063,27.50007857,new,3
sor_nut14_t3_ch3,2.170226102,27.50191429,new,3
sor_nut14_t3_ch3,2.102706834,27.49838571,new,3
sor_nut14_t3_ch3,1.972625304,27.49854815,new,3
sor_nut14_t3_ch3,2.168492608,27.50031786,new,3
sor_nut14_t3_ch3,1.939581236,27.50342222,new,3
sor_nut14_t3_ch3,2.982988991,27.50243571,new,3
sor_nut14_t3_ch3,2.981605958,32.52704444,new,3
sor_nut14_t3_ch3,2.962981817,32.72749,new,3
sor_nut14_t3_ch3,2.940613935,32.93893333,new,3
sor_nut14_t3_ch3,2.9613445,33.12484,new,3
sor_nut14_t3_ch3,2.944446109,33.33616667,new,3
sor_nut14_t3_ch3,3.074213751,33.51532,new,3
sor_nut14_t3_ch3,3.010093101,33.71304444,new,3
sor_nut14_t3_ch3,3.210402106,33.88937,new,3
sor_nut14_t3_ch3,3.260764932,34.08467778,new,3
sor_nut14_t3_ch3,3.269388802,34.24759,new,3
sor_nut14_t3_ch3,3.291809661,34.42148889,new,3
sor_nut15_t4_ch3,2.209828029,27.52376364,new,3
sor_nut15_t4_ch3,2.341635583,27.50491111,new,3
sor_nut15_t4_ch3,2.050662638,27.48746,new,3
sor_nut15_t4_ch3,2.252574399,27.47496667,new,3
sor_nut15_t4_ch3,2.330881966,27.47084,new,3
sor_nut15_t4_ch3,2.123121656,27.47023333,new,3
sor_nut15_t4_ch3,2.190522957,27.47286,new,3
sor_nut15_t4_ch3,2.280528328,27.48857778,new,3
sor_nut15_t4_ch3,2.403113973,27.49218,new,3
sor_nut15_t4_ch3,2.366809601,27.49735556,new,3
sor_nut15_t4_ch3,2.384370266,27.49467,new,3
sor_nut15_t4_ch3,2.309431243,27.49667778,new,3
sor_nut15_t4_ch3,3.111504447,35.10547273,new,3
sor_nut15_t4_ch3,2.92431605,35.23748889,new,3
sor_nut15_t4_ch3,2.922410245,35.21044,new,3
sor_nut15_t4_ch3,2.90706792,35.08443333,new,3
sor_nut15_t4_ch3,2.936774043,34.93388,new,3
sor_nut15_t4_ch3,2.862999848,34.73988889,new,3
sor_nut15_t4_ch3,2.889929687,34.54507,new,3
sor_nut15_t4_ch3,2.775731249,34.36472222,new,3
sor_nut15_t4_ch3,2.760159671,34.28098,new,3
sor_nut15_t4_ch3,2.648750168,34.23048889,new,3
sor_nut15_t4_ch3,2.657139845,34.23135,new,3
sor_nut15_t4_ch3,2.708224242,34.24857778,new,3
sor_nut16_t4_ch3,2.374885764,27.48784,new,3
sor_nut16_t4_ch3,2.23451489,27.47652222,new,3
sor_nut16_t4_ch3,2.14781742,27.48172,new,3
sor_nut16_t4_ch3,2.497295374,27.47754444,new,3
sor_nut16_t4_ch3,2.415702545,27.48412,new,3
sor_nut16_t4_ch3,2.17129418,27.49221111,new,3
sor_nut16_t4_ch3,2.164034953,27.4876,new,3
sor_nut16_t4_ch3,2.305919704,27.48844444,new,3
sor_nut16_t4_ch3,2.201450541,27.48876,new,3
sor_nut16_t4_ch3,2.311627179,27.49496667,new,3
sor_nut16_t4_ch3,2.314285688,27.49434,new,3
sor_nut16_t4_ch3,2.244698715,27.49015556,new,3
sor_nut16_t4_ch3,2.506697124,34.50221818,new,3
sor_nut16_t4_ch3,2.468292807,34.39981111,new,3
sor_nut16_t4_ch3,2.493382962,34.35923,new,3
sor_nut16_t4_ch3,2.745427863,34.35444444,new,3
sor_nut16_t4_ch3,2.73008478,34.37586,new,3
sor_nut16_t4_ch3,2.748711086,34.39882222,new,3
sor_nut16_t4_ch3,2.702559504,34.4059,new,3
sor_nut16_t4_ch3,2.860697172,34.43411111,new,3
sor_nut16_t4_ch3,2.800254446,34.48067,new,3
sor_nut16_t4_ch3,2.962394874,34.54421111,new,3
sor_nut16_t4_ch3,2.934372354,34.60337,new,3
sor_nut16_t4_ch3,2.937434022,34.66771111,new,3
sor_nut9_t1_ch3,1.812972222,27.49512727,new,3
sor_nut9_t1_ch3,1.868532519,27.48926667,new,3
sor_nut9_t1_ch3,2.106604002,27.49296,new,3
sor_nut9_t1_ch3,1.872210602,27.48548889,new,3
sor_nut9_t1_ch3,1.847699022,27.48661,new,3
sor_nut9_t1_ch3,2.062344841,27.49227778,new,3
sor_nut9_t1_ch3,2.006582923,27.48657,new,3
sor_nut9_t1_ch3,1.917276699,27.47822222,new,3
sor_nut9_t1_ch3,1.858756948,27.47591,new,3
sor_nut9_t1_ch3,1.884484125,27.4787,new,3
sor_nut9_t1_ch3,1.90426412,27.48607,new,3
sor_nut9_t1_ch3,1.89941411,27.48607778,new,3
sor_nut9_t1_ch3,2.273735235,34.62869091,new,3
sor_nut9_t1_ch3,2.277105573,34.79662222,new,3
sor_nut9_t1_ch3,2.2006823,34.95922,new,3
sor_nut9_t1_ch3,2.30175875,35.12326667,new,3
sor_nut9_t1_ch3,2.311590141,35.23578,new,3
sor_nut9_t1_ch3,2.181837629,35.19904444,new,3
sor_nut9_t1_ch3,2.32915556,35.06726,new,3
sor_nut9_t1_ch3,2.309175168,34.87358889,new,3
sor_nut9_t1_ch3,2.202378214,34.67378,new,3
sor_nut9_t1_ch3,2.073118266,34.46028889,new,3
sor_nut9_t1_ch3,2.029431811,34.35126,new,3
sor_nut9_t1_ch3,1.999042504,34.32484444,new,3