"obs","time","elapsed","date","hhmmss","averaging","id","machine","TIME","E","Emm","A","Ca","Ci","Pci","Pca","gsw","gbw","gtw","gtc","Rabs","TleafEB","TleafCnd","SVPleaf","RHcham","VPcham","SVPcham","VPDleaf","LatHFlux","SenHFlux","NetTherm","EBSum","Asty","Esty","Adyn","Crd","Csd","dCsd.dt","αVc","Edyn","Hr","Hs","dHs.dt","αVh","Leak","LeakPct","CorrFact","CorrFactPct","Fan","Qin","Qabs","alpha","convert","S","K","Geometry","Custom","UseDynamic","TIME.1","CO2_s","CO2_r","H2O_s","H2O_r","CO2_a","H2O_a","Flow","Pa","ΔPcham","Tair","Tleaf","Tleaf2","Offset","Offset2","Fan_speed","Qamb_in","Qamb_out","ΔCO2","CO2_s_d","CO2_r_d","ΔH2O","CO2_b","H2O_b","e_s","e_r","Td_s","Td_r","Q","f_red","f_blue","f_farred","F","Q_modavg","F_dc","Pc","Tled","TDigital","TPreamp","TPwrSpy","TDrive","Q_red","Q_blue","Q_farred","TSPF","state","time.1","hhmmss.1","co2_t","h2o_t","count","co2_adj","h2o_adj","co2_match","h2o_match","co2_at","h2o_at","co2_cv","h2o_cv","ΔCO2.MN","ΔCO2.SLP","ΔCO2.SD","ΔCO2.OK","ΔH2O.MN","ΔH2O.SLP","ΔH2O.SD","ΔH2O.OK","Stable","Total","State","Vflow","VPchamber","abs_c_a","abs_c_b","abs_h_a","abs_h_b","Wc_s","Wc_r","Wco_s","Wco_r","Ww_s","Ww_r","Wwo_s","Wwo_r","Flow_s_v","Flow_r_v","Tleaf_mv","Tleaf2_mv","Tleaf_j","Tleaf2_j","Console_RH","Console_T","Console_H2O","Fan_.","Flow_.","Pump","Tchp_pwm","Txchg_pwm","diag_20v","diag_5_4v","diag_12v","diag_5va","diag_3_3vf","AccH2O_hum","CO2_hrs","AccCO2_soda","AccH2O_des","ADC_CH1","ADC_CH2","ADC_CH3","ADC_CH4","ADC_CH5","ADC_CH6","ADC_CH7","ADC_CH8","DAC_1","DAC_2","DAC_3","DAC_4","GPIO","GPIO_dir","excit_5v","power_12v","power_5v","ch1_pullup","AuxPower","MatchValveR","MatchValveS","MatchCO2","MatchH2O","cf_co2_a","cf_co2_b","cf_co2_c","cf_co2_d","cf_h2o_a","cf_h2o_b","cf_h2o_c","cf_h2o_d","co2_fit_low","co2_fit_high","h2o_fit_low","h2o_fit_high","co2_elapsed","h2o_elapsed","CO2_f","CO2_f_s","Pump_f","Pump_f_s","Pump_p","Pump_p_s","Tboard","V_system","DIAG","Flow_s","Flow_r","Txchg","Tirga","Tchopper","Ts","Tr","CO2_.","Desiccant_.","Humidifier_.","Txchg_sp","CO2_r_sp","H2O_r_sp","SS_s","SS_r","NA.","chamber"
1,1678141718.6,0,"20230306 16:28:38","16:28:38",5,"ely_can21_t3_ch4","gibson",1678141715.85,0.000458259249741202,0.458259249741202,0.300581622488326,419.653899858047,344.522340146161,30.9746056583583,37.7293793359834,0.0101426947446347,3.851935588244,0.0101278808364647,0.00633125466208389,0,35.2844859492272,34.99327,5.64626662920263,30.2663100281783,1.74549420215257,5.76711928387535,3.90077242705006,-20.209232913587,79.5255229214234,4.830279986527,64.1465699943634,0.300581622488326,0.458259249741202,0.268259476946724,428.080165689045,427.962206060606,-0.000262732767064674,67.2944550143451,0.459887212162833,19.2184782796959,19.41494,8.29132849202792e-06,110.132939756558,10,2,1,0,46222,0,0,0,0,2.18,0.5,"0: Broadleaf",2,"False",1678141715.85,419.6539,419.8687,19.41467,19.21884,419.3667,19.40761,500.2348,89.8058,0.10014237,35.37622,34.99327,999.9,0,0,9986.816,0,0.2296616,-0.2146027,427.9627,428.0961,0.1958294,419.8687,19.21884,1.743551,1.725962,15.2897,15.13192,0,0,0,0,-2.73,0,-11.75,-1.9,37.4433,42,39.7996,41.1996,39.0186,0,0,0,1678141722.8,0,0,"--:--:--",1675439743,1675439745,0,-1.108,-0.214,-1.206,0.007,420,23,0.5,0.32,-0.2220185,-0.00376867542213854,0.0212342642267162,1,0.19582595,-0.00936101313320825,0.00159615798011976,1,2,2,"2/2",2.84162,2.71013,0.0901103,0.0901381,0.0878292,0.0866736,25769.2,22212.7,25353.2,23784.7,39513.8,35948.5,45877.6,42421.9,1.74303,1.83763,0.160888,0,32.391,999.9,44.891,31.602,23.3365,54.5557,43.75,1,0.153918,-3.22254,20.217,5.23436,11.992,4.9564,3.304,9999,999.9,9999,9999,1.86844,1.86417,1.87179,1.86261,1.86203,1.86844,1.85855,1.86494,5,0,0,0,11111111,"oooooooo","off","off","off","off",0,100,100,0.287,0.0071,0.113826916836126,0.000452008408019119,-6.84267804538238e-08,-5.69986074957693e-11,-0.144741974963173,-0.0326337757788668,0.00264487103422568,-2.88752114221617e-05,2,1362,1,28,45032.9,45032.9,1.05103,2.37061,1.44775,2.2998,1.44409,2.44019,37.0032,24.3239,18,417.195,460.794,37.7488,29.626,30.0002,29.2637,29.2617,21.0971,29.8075,68.4758,37.8034,419.906,19.2159,97.065,99.7421,NA,4
2,1678141723.6,5,"20230306 16:28:43","16:28:43",5,"ely_can21_t3_ch4","gibson",1678141721.1,0.000461697196565618,0.461697196565618,0.383208928558723,419.681110928816,332.408411080389,29.8853617762675,37.7316620539434,0.0102214180309061,3.84554410625484,0.0102063484909492,0.00638031986480101,0,35.2817995287684,34.9908111111111,5.64549781273016,30.272632205811,1.74568012515257,5.76652903283872,3.89981768757758,-20.3608463685438,79.5191113058154,4.83781653294341,63.9960814702151,0.383208928558723,0.461697196565618,0.400570254259677,428.184482953261,428.001145454545,0.00113566429708057,67.2944550143451,0.462461458055789,19.2197509125621,19.4173212121212,7.29056508064432e-06,110.132939756558,10,2,1,0,45992,0,0,0,0,2.18,0.5,"0: Broadleaf",2,"False",1678141721.1,419.681111111111,419.932555555556,19.4168222222222,19.2195222222222,419.393888888889,19.4097,500.231555555556,89.8053444444444,0.100207822222222,35.3743666666667,34.9908111111111,999.9,0,0,9964.02555555556,0,0.233386666666667,-0.251529333333333,427.991444444444,428.161666666667,0.197280888888889,419.932555555556,19.2195222222222,1.74373444444444,1.72601555555556,15.2913222222222,15.1324111111111,0,0,0,0,-3.62222222222222,0,-15.2666666666667,-2.5,37.472,42,39.812,41.187,39.0275555555556,0,0,0,1678141728.2,0,0,"--:--:--",1675439743,1675439745,0,-1.108,-0.214,-1.206,0.007,420,23,0.5,0.32,-0.229444609756098,-0.0838758397212539,0.0244243073086269,1,0.195577317073171,0.00535440418118492,0.00143916478893437,1,2,2,"2/2",2.84183,2.70987,0.0901123,0.0901343,0.0878336,0.0866669,25769.6,22212.3,25353.6,23784.3,39513.7,35948,45877.8,42421,1.74285,1.83805,0.160165,0,32.3989,999.9,44.891,31.602,23.3378,54.7757,43.0329,1,0.154228,-3.21751,20.2171,5.23406,11.992,4.9568,3.304,9999,999.9,9999,9999,1.86844,1.86417,1.87178,1.86259,1.86203,1.86844,1.85853,1.86495,5,0,0,0,11111111,"oooooooo","off","off","off","off",0,100,100,0.287,0.0071,0.113826916836126,0.000452008408019119,-6.84267804538238e-08,-5.69986074957693e-11,-0.144741974963173,-0.0326337757788668,0.00264487103422568,-2.88752114221617e-05,2,1362,1,28,45033,45033,1.05103,2.37305,1.44775,2.2998,1.44409,2.46216,37.0032,24.3152,18,417.112,461.078,37.8004,29.626,30.0004,29.266,29.2637,21.0981,29.8075,68.4758,37.8092,419.906,19.2159,97.0658,99.7401,NA,4
3,1678141728.6,10,"20230306 16:28:48","16:28:48",5,"ely_can21_t3_ch4","gibson",1678141725.8,0.00046408651334704,0.46408651334704,0.336826456716502,419.671799841024,339.689383796281,30.5398081210499,37.7306352577888,0.010275864662157,3.86247587064268,0.0102607009396944,0.00641429859373302,0,35.2830184344084,34.98891,5.64490345802521,30.2703588987895,1.74567564486206,5.76694729883717,3.89922781316315,-20.4662152386044,80.5385864926381,4.87834665025989,64.9507179042936,0.336826456716502,0.46408651334704,0.245536724183057,428.122978080918,428.0074,0.00137158196777727,67.2944550143451,0.463010644326614,19.2180877805122,19.4159812121212,-3.9917469164415e-07,110.132939756558,10,2,1,0,46075,0,0,0,0,2.18,0.5,"0: Broadleaf",2,"False",1678141725.8,419.6718,419.9035,19.41687,19.21852,419.3843,19.40976,500.1585,89.80543,0.0996703,35.37568,34.98891,999.9,0,0,10024.564,0,0.2266012,-0.2318481,427.9817,428.1317,0.198354,419.9035,19.21852,1.743741,1.725928,15.2914,15.13162,0,0,0,0,-1.63,0,-15.49,-3.24,37.4874,42.0124,39.812,41.2185,39.0248,0,0,0,1678141733,0,0,"--:--:--",1675439743,1675439745,0,-1.108,-0.214,-1.206,0.007,420,23,0.5,0.32,-0.2303238,-0.0680999549718567,0.0255676636185241,1,0.196340025,0.0172618424015004,0.00201485909541462,1,2,2,"2/2",2.84171,2.71056,0.0901226,0.0901482,0.0878255,0.0866727,25769.2,22212.3,25353.5,23784.6,39513.6,35948.2,45877.2,42421.5,1.74293,1.83765,0.160143,0,32.4075,999.9,44.915,31.612,23.3634,54.4557,42.6883,1,0.154413,-3.18263,20.2176,5.23421,11.992,4.9566,3.304,9999,999.9,9999,9999,1.86845,1.86416,1.87178,1.8626,1.86203,1.86844,1.85854,1.86494,5,0,0,0,11111111,"oooooooo","off","off","off","off",0,100,100,0.287,0.0071,0.113826916836126,0.000452008408019119,-6.84267804538238e-08,-5.69986074957693e-11,-0.144741974963173,-0.0326337757788668,0.00264487103422568,-2.88752114221617e-05,2,1362,1,28,45033.1,45033.1,1.05225,2.39502,1.44897,2.2998,1.44409,2.26685,37.0032,24.3064,18,417.168,460.835,37.8164,29.6285,30.0001,29.2681,29.2649,21.0953,29.8075,68.4758,37.8175,419.906,19.2159,97.0649,99.7413,NA,4
4,1678141733.6,15,"20230306 16:28:53","16:28:53",5,"ely_can21_t3_ch4","gibson",1678141731.1,0.000458989239083851,0.458989239083851,0.472642358010872,419.658333111796,318.381817199986,28.624517014349,37.7299093334419,0.0101555234175988,3.8576563204656,0.0101406940307316,0.00633926429768181,0,35.2834482176609,34.9976888888889,5.6476485041451,30.2701766219919,1.7456188584768,5.76679442698917,3.90202964566829,-20.2414254435978,78.5124835715872,4.76175613290425,63.0328142608936,0.472642358010872,0.458989239083851,0.556368234369302,428.19304611792,427.949254545454,-0.000721532953575423,67.2944550143451,0.462056823029039,19.2199198271083,19.4174127272727,-7.81225464138189e-06,110.132939756558,10,2,1,0,46476,0,0,0,0,2.18,0.5,"0: Broadleaf",2,"False",1678141731.1,419.658333333333,419.948222222222,19.4159888888889,19.2198666666667,419.371333333333,19.4088888888889,500.284444444444,89.8062555555556,0.0999999777777778,35.3752,34.9976888888889,999.9,0,0,10007.2244444444,0,0.222567,-0.289655777777778,427.967888888889,428.177555555556,0.196134,419.948222222222,19.2198666666667,1.74367666666667,1.72606444444444,15.2908333333333,15.1328222222222,0,0,0,0,-0.788888888888889,0,-11.6666666666667,-2.1,37.5,42.0137777777778,39.812,41.236,39.0344444444444,0,0,0,1678141737.8,0,0,"--:--:--",1675439743,1675439745,0,-1.108,-0.214,-1.206,0.007,420,23,0.5,0.32,-0.243399025,-0.189099951219512,0.0329530956015421,0,0.1967562,0.00495169981238267,0.00165980348535602,1,1,2,"1/2",2.84152,2.71031,0.0901121,0.0901391,0.0878297,0.0866738,25769.2,22212.2,25353.2,23784.3,39513.2,35947.5,45877,42420.7,1.7429,1.83785,0.159621,0,32.4169,999.9,44.891,31.602,23.3359,54.2557,43.2973,1,0.0886789,-3.07887,20.2181,5.23361,11.992,4.95665,3.304,9999,999.9,9999,9999,1.86844,1.86417,1.87179,1.86259,1.86203,1.86844,1.85852,1.86494,5,0,0,0,11111111,"oooooooo","off","off","off","off",0,100,100,0.287,0.0072,0.113826916836126,0.000452008408019119,-6.84267804538238e-08,-5.69986074957693e-11,-0.144741974963173,-0.0326337757788668,0.00264487103422568,-2.88752114221617e-05,2,1362,1,28,45033.2,45033.1,1.05225,2.38892,1.44775,2.2998,1.44409,2.37061,37.0032,24.3152,18,417.167,460.976,37.8236,29.6285,30.0002,29.27,29.2668,21.0956,29.8075,68.4758,37.8204,419.906,19.2159,97.0642,99.7397,NA,4
5,1678141738.6,20,"20230306 16:28:58","16:28:58",5,"ely_can21_t3_ch4","gibson",1678141735.8,0.00046470633600156,0.46470633600156,0.578088318090461,419.615799726796,303.332939441446,27.2709507025059,37.7252856528331,0.0102785876880949,3.85169300144633,0.0102633735287794,0.00641597348145352,0,35.2862000090213,35.00215,5.64904388097964,30.2657933315511,1.74575457360746,5.76807802287991,3.90328930737218,-20.4935494176688,78.3015945542759,4.75651485710951,62.5645599937166,0.578088318090461,0.46470633600156,0.548590206352743,428.187951038053,427.944981818182,-0.00016631841855766,67.2944550143451,0.465109103662412,19.2190277460294,19.41778,-1.49825725758784e-08,110.132939756558,10,2,1,0,46192,0,0,0,0,2.18,0.5,"0: Broadleaf",2,"False",1678141735.8,419.6158,419.9527,19.41791,19.21933,419.3286,19.41076,500.2459,89.80417,0.10017983,35.37923,35.00215,999.9,0,0,9986.13,0,0.2332785,-0.3368163,427.9252,428.182,0.1985796,419.9527,19.21933,1.743809,1.725976,15.29201,15.13205,0,0,0,0,1.03,0,-15.4,-2.52,37.5,42,39.812,41.25,39.0496,0,0,0,1678141743.2,0,0,"--:--:--",1675439743,1675439745,0,-1.108,-0.214,-1.206,0.007,420,23,0.5,0.32,-0.26873775,-0.349488923076923,0.0508933018631873,0,0.197425325,0.00334512945590891,0.00157045205892285,1,1,2,"1/2",2.84155,2.70999,0.0901112,0.0901488,0.0878286,0.0866684,25769.1,22211.7,25353,23784,39513,35947.3,45876.7,42420.1,1.74308,1.8375,0.15945,0,32.4255,999.9,44.891,31.582,23.3109,54.1157,43.738,1,0.15436,-3.14048,20.2185,5.23361,11.992,4.9568,3.304,9999,999.9,9999,9999,1.86844,1.86417,1.87178,1.86258,1.86203,1.86844,1.85853,1.86495,5,0,0,0,11111111,"oooooooo","off","off","off","off",0,100,100,0.287,0.0072,0.113826916836126,0.000452008408019119,-6.84267804538238e-08,-5.69986074957693e-11,-0.144741974963173,-0.0326337757788668,0.00264487103422568,-2.88752114221617e-05,2,1362,1,28,45033.3,45033.2,1.05103,2.36572,1.44775,2.30103,1.44409,2.48413,37.0032,24.3152,18,417.277,460.775,37.8255,29.6285,30,29.2718,29.2693,21.0926,29.8075,68.4758,37.821,419.906,19.2159,97.0636,99.7384,NA,4
6,1678141743.6,25,"20230306 16:29:03","16:29:03",5,"ely_can21_t3_ch4","gibson",1678141741.1,0.000460531073943894,0.460531073943894,0.295944477496375,419.673333193899,345.399169789105,31.0529103627794,37.7304855865061,0.0101829611897279,3.85925586889557,0.0101680577970955,0.00635637328750785,0,35.291187498615,35.0056444444444,5.65013710647752,30.2577959147186,1.74567702632075,5.76934629092261,3.90446008015677,-20.3094203609257,78.5565970876303,4.76282699920112,63.0100037259057,0.295944477496375,0.460531073943894,0.354796207977594,428.111403535926,427.97196969697,-0.0038707949309294,67.2944550143451,0.462006460144167,19.2201852779101,19.417636969697,1.24650582655974e-07,110.132939756558,10,2,1,0,46209,0,0,0,0,2.18,0.5,"0: Broadleaf",2,"False",1678141741.1,419.673333333333,419.886555555556,19.4170333333333,19.2202111111111,419.386111111111,19.4099111111111,500.179222222222,89.8045888888889,0.0998262888888889,35.3832111111111,35.0056444444444,999.9,0,0,10013.1333333333,0,0.222567,-0.213311111111111,427.983444444445,428.115111111111,0.196829888888889,419.886555555556,19.2202111111111,1.74373888888889,1.72606333333333,15.2913888888889,15.1328222222222,0,0,0,0,3.13333333333333,0,-16.6777777777778,-2.15555555555556,37.5,42.0137777777778,39.812,41.25,39.0482222222222,0,0,0,1678141748,0,0,"--:--:--",1675439743,1675439745,0,-1.108,-0.214,-1.206,0.007,420,23,0.5,0.32,-0.26863855,-0.164568923076922,0.0584299977798006,0,0.1976179,-0.00308429268292698,0.00141397420061329,1,1,2,"1/2",2.84183,2.71031,0.09011,0.0901356,0.0878303,0.0866726,25769.1,22212.4,25353,23784.4,39512.8,35948,45876.6,42421.3,1.74277,1.83792,0.159603,0,32.433,999.9,44.891,31.602,23.3363,54.4857,42.9888,1,0.154225,-3.11489,20.219,5.23391,11.992,4.95705,3.304,9999,999.9,9999,9999,1.86844,1.86417,1.87177,1.8626,1.86203,1.86844,1.85852,1.86493,5,0,0,0,11111111,"oooooooo","off","off","off","off",0,100,100,0.287,0.0071,0.113826916836126,0.000452008408019119,-6.84267804538238e-08,-5.69986074957693e-11,-0.144741974963173,-0.0326337757788668,0.00264487103422568,-2.88752114221617e-05,2,1362,1,28,45033.3,45033.3,1.05103,2.38647,1.44775,2.2998,1.44409,2.35962,37.0032,24.3152,18,417.121,461.059,37.823,29.6289,30.0001,29.2737,29.2712,21.0924,29.8075,68.4758,37.814,419.906,19.2159,97.0633,99.7407,NA,4
7,1678141748.6,30,"20230306 16:29:08","16:29:08",5,"ely_can21_t3_ch4","gibson",1678141745.8,0.000459467358596358,0.459467358596358,0.294563562084187,419.639699859899,345.406072513299,31.0539761911725,37.7280027345737,0.0101497874029218,3.8525564945809,0.0101349551725943,0.00633567776510572,0,35.2945786136265,35.01747,5.65383805693844,30.252615963341,1.74569905883974,5.77040696564922,3.9081389980987,-20.2625105140994,76.6554794283285,4.65598884076729,61.0489577549964,0.294563562084187,0.459467358596358,0.4302949400291,428.101886839159,427.922763636364,-0.00256408939621252,67.2944550143451,0.46022410544368,19.2207992110809,19.4175303030303,-7.49979299307237e-06,110.132939756558,10,2,1,0,45885,0,0,0,0,2.18,0.5,"0: Broadleaf",2,"False",1678141745.8,419.6397,419.8521,19.417,19.22065,419.3525,19.40988,500.2241,89.80561,0.10009422,35.38654,35.01747,999.9,0,0,9989.057,0,0.222567,-0.2125762,427.9492,428.0802,0.1963496,419.8521,19.22065,1.743757,1.726123,15.29153,15.13336,0,0,0,0,2.59,0,-16.48,-2.69,37.5,42.0062,39.812,41.25,39.031,0,0,0,1678141752.8,0,0,"--:--:--",1675439743,1675439745,0,-1.108,-0.214,-1.206,0.007,420,23,0.5,0.32,-0.267711575,0.241230090056286,0.0584631489503805,0,0.19698585,-0.000122994371482103,0.00124699652264952,1,1,2,"1/2",2.84173,2.71009,0.0901081,0.0901259,0.0878269,0.0866744,25769,22212.3,25352.9,23784.1,39512.9,35947.5,45876.4,42420.7,1.74303,1.83757,0.159383,0,32.4398,999.9,44.915,31.602,23.3477,55.0357,42.6683,1,0.154314,-3.07658,20.2196,5.23361,11.992,4.957,3.304,9999,999.9,9999,9999,1.86844,1.86417,1.87174,1.86259,1.86203,1.86844,1.85853,1.86493,5,0,0,0,11111111,"oooooooo","off","off","off","off",0,100,100,0.287,0.0071,0.113826916836126,0.000452008408019119,-6.84267804538238e-08,-5.69986074957693e-11,-0.144741974963173,-0.0326337757788668,0.00264487103422568,-2.88752114221617e-05,2,1362,1,28,45033.4,45033.4,1.05225,2.39746,1.44897,2.2998,1.44409,2.30713,37.0032,24.3152,18,417.278,460.847,37.814,29.6311,30.0001,29.2761,29.2725,21.0969,29.8075,68.4758,37.7999,419.906,19.2159,97.0631,99.7394,NA,4
8,1678141753.6,35,"20230306 16:29:13","16:29:13",5,"ely_can21_t3_ch4","gibson",1678141751.1,0.000459174577646955,0.459174577646955,0.459004020968077,419.60899978233,320.251928173636,28.7929979173395,37.7259276024685,0.0101396687826948,3.84801906742665,0.0101248486605227,0.00632936010836377,0,35.2954728937466,35.0218333333333,5.65520414683502,30.2495386060607,1.74561187814673,5.77070579779681,3.90959226868829,-20.2495988742307,75.8545502846426,4.61289285305305,60.2178442634649,0.459004020968077,0.459174577646955,0.913689489662139,428.12205511085,427.853781818182,-0.0292398440627779,67.2944550143451,0.4561240949398,19.2196465485332,19.4145860606061,-2.67989246350106e-06,110.132939756558,10,2,1,0,46096,0,0,0,0,2.18,0.5,"0: Broadleaf",2,"False",1678141751.1,419.609,419.893,19.4156777777778,19.2194555555556,419.321888888889,19.4086,500.231555555556,89.8073888888889,0.0999477555555556,35.3874777777778,35.0218333333333,999.9,0,0,9972.64111111111,0,0.234468666666667,-0.284101777777778,427.917111111111,428.121222222222,0.196212111111111,419.893,19.2194555555556,1.74367222222222,1.72605,15.2907666666667,15.1327333333333,0,0,0,0,-0.444444444444444,0,-16.9777777777778,-2.82222222222222,37.5,42.0344444444444,39.812,41.25,39.062,0,0,0,1678141758.2,0,0,"--:--:--",1675439743,1675439745,0,-1.108,-0.214,-1.206,0.007,420,23,0.5,0.32,-0.25835495,0.27212989868668,0.0658638814123302,0,0.1970761,-0.00792448030018773,0.00113251313016671,1,1,2,"1/2",2.84137,2.71009,0.0900991,0.0901408,0.0878236,0.0866702,25769,22211.9,25352.7,23784,39513.1,35947.3,45876.5,42420.3,1.7427,1.8383,0.15904,0,32.4456,999.9,44.891,31.602,23.3365,55.0157,43.4335,1,0.154416,-3.04937,20.22,5.23361,11.992,4.957,3.304,9999,999.9,9999,9999,1.86844,1.86417,1.87178,1.86262,1.86203,1.86844,1.85852,1.86493,5,0,0,0,11111111,"oooooooo","off","off","off","off",0,100,100,0.287,0.0071,0.113826916836126,0.000452008408019119,-6.84267804538238e-08,-5.69986074957693e-11,-0.144741974963173,-0.0326337757788668,0.00264487103422568,-2.88752114221617e-05,2,1362,1,28,45033.5,45033.5,1.05103,2.37427,1.44775,2.2998,1.44409,2.44995,37.0032,24.3152,18,417.104,461.321,37.7961,29.6311,30.0001,29.2775,29.2743,21.0961,29.8075,68.4758,37.7808,419.906,19.2159,97.0629,99.7387,NA,4
9,1678141758.6,40,"20230306 16:29:18","16:29:18",5,"ely_can21_t3_ch4","gibson",1678141755.8,0.000456427734363432,0.456427734363432,0.563597455089921,419.616499734127,303.863753829108,27.319296233725,37.7262089220503,0.0100851186570659,3.85429218982301,0.0100704812669288,0.00629536410465055,0,35.2991159660498,35.0138,5.65268926069905,30.2424423189712,1.74548690606574,5.77164664036009,3.90720235463331,-20.1284630854274,78.2609271405266,4.75136689713763,62.8838309522369,0.563597455089921,0.456427734363432,0.251821309099881,428.181456815059,427.970333333333,0.0210665855916916,67.2944550143451,0.454975766782786,19.2197549168086,19.4141745454545,2.58394220946235e-06,110.132939756558,10,2,1,0,46234,0,0,0,0,2.18,0.5,"0: Broadleaf",2,"False",1678141755.8,419.6165,419.9456,19.41449,19.21943,419.3294,19.40747,500.2024,89.80644,0.09996012,35.39043,35.0138,999.9,0,0,9995.171,0,0.2228452,-0.3292695,427.9243,428.1749,0.1950595,419.9456,19.21943,1.743547,1.726028,15.28967,15.13253,0,0,0,0,2.66,0,-19.52,-2.66,37.5,42.0372,39.812,41.25,39.062,0,0,0,1678141763,0,0,"--:--:--",1675439743,1675439745,0,-1.108,-0.214,-1.206,0.007,420,23,0.5,0.32,-0.26262285,-0.309088592870544,0.0635571140681946,0,0.196341475,-0.008169151969981,0.00101731241483381,1,1,2,"1/2",2.8415,2.7101,0.0901143,0.0901452,0.0878155,0.0866699,25768.8,22211.7,25352.9,23783.9,39513.1,35947.3,45876.1,42420.2,1.74305,1.8378,0.158597,0,32.4514,999.9,44.891,31.602,23.3356,54.7857,43.6258,1,0.154367,-3.03534,20.2202,5.23391,11.992,4.957,3.304,9999,999.9,9999,9999,1.86844,1.86417,1.87177,1.8626,1.86202,1.86844,1.85852,1.86493,5,0,0,0,11111111,"oooooooo","off","off","off","off",0,100,100,0.287,0.007,0.113826916836126,0.000452008408019119,-6.84267804538238e-08,-5.69986074957693e-11,-0.144741974963173,-0.0326337757788668,0.00264487103422568,-2.88752114221617e-05,2,1362,1,28,45033.6,45033.6,1.05103,2.36572,1.44775,2.2998,1.44409,2.49512,36.9794,24.3152,18,417.31,461.019,37.7751,29.6311,30.0002,29.2787,29.2762,21.096,29.8075,68.4758,37.7629,419.906,19.2159,97.0626,99.7383,NA,4
10,1678141763.6,45,"20230306 16:29:23","16:29:23",5,"ely_can21_t3_ch4","gibson",1678141761.1,0.000453898110239603,0.453898110239603,0.295945390486295,419.683333193689,344.666346824958,30.9876893123067,37.7321918961936,0.010024268499954,3.85772096476613,0.0100098199076357,0.00625743382759125,0,35.295445698651,35.0193666666667,5.65443183770067,30.2476350419021,1.74537672695037,5.77029154356198,3.9090551107503,-20.0169066615665,76.2884404935117,4.62752645026551,60.8990602822107,0.295945390486295,0.453898110239603,0.443817078016225,428.119506350024,427.949424242424,-0.00576066860421702,67.2944550143451,0.455480596568155,19.2191435838896,19.4137472727273,6.52369526294712e-06,110.132939756558,10,2,1,0,46166,0,0,0,0,2.18,0.5,"0: Broadleaf",2,"False",1678141761.1,419.683333333333,419.895333333333,19.4132777777778,19.2193,419.396333333333,19.4062888888889,500.206,89.8063666666667,0.0999720222222222,35.3861777777778,35.0193666666667,999.9,0,0,10007.4433333333,0,0.222567,-0.212005444444444,427.992111111111,428.123666666667,0.193985777777778,419.895333333333,19.2193,1.74343555555556,1.72601333333333,15.2886777777778,15.1323888888889,0,0,0,0,0.466666666666667,0,-19.4333333333333,-3,37.5,42.0482222222222,39.812,41.25,39.062,0,0,0,1678141767.8,0,0,"--:--:--",1675439743,1675439745,0,-1.108,-0.214,-1.206,0.007,420,23,0.5,0.32,-0.2566826,-0.148236945590994,0.0615385640626266,0,0.195513925,-0.00995172607879914,0.0011978639611304,1,1,2,"1/2",2.84183,2.71034,0.0901125,0.0901383,0.0878147,0.0866715,25768.4,22211.9,25352.5,23784,39512.8,35947.3,45875.7,42420.3,1.74255,1.83797,0.158276,0,32.4557,999.9,44.915,31.602,23.3491,54.9457,42.8365,1,0.15437,-3.02693,20.2204,5.23346,11.992,4.95685,3.304,9999,999.9,9999,9999,1.86844,1.86416,1.87175,1.86259,1.86203,1.86844,1.85852,1.86495,5,0,0,0,11111111,"oooooooo","off","off","off","off",0,100,100,0.287,0.0069,0.113826916836126,0.000452008408019119,-6.84267804538238e-08,-5.69986074957693e-11,-0.144741974963173,-0.0326337757788668,0.00264487103422568,-2.88752114221617e-05,2,1362,1,28,45033.7,45033.6,1.05103,2.39502,1.44775,2.2998,1.44409,2.25952,36.9794,24.3152,18,417.044,461.14,37.7562,29.6311,30,29.281,29.2775,21.0957,29.8075,68.4758,37.7467,419.906,19.2159,97.0615,99.7386,NA,4
11,1678141768.6,50,"20230306 16:29:28","16:29:28",5,"ely_can21_t3_ch4","gibson",1678141765.8,0.000447991587472865,0.447991587472865,0.266752255149258,419.667799874184,348.649831419852,31.3467643802313,37.7319202681164,0.0098991885579676,3.85879837333886,0.00988510194137012,0.00617945264225445,0,35.296312161439,35.01263,5.65232306585586,30.2466426388017,1.74528690761641,5.770183912503,3.90703615823945,-19.7564290075534,77.6409431009431,4.70808994896651,62.5926040423562,0.266752255149258,0.447991587472865,0.374764722106106,428.087965334736,427.933242424242,-0.00250797239257986,67.2944550143451,0.448824398246139,19.2208327679959,19.4126909090909,-5.50191814100176e-06,110.132939756558,10,2,1,0,46169,0,0,0,0,2.18,0.5,"0: Broadleaf",2,"False",1678141765.8,419.6678,419.866,19.4117,19.22024,419.3806,19.40476,500.19,89.80905,0.09996918,35.38584,35.01263,999.9,0,0,10010.999,0,0.2268794,-0.1982789,427.9755,428.0941,0.1914557,419.866,19.22024,1.743345,1.72615,15.28787,15.13364,0,0,0,0,-4.5,0,-14.71,-2.68,37.5,42.0372,39.812,41.25,39.062,0,0,0,1678141773.2,0,0,"--:--:--",1675439743,1675439745,0,-1.108,-0.214,-1.206,0.007,420,23,0.5,0.32,-0.251062825,0.250537812382739,0.0667133238970625,0,0.1943373,-0.0184653433395875,0.00204139673018255,1,1,2,"1/2",2.84156,2.71033,0.0901038,0.0901393,0.0878157,0.0866726,25768.3,22211.7,25352.1,23783.8,39512.5,35947.1,45875.4,42420.2,1.74305,1.8379,0.157781,0,32.46,999.9,44.891,31.602,23.3364,54.9557,42.7804,1,0.154365,-3.03014,20.2204,5.23361,11.992,4.9566,3.304,9999,999.9,9999,9999,1.86844,1.86417,1.87178,1.8626,1.86203,1.86844,1.85852,1.86494,5,0,0,0,11111111,"oooooooo","off","off","off","off",0,100,100,0.287,0.007,0.113826916836126,0.000452008408019119,-6.84267804538238e-08,-5.69986074957693e-11,-0.144741974963173,-0.0326337757788668,0.00264487103422568,-2.88752114221617e-05,2,1362,1,28,45033.8,45033.7,1.05225,2.3938,1.44897,2.2998,1.44409,2.33398,36.9794,24.3152,18,417.343,461.107,37.7384,29.6336,30,29.2836,29.2793,21.0956,29.8075,68.4758,37.7312,419.906,19.2159,97.0605,99.7381,NA,4
12,1678141773.6,55,"20230306 16:29:33","16:29:33",5,"ely_can21_t3_ch4","gibson",1678141771.1,0.000451401251840535,0.451401251840535,0.509431745339825,419.621221983183,311.252537279349,27.9837756752489,37.7268768543798,0.00996921692948928,3.85785557762754,0.00995492697551881,0.00622311152079725,0,35.2937698896787,35.019,5.65431704281774,30.2498611822136,1.74529527599656,5.76959763710507,3.90902176682118,-19.9067952061676,75.9144191138859,4.60462123654976,60.6122451442681,0.509431745339825,0.451401251840535,0.542114522449392,428.147446227222,427.911672727273,-0.00108439132635877,67.2944550143451,0.448931904394052,19.2193623129246,19.4112539393939,-6.05551794374094e-06,110.132939756558,10,2,1,0,46423,0,0,0,0,2.18,0.5,"0: Broadleaf",2,"False",1678141771.1,419.621222222222,419.925777777778,19.4122333333333,19.2193333333333,419.334222222222,19.4053,500.234333333333,89.8070888888889,0.0998912111111111,35.384,35.019,999.9,0,0,10007.8444444444,0,0.228595111111111,-0.304307666666667,427.928666666667,428.154444444444,0.192882777777778,419.925777777778,19.2193333333333,1.74335555555556,1.72603333333333,15.2879555555556,15.1325777777778,0,0,0,0,0.788888888888889,0,-15.5,-2.44444444444444,37.5,42.062,39.812,41.25,39.062,0,0,0,1678141778,0,0,"--:--:--",1675439743,1675439745,0,-1.108,-0.214,-1.206,0.007,420,23,0.5,0.32,-0.2622078,0.242044412757973,0.0612918914678769,0,0.193497625,-0.0119158536585367,0.00174334869844647,1,1,2,"1/2",2.84129,2.71022,0.0900955,0.0901491,0.0878071,0.0866667,25768.7,22211.3,25352.3,23783.6,39513.1,35946.8,45875.7,42419.6,1.74235,1.83843,0.157803,0,32.465,999.9,44.915,31.582,23.3207,54.4557,43.6138,1,0.154378,-3.02659,20.2204,5.23406,11.992,4.9567,3.304,9999,999.9,9999,9999,1.86844,1.86416,1.87176,1.8626,1.86203,1.86844,1.85853,1.86494,5,0,0,0,11111111,"oooooooo","off","off","off","off",0,100,100,0.288,0.0068,0.113826916836126,0.000452008408019119,-6.84267804538238e-08,-5.69986074957693e-11,-0.144741974963173,-0.0326337757788668,0.00264487103422568,-2.88752114221617e-05,2,1362,1,28,45033.8,45033.8,1.05103,2.36938,1.44775,2.2998,1.44409,2.45361,37.0032,24.3152,18,416.954,461.455,37.7233,29.6336,30.0002,29.2844,29.2812,21.0943,29.8075,68.4758,37.7161,419.906,19.2159,97.0613,99.7368,NA,4
13,1678141979.1,260.5,"20230306 16:32:59","16:32:59",5,"ely_can21_t3_ch4","gibson",1678141976.35,-0.000700673346728768,-0.700673346728767,1.33473201236142,419.449199382694,482.851501022458,43.4123159827496,37.7119282921436,-0.025624420141691,3.85882589685798,-0.0257193307057115,-0.0160660253691526,0,29.8797173139935,29.3822,4.11158137857031,41.5038462094944,1.74194017430642,4.19705722094724,2.36964120426388,30.8996945907386,74.2816989865576,4.26162941149863,109.443022988795,1.33473201236142,-0.700673346728767,1.41956681742496,428.34215662964,427.7274,-0.00339989865637023,67.2944550143451,-0.702043149031461,19.6738562517294,19.3738581818182,-3.5114523283973e-06,110.132939756558,11,2,1,0,47083,0,0,0,0,2.18,0.5,"0: Broadleaf",2,"False",1678141976.35,419.4492,419.9028,19.37465,19.67409,419.1621,19.36905,500.225,89.80822,0.09999379,29.73926,29.3822,999.9,0,0,10011.19,0,0.222567,-0.4535401,427.7362,428.3298,-0.2994242,419.9028,19.67409,1.740004,1.766894,15.25798,15.49695,0,0,0,0,2.07,0,-17.29,-3.56,37.5,42.125,39.875,41.25,38.8498,0,0,0,1678141983.2,0,0,"--:--:--",1675439743,1675439745,0,-1.108,-0.214,-1.206,0.007,420,23,0.5,0.32,-0.394317658536585,-0.271650773519164,0.044527006757812,0,-0.294350634146341,-0.0431555958188152,0.00451403247206242,1,1,2,"1/2",2.8395,2.71032,0.0900529,0.0901093,0.0876698,0.088103,25759.7,22206.3,25343.3,23778.1,39506.5,35883.1,45861,42411.4,1.73945,1.8363,-0.0540987,0,30.1601,999.9,44.94,31.582,23.3356,56.4757,43.4936,1,0.19534,9.28105,20.0132,5.23945,11.998,4.95755,3.304,9999,999.9,9999,9999,1.86843,1.86417,1.87173,1.86258,1.86203,1.86844,1.85852,1.86493,5,0,0,0,11111111,"oooooooo","off","off","off","off",0,100,100,0.287,0.0056,0.113826916836126,0.000452008408019119,-6.84267804538238e-08,-5.69986074957693e-11,-0.144741974963173,-0.0326337757788668,0.00264487103422568,-2.88752114221617e-05,2,1362,1,28,45037.3,45037.2,1.05225,2.39746,1.44775,2.2998,1.44409,2.24854,37.0509,24.2188,18,416.007,460.976,21.6615,29.8574,30.0008,29.3866,29.3908,21.1105,26.6369,68.4758,15.7659,419.906,19.7074,97.0289,99.7164,NA,4
14,1678141984.1,265.5,"20230306 16:33:04","16:33:04",5,"ely_can21_t3_ch4","gibson",1678141981.6,-0.000709654090293513,-0.709654090293513,1.36345986087296,419.442110478267,482.253313967319,43.3586535388699,37.7113948647163,-0.0264946015688163,3.85183824747282,-0.0265962663838111,-0.0166135001373834,0,29.6828502370351,29.1772777777778,4.06321416743799,41.9757737879525,1.74167874573285,4.14924750293163,2.32153542170514,31.2957453819439,75.392226889518,4.32451848284567,111.012490754308,1.36345986087296,-0.709654090293513,1.40040069916674,428.336015255723,427.718612121212,-0.00106187658376693,67.2944550143451,-0.716756346653892,19.6751495469587,19.3690012121212,-1.82089864828163e-05,110.132939756558,11,2,1,0,47033,0,0,0,0,2.18,0.5,"0: Broadleaf",2,"False",1678141981.6,419.442111111111,419.906555555556,19.3716888888889,19.6749444444444,419.155111111111,19.3661888888889,500.263555555556,89.8084,0.100061555555556,29.5403333333333,29.1772777777778,999.9,0,0,9986.17888888889,0,0.222567,-0.464582666666667,427.727888888889,428.334111111111,-0.303266888888889,419.906555555556,19.6749444444444,1.73974,1.76697555555556,15.2556333333333,15.4976444444444,0,0,0,0,1.88888888888889,0,-15.6222222222222,-2.56666666666667,37.5,42.125,39.875,41.25,38.812,0,0,0,1678141988.6,0,0,"--:--:--",1675439743,1675439745,0,-1.108,-0.214,-1.206,0.007,420,23,0.5,0.32,-0.411963512195122,-0.454708620209059,0.0538733027955731,0,-0.297803268292683,-0.04353050174216,0.0045026042871924,1,1,2,"1/2",2.83976,2.71009,0.0900509,0.0901194,0.0876546,0.0881022,25759.3,22205.8,25342.8,23777.9,39506.7,35882.8,45860.5,42411.1,1.74015,1.83615,-0.0585616,0,30.0395,999.9,44.94,31.582,23.3373,56.6657,43.4215,1,0.195993,9.28105,20.0132,5.23975,11.998,4.9574,3.304,9999,999.9,9999,9999,1.86844,1.86417,1.87174,1.86256,1.86203,1.86844,1.85852,1.86494,5,0,0,0,11111111,"oooooooo","off","off","off","off",0,100,100,0.287,0.0054,0.113826916836126,0.000452008408019119,-6.84267804538238e-08,-5.69986074957693e-11,-0.144741974963173,-0.0326337757788668,0.00264487103422568,-2.88752114221617e-05,2,1362,1,28,45037.4,45037.3,1.05225,2.39014,1.44897,2.2998,1.44409,2.35962,37.0509,24.2188,18,416.435,460.924,21.5029,29.8664,30.0007,29.3917,29.3961,21.11,26.6369,68.4758,15.7632,419.906,19.7157,97.0276,99.7156,NA,4
15,1678141989.1,270.5,"20230306 16:33:09","16:33:09",5,"ely_can21_t3_ch4","gibson",1678141986.3,-0.00072030333982973,-0.72030333982973,1.33975939327897,419.45039937824,478.706678674465,43.0389730713474,37.7114321730246,-0.0273484539650737,3.85359175059519,-0.0274567421244222,-0.017150699197497,0,29.5122967402228,29.01046,4.02420768444772,42.3843448576622,1.74120830477165,4.10814018859814,2.28299937967608,31.7653772864911,74.2162609423815,4.24796572918284,110.229603958055,1.33975939327897,-0.72030333982973,1.43723139039253,428.332074396918,427.699551515151,-0.00133141999022405,67.2944550143451,-0.722152996920739,19.6749225799935,19.3664757575758,-2.21028121261023e-05,110.132939756558,11,2,1,0,47009,0,0,0,0,2.18,0.5,"0: Broadleaf",2,"False",1678141986.3,419.4504,419.9026,19.36682,19.67465,419.1632,19.3615,500.2275,89.80682,0.09995379,29.36769,29.01046,999.9,0,0,9992.624,0,0.222567,-0.452188,427.7343,428.3297,-0.307828,419.9026,19.67465,1.739273,1.766917,15.25145,15.49715,0,0,0,0,0.77,0,-16.18,-3.36,37.5,42.125,39.875,41.25,38.812,0,0,0,1678141993.4,0,0,"--:--:--",1675439743,1675439745,0,-1.108,-0.214,-1.206,0.007,420,23,0.5,0.32,-0.430006853658537,-0.320960550522649,0.0470232248303112,0,-0.301187463414634,-0.0412327944250876,0.00424563758949636,1,1,2,"1/2",2.83969,2.71021,0.090045,0.0901129,0.0876408,0.088094,25758.6,22205.9,25342.1,23777.8,39506.5,35883.1,45859.6,42411.1,1.73993,1.83608,-0.0620857,0,29.9182,999.9,44.94,31.582,23.335,56.9157,42.6322,1,0.196664,9.28105,20.0134,5.2396,11.9978,4.95735,3.304,9999,999.9,9999,9999,1.86844,1.86416,1.87176,1.86255,1.86202,1.86844,1.85852,1.86493,5,0,0,0,11111111,"oooooooo","off","off","off","off",0,100,100,0.287,0.0053,0.113826916836126,0.000452008408019119,-6.84267804538238e-08,-5.69986074957693e-11,-0.144741974963173,-0.0326337757788668,0.00264487103422568,-2.88752114221617e-05,2,1362,1,28,45037.4,45037.4,1.05103,2.36572,1.44775,2.2998,1.44409,2.47314,37.0509,24.2276,18,416.342,460.924,21.3472,29.8761,30.0007,29.3967,29.4022,21.1094,26.6369,68.4758,15.7594,419.906,19.7296,97.0253,99.7154,NA,4
16,1678141994.1,275.5,"20230306 16:33:14","16:33:14",5,"ely_can21_t3_ch4","gibson",1678141991.6,-0.000728797374935142,-0.728797374935143,1.27867799057745,419.466443853003,473.335779607643,42.5554579517941,37.7123120258768,-0.0282170041004014,3.85252480051664,-0.0283323273884674,-0.0176973043908037,0,29.3206877541206,28.8193333333333,3.97991883971729,42.8513284430488,1.74084388295288,4.06252022096943,2.23907495676441,32.1399642346398,73.7302398031689,4.2132643084575,110.083468346266,1.27867799057745,-0.728797374935143,1.23273467324787,428.330247990356,427.748096969697,0.00710964386694325,67.2944550143451,-0.732457029808038,19.6742212230647,19.3614551515151,-3.08677952010505e-05,110.132939756558,11,2,1,0,47183,0,0,0,0,2.18,0.5,"0: Broadleaf",2,"False",1678141991.6,419.466444444445,419.890444444444,19.3630555555556,19.6745,419.179444444444,19.3578777777778,500.254444444444,89.8054333333333,0.0999991,29.1743222222222,28.8193333333333,999.9,0,0,9988.96333333334,0,0.222567,-0.424082444444444,427.748888888889,428.317444444445,-0.311438111111111,419.890444444444,19.6745,1.73890777777778,1.76687777777778,15.2481777777778,15.4967888888889,0,0,0,0,0.777777777777778,0,-15.1222222222222,-3.15555555555556,37.5,42.125,39.875,41.25,38.7844444444444,0,0,0,1678141998.2,0,0,"--:--:--",1675439743,1675439745,0,-1.108,-0.214,-1.206,0.007,420,23,0.5,0.32,-0.449359414634146,0.0218583763066198,0.0251407685748745,1,-0.304518292682927,-0.0431098536585365,0.00444791071942718,1,2,2,"2/2",2.83931,2.71028,0.0900539,0.0901016,0.0876283,0.0880998,25757.8,22205.3,25341.6,23776.9,39506.1,35881.6,45858.5,42409.5,1.73927,1.83613,-0.0649914,0,29.7969,999.9,44.915,31.582,23.3201,56.8657,43.0529,1,0.197505,9.28105,20.0136,5.2396,11.998,4.9576,3.304,9999,999.9,9999,9999,1.86844,1.86414,1.87178,1.86254,1.86203,1.86844,1.85853,1.86494,5,0,0,0,11111111,"oooooooo","off","off","off","off",0,100,100,0.287,0.0051,0.113826916836126,0.000452008408019119,-6.84267804538238e-08,-5.69986074957693e-11,-0.144741974963173,-0.0326337757788668,0.00264487103422568,-2.88752114221617e-05,2,1362,1,28,45037.5,45037.5,1.05225,2.39258,1.44775,2.2998,1.44409,2.2937,37.0509,24.2188,18,416.01,460.995,21.1963,29.8851,30.0008,29.4017,29.4072,21.1141,26.6369,68.4758,15.7584,419.906,19.7351,97.0232,99.7117,NA,4
17,1678141999.1,280.5,"20230306 16:33:19","16:33:19",5,"ely_can21_t3_ch4","gibson",1678141996.3,-0.000741473361653335,-0.741473361653335,1.21373786190903,419.442699438826,467.759376484835,42.0550185554535,37.7109928622055,-0.0291950477076486,3.85360693505492,-0.0293184881708677,-0.0183129214001202,0,29.1480157276939,28.65602,3.94241243096732,43.2788414655371,1.74048903792667,4.02157030777412,2.20192339304064,32.6989752489121,71.2830435016392,4.0654339597599,108.047452710311,1.21373786190903,-0.741473361653335,1.15198830814129,428.212152555396,427.709672727273,-0.00200006139834984,67.2944550143451,-0.753426017935958,19.6755784197757,19.3538036363636,-2.60217142367176e-05,110.132939756558,11,2,1,0,47185,0,0,0,0,2.18,0.5,"0: Broadleaf",2,"False",1678141996.3,419.4427,419.8361,19.35869,19.67556,419.1556,19.35363,500.2431,89.80729,0.10008689,28.99913,28.65602,999.9,0,0,9992.626,0,0.222567,-0.3934967,427.7229,428.2624,-0.316885,419.8361,19.67556,1.73855,1.76701,15.24498,15.49796,0,0,0,0,2.5,0,-14.63,-2.74,37.5,42.125,39.875,41.25,38.7562,0,0,0,1678142003.6,0,0,"--:--:--",1675439743,1675439745,0,-1.108,-0.214,-1.206,0.007,420,23,0.5,0.32,-0.428696804878049,0.271040069686411,0.0434552732533453,0,-0.308378390243902,-0.052771965156795,0.00531480522956369,1,1,2,"1/2",2.83934,2.71014,0.0900453,0.0901177,0.0876,0.0881003,25757.3,22204.7,25340.8,23776.7,39506.1,35881.2,45856.9,42409.1,1.73993,1.83552,-0.0693798,0,29.6749,999.9,44.94,31.602,23.3628,56.6957,43.6098,1,0.19813,9.28105,20.0136,5.2399,11.998,4.95755,3.304,9999,999.9,9999,9999,1.86844,1.86413,1.87173,1.86256,1.86202,1.86844,1.85852,1.86493,5,0,0,0,11111111,"oooooooo","off","off","off","off",0,100,100,0.287,0.0048,0.113826916836126,0.000452008408019119,-6.84267804538238e-08,-5.69986074957693e-11,-0.144741974963173,-0.0326337757788668,0.00264487103422568,-2.88752114221617e-05,2,1362,1,28,45037.6,45037.6,1.05225,2.39746,1.44775,2.2998,1.44409,2.32056,37.0747,24.2188,18,416.413,460.665,21.0472,29.8941,30.0007,29.4074,29.4135,21.1123,26.6369,68.4758,15.756,419.906,19.7503,97.02,99.7108,NA,4
18,1678142004.1,285.5,"20230306 16:33:24","16:33:24",5,"ely_can21_t3_ch4","gibson",1678142001.6,-0.0007582938335179,-0.7582938335179,1.42706659892317,419.443888232563,476.360272622616,42.8280453627855,37.7108732713293,-0.0304543609811426,3.86217998914688,-0.030588407039289,-0.0191056621914505,0,28.9611922543854,28.4642333333333,3.89876074165048,43.7410598142233,1.73984014706427,3.9775902880582,2.1589205945862,33.4407580581394,71.835157413335,4.08007902435566,109.35599449583,1.42706659892317,-0.7582938335179,1.41368973568189,428.350351729341,427.722963636363,-0.000228731264095634,67.2944550143451,-0.761641074206639,19.6756656148086,19.3502927272727,-1.86654998352163e-05,110.132939756558,11,2,1,0,47290,0,0,0,0,2.18,0.5,"0: Broadleaf",2,"False",1678142001.6,419.443888888889,419.927222222222,19.3515888888889,19.6756777777778,419.156666666667,19.3468,500.199444444444,89.8069666666667,0.0998702888888889,28.8092333333333,28.4642333333333,999.9,0,0,10023.3333333333,0,0.222567,-0.483649333333333,427.721,428.355444444444,-0.324082222222222,419.927222222222,19.6756777777778,1.73790666666667,1.76701,15.2392,15.4979888888889,0,0,0,0,0.122222222222222,0,-14.3888888888889,-2.56666666666667,37.5,42.125,39.875,41.25,38.75,0,0,0,1678142008.4,0,0,"--:--:--",1675439743,1675439745,0,-1.108,-0.214,-1.206,0.007,420,23,0.5,0.32,-0.440254780487805,0.0250035052264817,0.0496526691088681,1,-0.313698609756098,-0.0632825644599302,0.00642707711846793,1,2,2,"2/2",2.83946,2.71051,0.0900442,0.0901156,0.0875892,0.0880999,25756.6,22204,25340.2,23776,39506,35880.2,45856.3,42408,1.73925,1.83587,-0.0720173,0,29.5523,999.9,44.94,31.582,23.3355,56.4957,42.7845,1,0.198897,9.28105,20.0138,5.23855,11.998,4.95765,3.304,9999,999.9,9999,9999,1.86844,1.86415,1.87172,1.86255,1.86202,1.86844,1.85852,1.86494,5,0,0,0,11111111,"oooooooo","off","off","off","off",0,100,100,0.287,0.0047,0.113826916836126,0.000452008408019119,-6.84267804538238e-08,-5.69986074957693e-11,-0.144741974963173,-0.0326337757788668,0.00264487103422568,-2.88752114221617e-05,2,1362,1,28,45037.7,45037.7,1.05225,2.36694,1.44775,2.2998,1.44409,2.47559,37.0509,24.2276,18,416.063,460.927,20.9026,29.9032,30.0007,29.4118,29.4186,21.1125,26.3615,68.4758,15.751,419.906,19.7671,97.0183,99.708,NA,4
19,1678142009.1,290.5,"20230306 16:33:29","16:33:29",5,"ely_can21_t3_ch4","gibson",1678142006.3,-0.00079252777574002,-0.79252777574002,1.40262911497263,419.433499355819,471.092674696397,42.3543274479987,37.7098280838799,-0.0323832587032858,3.86249137024852,-0.0325348561253111,-0.0203206060505599,0,28.8039110870199,28.29943,3.86158798716659,44.1569415336867,1.73974521191644,3.93991329899789,2.12184277525014,34.9504749101349,71.9783838486658,4.08120104809598,111.010059806897,1.40262911497263,-0.79252777574002,1.4171162378443,428.337222421214,427.707951515151,-0.000147839759641455,67.2944550143451,-0.787989462978917,19.6881366256428,19.3513848484848,-1.06927410332318e-06,110.132939756558,11,2,1,0,47351,0,0,0,0,2.18,0.5,"0: Broadleaf",2,"False",1678142006.3,419.4335,419.8999,19.35059,19.68929,419.1463,19.34583,500.2298,89.80659,0.09998194,28.64509,28.29943,999.9,0,0,10024.49,0,0.222567,-0.4663695,427.7098,428.3336,-0.3387079,419.8999,19.68929,1.73781,1.768228,15.23833,15.50871,0,0,0,0,-1.81,0,-15.66,-3.4,37.4874,42.125,39.875,41.25,38.6996,0,0,0,1678142013.2,0,0,"--:--:--",1675439743,1675439745,0,-1.108,-0.214,-1.206,0.007,420,23,0.5,0.32,-0.443624341463415,-0.212754543554006,0.0512557021668332,0,-0.322285658536585,-0.109755554006969,0.0115763942311757,0,0,2,"0/2",2.83902,2.71042,0.0900418,0.0901096,0.0875918,0.0881899,25755.6,22203.4,25339.2,23775.2,39504.7,35875.8,45854.9,42406.9,1.73955,1.8355,-0.0753924,0,29.4303,999.9,44.94,31.582,23.3366,56.3257,42.7965,1,0.1995,9.28105,20.0139,5.23691,11.998,4.9574,3.304,9999,999.9,9999,9999,1.86844,1.86415,1.87172,1.86257,1.86201,1.86844,1.85852,1.86493,5,0,0,0,11111111,"oooooooo","off","off","off","off",0,100,100,0.287,0.0048,0.113826916836126,0.000452008408019119,-6.84267804538238e-08,-5.69986074957693e-11,-0.144741974963173,-0.0326337757788668,0.00264487103422568,-2.88752114221617e-05,2,1362,1,28,45037.8,45037.7,1.05225,2.3877,1.44775,2.2998,1.44409,2.36572,37.0747,24.2276,18,416.265,460.729,20.7602,29.9115,30.0007,29.4168,29.4236,21.112,26.3615,68.4758,15.7479,419.906,19.7728,97.015,99.7053,NA,4
20,1678142014.1,295.5,"20230306 16:33:34","16:33:34",5,"ely_can21_t3_ch4","gibson",1678142011.6,-0.000825773747909866,-0.825773747909866,1.55666909917833,419.382777059134,474.425816426726,42.6548687462195,37.7060368354664,-0.0343756282066339,3.85430284543372,-0.0345468716015727,-0.0215763387477313,0,28.6268324974581,28.1252222222222,3.82263048108253,44.6387799065997,1.74003233860187,3.8980284457654,2.08259814248067,36.4166222828251,69.7723305399033,3.95745825369959,110.146411076428,1.55666909917833,-0.825773747909866,1.59935757777903,428.37971467971,427.674054545454,-0.00110297537535639,67.2944550143451,-0.822473654136813,19.7060844196814,19.3545484848485,7.3223681325259e-06,110.132939756558,11,2,1,0,47245,0,0,0,0,2.18,0.5,"0: Broadleaf",2,"False",1678142011.6,419.382777777778,419.910222222222,19.3533888888889,19.7062777777778,419.095777777778,19.3485444444444,500.255777777778,89.8082888888889,0.100116744444444,28.461,28.1252222222222,999.9,0,0,9995.00333333333,0,0.222567,-0.527357444444445,427.659444444444,428.351555555556,-0.352884777777778,419.910222222222,19.7062777777778,1.73809444444444,1.76978666666667,15.2409111111111,15.5224666666667,0,0,0,0,1.14444444444444,0,-12.6222222222222,-1.91111111111111,37.451,42.125,39.875,41.208,38.687,0,0,0,1678142018.6,0,0,"--:--:--",1675439743,1675439745,0,-1.108,-0.214,-1.206,0.007,420,23,0.5,0.32,-0.461949804878049,-0.487918264808363,0.0637480360754284,0,-0.330764292682927,-0.141522710801393,0.0146224335738499,0,0,2,"0/2",2.83907,2.71022,0.0900469,0.0901065,0.0876059,0.0882038,25754.8,22203.3,25338.5,23775,39503.3,35874.8,45854.1,42406.5,1.7392,1.83487,-0.0780225,0,29.3102,999.9,44.94,31.582,23.3321,56.4257,43.7139,1,0.200361,9.28105,20.0141,5.23646,11.998,4.95755,3.304,9999,999.9,9999,9999,1.86844,1.86414,1.87174,1.86257,1.86203,1.86844,1.85852,1.86493,5,0,0,0,11111111,"oooooooo","off","off","off","off",0,100,100,0.287,0.0049,0.113826916836126,0.000452008408019119,-6.84267804538238e-08,-5.69986074957693e-11,-0.144741974963173,-0.0326337757788668,0.00264487103422568,-2.88752114221617e-05,2,1362,1,28,45037.9,45037.8,1.05225,2.39746,1.44897,2.2998,1.44409,2.31567,37.0509,24.2188,18,416.106,460.381,20.6205,29.9193,30.0008,29.4225,29.4296,21.1123,26.3615,68.4758,15.7453,419.906,19.7868,97.013,99.7043,NA,4
21,1678142019.1,300.5,"20230306 16:33:39","16:33:39",5,"ely_can21_t3_ch4","gibson",1678142016.3,-0.000840435135764476,-0.840435135764476,1.41585914095409,419.412999347426,466.093649496245,41.9089487984235,37.7116442887431,-0.0356179277906711,3.85742347805427,-0.0358016581355264,-0.02235945059261,0,28.4724617700039,27.96065,3.78614313799756,45.0547007551438,1.74026920717265,3.86256967198694,2.0458739308249,37.0631894872134,71.361959402443,4.03787150566248,112.463020395319,1.41585914095409,-0.840435135764476,1.56529876957137,428.32294398633,427.655957575757,-0.00598750710735064,67.2944550143451,-0.821228228353063,19.7070426771283,19.3561666666667,-9.54863876141383e-06,110.132939756558,11,2,1,0,47273,0,0,0,0,2.18,0.5,"0: Broadleaf",2,"False",1678142016.3,419.413,419.8764,19.35454,19.7137,419.1259,19.34965,500.2473,89.81537,0.09992673,28.3038,27.96065,999.9,0,0,10005.376,0,0.222567,-0.4636873,427.6906,428.3204,-0.3591651,419.8764,19.7137,1.738334,1.770593,15.24307,15.52956,0,0,0,0,-1.31,0,-16.44,-2.9,37.4433,42.125,39.875,41.187,38.687,0,0,0,1678142023.4,0,0,"--:--:--",1675439743,1675439745,0,-1.108,-0.214,-1.206,0.007,420,23,0.5,0.32,-0.483464731707317,0.0157717839721253,0.040512560080117,1,-0.340522048780488,-0.135298390243903,0.0141362208769016,0,1,2,"1/2",2.83933,2.71019,0.090042,0.0901159,0.0876134,0.0883336,25754.3,22202.8,25337.9,23774.9,39502.1,35869.6,45853.1,42406.3,1.73918,1.83582,-0.0808612,0,29.1894,999.9,44.964,31.582,23.3453,56.4057,43.0248,1,0.200897,9.28105,20.0142,5.23661,11.998,4.95775,3.304,9999,999.9,9999,9999,1.86844,1.86416,1.8717,1.86255,1.862,1.86844,1.85852,1.86493,5,0,0,0,11111111,"oooooooo","off","off","off","off",0,100,100,0.287,0.0049,0.113826916836126,0.000452008408019119,-6.84267804538238e-08,-5.69986074957693e-11,-0.144741974963173,-0.0326337757788668,0.00264487103422568,-2.88752114221617e-05,2,1362,1,28,45037.9,45037.9,1.05225,2.37427,1.44775,2.2998,1.44409,2.46704,37.0747,24.2276,18,416.125,461.025,20.4838,29.9277,30.0007,29.4275,29.435,21.1152,26.075,68.8472,15.7434,419.906,19.7936,97.0108,99.7038,NA,4
22,1678142024.1,305.5,"20230306 16:33:44","16:33:44",5,"ely_can21_t3_ch4","gibson",1678142021.6,-0.00102570384734188,-1.02570384734188,1.64629837736058,419.393110350873,462.320327103402,41.5689979644062,37.7092468758403,-0.0442639414770038,3.85208425735307,-0.0445484776896161,-0.027817082847918,0,28.3306319497796,27.7884333333333,3.74828666281383,45.5534682142618,1.74126751490989,3.82246968928864,2.00701914790394,45.2335396677768,69.7921632425243,3.94760111843327,118.973304028734,1.64629837736058,-1.02570384734188,1.50971722777839,428.391003312849,427.709145454545,0.00220031111014372,67.2944550143451,-0.991643617722764,19.802772384682,19.3786278787879,4.44309803130453e-05,110.132939756558,11,2,1,0,47272,0,0,0,0,2.18,0.5,"0: Broadleaf",2,"False",1678142021.6,419.393111111111,419.923111111111,19.3659555555556,19.8043111111111,419.106111111111,19.3606555555556,500.217555555556,89.8138111111111,0.100033311111111,28.1245,27.7884333333333,999.9,0,0,9986.45666666667,0,0.222567,-0.52988,427.675444444444,428.407222222222,-0.438361111111111,419.923111111111,19.8043111111111,1.73933,1.7787,15.2519444444444,15.6008555555556,0,0,0,0,0.555555555555556,0,-18.4333333333333,-3.2,37.437,42.125,39.875,41.215,38.6594444444444,0,0,0,1678142028.2,0,0,"--:--:--",1675439743,1675439745,0,-1.108,-0.214,-1.206,0.007,420,23,0.5,0.32,-0.492253756097561,-0.120758153310106,0.0423608732825184,0,-0.363837390243902,-0.308337198606272,0.0354707974474077,0,0,2,"0/2",2.83908,2.71007,0.0900449,0.0901198,0.0876921,0.0885911,25753.8,22202.2,25337.6,23774.3,39497.8,35858.6,45852,42405.3,1.73935,1.83522,-0.0834465,0,29.0705,999.9,44.988,31.582,23.3582,56.4457,42.5761,1,0.201598,9.28105,20.014,5.23661,11.998,4.95755,3.304,9999,999.9,9999,9999,1.86844,1.86416,1.87172,1.86253,1.86202,1.86844,1.85852,1.86493,5,0,0,0,11111111,"oooooooo","off","off","off","off",0,100,100,0.287,0.0059,0.113826916836126,0.000452008408019119,-6.84267804538238e-08,-5.69986074957693e-11,-0.144741974963173,-0.0326337757788668,0.00264487103422568,-2.88752114221617e-05,2,1362,1,28,45038,45038,1.05103,2.37549,1.44775,2.2998,1.44409,2.46338,37.0747,24.2276,18,416.259,460.69,20.3479,29.9355,30.0007,29.4326,29.4407,21.1121,26.075,68.8472,15.7491,419.906,19.7754,97.0089,99.7015,NA,4
23,1678142029.1,310.5,"20230306 16:33:49","16:33:49",5,"ely_can21_t3_ch4","gibson",1678142026.3,-0.00101810650083671,-1.01810650083671,1.49520314486989,419.448399310301,456.769264341073,41.0684907670959,37.7129418705488,-0.0447305668908973,3.85266614677585,-0.0450211109053781,-0.0281119340146352,0,28.177532446382,27.63872,3.715645632707,46.0333575873559,1.74413828398546,3.7888574186136,1.97150734872154,44.8984966868989,69.4191441460706,3.92001715515947,118.237657988129,1.49520314486989,-1.01810650083671,1.43575314105889,428.414561471292,427.763290909091,0.00267595646058085,67.2944550143451,-0.850376220832728,19.8336880004111,19.4133975757576,0.00720359211984088,110.132939756558,11,2,1,0,47313,0,0,0,0,2.18,0.5,"0: Broadleaf",2,"False",1678142026.3,419.4484,419.9139,19.39854,19.83362,419.1614,19.39208,500.2339,89.81078,0.10002174,27.97294,27.63872,999.9,0,0,9988.874,0,0.222567,-0.4654418,427.746,428.4108,-0.4350947,419.9139,19.83362,1.742197,1.781272,15.27761,15.62342,0,0,0,0,0.64,0,-14.78,-2.67,37.437,42.125,39.875,41.187,38.625,0,0,0,1678142033.6,0,0,"--:--:--",1675439743,1675439745,0,-1.108,-0.214,-1.206,0.007,420,23,0.5,0.32,-0.493665804878049,-0.00386383275261303,0.0441560609839744,1,-0.390452585365854,-0.374210425087107,0.0415572523065121,0,1,2,"1/2",2.83877,2.71015,0.0900442,0.0901059,0.0877936,0.0886077,25753.3,22202.2,25337.1,23773.9,39493.3,35857.6,45851.9,42405,1.739,1.83545,-0.0863299,0,28.9522,999.9,44.988,31.582,23.3587,56.4557,43.5537,1,0.202292,9.28105,20.0141,5.23691,11.998,4.95745,3.304,9999,999.9,9999,9999,1.86844,1.86417,1.87172,1.86254,1.862,1.86844,1.85852,1.86493,5,0,0,0,11111111,"oooooooo","off","off","off","off",0,100,100,0.287,0.007,0.113826916836126,0.000452008408019119,-6.84267804538238e-08,-5.69986074957693e-11,-0.144741974963173,-0.0326337757788668,0.00264487103422568,-2.88752114221617e-05,2,1362,1,28,45038.1,45038.1,1.05225,2.40234,1.44897,2.2998,1.44409,2.29614,37.0747,24.2188,18,416.1,460.877,20.216,29.9425,30.0007,29.4383,29.4463,21.1138,26.075,68.8472,15.7775,419.906,19.7754,97.0082,99.7004,NA,4
24,1678142034.1,315.5,"20230306 16:33:54","16:33:54",5,"ely_can21_t3_ch4","gibson",1678142031.6,-0.00097018059881069,-0.97018059881069,1.45764076620302,419.454443775075,457.230095052763,41.1092799925455,37.7128941420121,-0.0434918028910502,3.8586473900805,-0.0437659951680331,-0.0273289689485443,0,27.990704952875,27.4707333333333,3.67931613534014,46.571105600648,1.74639104531179,3.74994542815297,1.93292509002835,42.7849644075514,67.666689768916,3.80857697684729,114.260231153315,1.45764076620302,-0.97018059881069,1.37413745060765,428.415808991881,427.793393939394,0.00237125917015032,67.2944550143451,-0.926327279729234,19.838063557606,19.4289266666667,0.00168172527990497,110.132939756558,11,2,1,0,47423,0,0,0,0,2.18,0.5,"0: Broadleaf",2,"False",1678142031.6,419.454444444445,419.912333333333,19.4239,19.8384888888889,419.167222222222,19.4165111111111,500.233444444444,89.8094777777778,0.0999145333333333,27.7960111111111,27.4707333333333,999.9,0,0,10010.4111111111,0,0.222567,-0.458133333333333,427.763111111111,428.411555555556,-0.414581222222222,419.912333333333,19.8384888888889,1.74445,1.78168333333333,15.2977333333333,15.6270111111111,0,0,0,0,0.277777777777778,0,-14.6666666666667,-2.58888888888889,37.437,42.125,39.875,41.187,38.625,0,0,0,1678142038.4,0,0,"--:--:--",1675439743,1675439745,0,-1.108,-0.214,-1.206,0.007,420,23,0.5,0.32,-0.480786585365854,0.0543727944250867,0.0396428120818252,1,-0.406461341463415,-0.25510306620209,0.0360310877645008,0,1,2,"1/2",2.839,2.71033,0.0900436,0.090102,0.0878377,0.0886145,25752.9,22202.2,25336.7,23773.9,39490.9,35857.3,45851.3,42404.9,1.73895,1.83522,-0.0883117,0,28.8345,999.9,45.013,31.582,23.3716,56.4057,43.2692,1,0.203026,9.28105,20.0142,5.23855,11.998,4.95695,3.304,9999,999.9,9999,9999,1.86844,1.86417,1.87174,1.8626,1.86202,1.86844,1.85852,1.86493,5,0,0,0,11111111,"oooooooo","off","off","off","off",0,100,100,0.287,0.0077,0.113826916836126,0.000452008408019119,-6.84267804538238e-08,-5.69986074957693e-11,-0.144741974963173,-0.0326337757788668,0.00264487103422568,-2.88752114221617e-05,2,1362,1,28,45038.2,45038.2,1.05225,2.37305,1.44775,2.2998,1.44409,2.43652,37.0747,24.2276,18,416.101,460.775,20.0862,29.9497,30.0007,29.4427,29.4514,21.1142,26.075,68.8472,15.7973,419.906,19.7754,97.0068,99.7003,NA,4
