"obs","time","elapsed","date","hhmmss","averaging","machine","id","TIME","E","Emm","A","Ca","Ci","Pci","Pca","gsw","gbw","gtw","gtc","Rabs","TleafEB","TleafCnd","SVPleaf","RHcham","VPcham","SVPcham","VPDleaf","LatHFlux","SenHFlux","NetTherm","EBSum","Asty","Esty","Adyn","Crd","Csd","dCsd.dt","αVc","Edyn","Hr","Hs","dHs.dt","αVh","Leak","LeakPct","CorrFact","CorrFactPct","Fan","Qin","Qabs","alpha","convert","S","K","Geometry","Custom","UseDynamic","TIME.1","CO2_s","CO2_r","H2O_s","H2O_r","CO2_a","H2O_a","Flow","Pa","ΔPcham","Tair","Tleaf","Tleaf2","Offset","Offset2","Fan_speed","Qamb_in","Qamb_out","ΔCO2","CO2_s_d","CO2_r_d","ΔH2O","CO2_b","H2O_b","e_s","e_r","Td_s","Td_r","Q","f_red","f_blue","f_farred","F","Q_modavg","F_dc","Pc","Tled","TDigital","TPreamp","TPwrSpy","TDrive","Q_red","Q_blue","Q_farred","TSPF","state","time.1","hhmmss.1","co2_t","h2o_t","count","co2_adj","h2o_adj","co2_match","h2o_match","co2_at","h2o_at","co2_cv","h2o_cv","ΔCO2.MN","ΔCO2.SLP","ΔCO2.SD","ΔCO2.OK","ΔH2O.MN","ΔH2O.SLP","ΔH2O.SD","ΔH2O.OK","Stable","Total","State","Vflow","VPchamber","abs_c_a","abs_c_b","abs_h_a","abs_h_b","Wc_s","Wc_r","Wco_s","Wco_r","Ww_s","Ww_r","Wwo_s","Wwo_r","Flow_s_v","Flow_r_v","Tleaf_mv","Tleaf2_mv","Tleaf_j","Tleaf2_j","Console_RH","Console_T","Console_H2O","Fan_.","Flow_.","Pump","Tchp_pwm","Txchg_pwm","diag_20v","diag_5_4v","diag_12v","diag_5va","diag_3_3vf","AccCO2_soda","AccH2O_des","AccH2O_hum","CO2_hrs","ADC_CH1","ADC_CH2","ADC_CH3","ADC_CH4","ADC_CH5","ADC_CH6","ADC_CH7","ADC_CH8","DAC_1","DAC_2","DAC_3","DAC_4","GPIO","GPIO_dir","excit_5v","power_12v","power_5v","ch1_pullup","AuxPower","MatchValveR","MatchValveS","MatchCO2","MatchH2O","cf_co2_a","cf_co2_b","cf_co2_c","cf_co2_d","cf_h2o_a","cf_h2o_b","cf_h2o_c","cf_h2o_d","co2_fit_low","co2_fit_high","h2o_fit_low","h2o_fit_high","co2_elapsed","h2o_elapsed","CO2_f","CO2_f_s","Pump_f","Pump_f_s","Pump_p","Pump_p_s","Tboard","V_system","DIAG","Flow_s","Flow_r","Txchg","Tirga","Tchopper","Ts","Tr","CO2_.","Desiccant_.","Humidifier_.","Txchg_sp","CO2_r_sp","H2O_r_sp","SS_s","SS_r","NA.","chamber"
1,1680900842.1,0,"20230407 15:54:02","15:54:02",5,"albert","pas_smi7_t4_ch2",1680900839.1,0.000248260440544065,0.248260440544065,-0.636272221813944,420.375273152976,478.576051035961,42.5032479388795,37.3343263281107,0.0144530646516672,3.42829179781988,0.0144192991983264,0.0090150890591777,0,20.2084178904661,20.0124,2.34841560897648,35.5018223837994,0.846827028499987,2.38530580020709,1.5015885804765,-10.9482854279933,46.5694480379191,2.73497056917812,38.3561331791039,-0.674085044341258,0.24689241182059,-0.636272221813944,423.986690881858,424.400521212121,-0.000324903946343685,64.401205789648,0.248260440544065,9.37813956659594,9.53588921212121,1.33869438702544e-05,99.0105920203065,10,2,1,0,47955,0,0,0,0,3.21,0.5,"0: Broadleaf",2,"True",1680900839.1,420.375272727273,420.009181818182,9.53506272727273,9.37808636363636,416.568272727273,9.45653818181818,500.054818181818,88.7120727272727,0.0998263363636364,20.2643636363636,20.0124,999.9,0,0,10004.7772727273,0,0.386148,0.366191545454546,424.422181818182,423.985363636364,0.156977,420.009181818182,9.37808636363636,0.845875272727273,0.831949545454545,4.50139181818182,4.26444636363636,0,0,0,0,2.14844545454545,0,-2.7625,-1.0485,33.2952727272727,40.6246363636364,36.9144545454545,39.3520909090909,34.7725454545455,0,0,0,1680900892.2,0,1680900569.6,"15:49:29",1680900569.6,1680900567.6,1,0.025,0.014,3.806,0.082,420,10,0.28,0.09,0.362760243902439,0.065132111498258,0.0214669871217843,1,0.156341268292683,0.0043355958188154,0.000649729625733367,1,2,2,"2/2",2.97932,2.7283,0.0838896,0.0848532,0.0537872,0.0536605,27443.2,27081.5,30486.7,29841,39820.7,37192.9,46628.8,44371.2,1.8538,1.82495,-0.0335649,0,20.5643,999.9,22.6,32.6,12.5847,63.5681,23.6298,1,0.0110645,3.43795,20.1912,5.24065,11.974,4.9737,3.291,9999,9999,9999,999.9,4.97294,1.87729,1.87539,1.87823,1.87492,1.87852,1.87561,1.87672,0,0,0,0,11111111,"oooooooo","on","on","on","on",0,100,100,3.807,0.0785,2.14269097140876,0.00464658050639271,-1.73501088364196e-06,4.12511390346951e-10,0.0178578775070511,-0.00072689807699712,0.000844044815575964,-9.38668980367099e-06,0,2102,1,23,4.5,4.6,1.11084,2.55859,1.39893,2.34131,1.44897,2.37061,38.062,24.0437,18,482.175,434.543,16.9802,27.0069,29.9999,26.9502,27.0402,22.266,18.1397,35.7628,16.9821,420,9.38731,100.776,102.034,NA,2
2,1680900847.1,5,"20230407 15:54:07","15:54:07",5,"albert","pas_smi7_t4_ch2",1680900844.6,0.000248647356067067,0.248647356067067,-0.603523622283893,420.338667070969,474.811405445577,42.1681357376825,37.3303963754021,0.0144872468803436,3.42688038738245,0.0144533077892948,0.00903635997683026,0,20.2098897613394,20.0048666666667,2.34732038837307,35.5034979174319,0.846949732714081,2.385538840944,1.50037065565899,-10.9653484025576,48.2341130335649,2.83381486938348,40.1025795003907,-0.591839536200685,0.24926947274349,-0.603523622283893,424.021205632275,424.41083030303,0.000314226383041307,64.401205789648,0.248647356067067,9.37819965488547,9.53633224242424,-5.13675573305956e-06,99.0105920203065,10,2,1,0,47922,0,0,0,0,3.21,0.5,"0: Broadleaf",2,"True",1680900844.6,420.338666666667,420.026,9.53661777777778,9.37812666666667,416.531666666667,9.45807111111111,500.043333333333,88.7104444444444,0.0998395,20.2659444444444,20.0048666666667,999.9,0,0,9999.02777777778,0,0.386148,0.312628888888889,424.385666666667,424.002111111111,0.158491,420.026,9.37812666666667,0.845997222222222,0.831937555555556,4.50345222222222,4.26424222222222,0,0,0,0,2.01846666666667,0,-2.43593333333333,-1.05038888888889,33.3885555555555,40.6456666666667,36.937,39.361,34.7843333333333,0,0,0,1680900897,0,1680900569.6,"15:49:29",1680900569.6,1680900567.6,1,0.025,0.014,3.806,0.082,420,10,0.28,0.09,0.353293853658537,-0.151103519163763,0.0292205831084545,0,0.157083073170732,0.00841779094076679,0.000956897053112716,1,1,2,"1/2",2.97934,2.72828,0.0838973,0.0848561,0.0537911,0.0536633,27442.6,27081.3,30486.3,29840.9,39820,37192.6,46628.2,44370.9,1.8537,1.82483,-0.0339374,0,20.5643,999.9,22.6,32.6,12.5846,63.6981,23.5617,1,0.0111357,3.45178,20.1908,5.24035,11.974,4.9733,3.2909,9999,9999,9999,999.9,4.97296,1.87728,1.87536,1.87821,1.87491,1.87851,1.87561,1.87675,0,0,0,0,11111111,"oooooooo","on","on","on","on",0,100,100,3.807,0.0785,2.14269097140876,0.00464658050639271,-1.73501088364196e-06,4.12511390346951e-10,0.0178578775070511,-0.00072689807699712,0.000844044815575964,-9.38668980367099e-06,0,2102,1,23,4.6,4.7,1.10962,2.55005,1.39893,2.34131,1.44897,2.42676,38.062,24.0525,18,482.107,434.455,16.9794,27.0049,30,26.9482,27.0386,22.267,18.1397,35.7628,16.9737,420,9.38731,100.774,102.034,NA,2
3,1680900852.1,10,"20230407 15:54:12","15:54:12",5,"albert","pas_smi7_t4_ch2",1680900849.3,0.000246194789628949,0.246194789628949,-0.764570773450001,420.381800511127,493.247007405489,43.8062756890975,37.3349676153852,0.0143476657465719,3.42814255357634,0.0143143889092583,0.00894947637098483,0,20.2108275308356,20.00299,2.34704762208849,35.5059287230845,0.847026855587878,2.38559273352334,1.50002076650061,-10.8571902226367,48.666281381462,2.85813051704488,40.6672216758703,-0.756847529257666,0.247387758732307,-0.764570773450001,423.918005053113,424.414545454545,-0.000229188168601157,64.401205789648,0.246194789628949,9.38078842263303,9.53735284848484,-3.60557402036931e-06,99.0105920203065,10,2,1,0,47997,0,0,0,0,3.21,0.5,"0: Broadleaf",2,"True",1680900849.3,420.3818,419.9627,9.537297,9.38,416.5748,9.458744,500.0356,88.71216,0.09988555,20.26631,20.00299,999.9,0,0,10004.14,0,0.3959397,0.4190003,424.4298,423.9391,0.1572973,419.9627,9.38,0.8460745,0.8321201,4.504751,4.267373,0,0,0,0,2.01137,0,-2.50018,-1.06098,33.6247,40.7437,37.0059,39.4499,34.7934,0,0,0,1680900902.4,0,1680900569.6,"15:49:29",1680900569.6,1680900567.6,1,0.025,0.014,3.806,0.082,420,10,0.28,0.09,0.367105658536585,0.0710809965156792,0.0426200388438835,1,0.157417317073171,0.00445618118466953,0.000778178029634651,1,2,2,"2/2",2.97945,2.72858,0.0838992,0.0848557,0.0537953,0.0536745,27443.2,27081.9,30487,29841.5,39820.6,37193.2,46629.1,44372.2,1.85365,1.82483,-0.0339188,0,20.5626,999.9,22.6,32.6,12.5839,63.0781,23.5978,1,0.0111433,3.45693,20.1908,5.2405,11.974,4.9736,3.291,9999,9999,9999,999.9,4.97296,1.87729,1.87535,1.87821,1.87491,1.87852,1.87561,1.87674,0,0,0,0,11111111,"oooooooo","on","on","on","on",0,100,100,3.807,0.0786,2.14269097140876,0.00464658050639271,-1.73501088364196e-06,4.12511390346951e-10,0.0178578775070511,-0.00072689807699712,0.000844044815575964,-9.38668980367099e-06,0,2102,1,23,4.7,4.7,1.11084,2.53906,1.39893,2.34131,1.44897,2.46216,38.062,24.0525,18,482.066,434.438,16.9729,27.0038,30,26.9462,27.0364,22.2682,18.1397,35.7628,16.9706,420,9.38731,100.777,102.036,NA,2
4,1680900857.1,15,"20230407 15:54:17","15:54:17",5,"albert","pas_smi7_t4_ch2",1680900854.6,0.000249590963283066,0.249590963283066,-0.721882168052656,420.37822270393,487.441128092375,43.2904557544045,37.3344878001983,0.0145491828909405,3.42767619550984,0.0145149612832388,0.00907491871104324,0,20.2091671350481,20.0016666666667,2.34685529737419,35.5135458946621,0.847162090105184,2.38546185339526,1.49969320726901,-11.0069614807832,48.7401484771576,2.86282573869496,40.5960127350693,-0.7351004247953,0.249032614635951,-0.721882168052656,423.942285785445,424.410975757576,-0.000196511624969059,64.401205789648,0.249590963283066,9.38058792232545,9.53925363636363,2.82270487052544e-06,99.0105920203065,10,2,1,0,48094,0,0,0,0,3.21,0.5,"0: Broadleaf",2,"True",1680900854.6,420.378222222222,419.973555555556,9.53886111111111,9.38053,416.571111111111,9.46028777777778,500.071888888889,88.7116333333333,0.1000267,20.2654222222222,20.0016666666667,999.9,0,0,10002.2388888889,0,0.386454555555556,0.404724111111111,424.427,423.950333333333,0.158332333333333,419.973555555556,9.38053,0.846208111111111,0.832162,4.50701222222222,4.26809222222222,0,0,0,0,2.06275555555556,0,-2.56462222222222,-1.08647777777778,33.4651111111111,40.7844444444444,36.986,39.472,34.7846666666667,0,0,0,1680900907.2,0,1680900569.6,"15:49:29",1680900569.6,1680900567.6,1,0.025,0.014,3.806,0.082,420,10,0.28,0.09,0.377033275,0.246135951219511,0.0467519705878734,0,0.157721475,0.00309567354596582,0.00083049394902973,1,1,2,"1/2",2.97922,2.72843,0.0838972,0.0848605,0.0538007,0.0536761,27443,27082,30486.7,29841.7,39819.9,37193.6,46628.6,44372.7,1.85357,1.82512,-0.033658,0,20.5626,999.9,22.6,32.6,12.5837,63.2081,23.77,1,0.0110747,3.44913,20.1911,5.2408,11.974,4.97325,3.291,9999,9999,9999,999.9,4.97294,1.87729,1.87539,1.87826,1.87494,1.87853,1.87562,1.87678,0,0,0,0,11111111,"oooooooo","on","on","on","on",0,100,100,3.808,0.0786,2.14269097140876,0.00464658050639271,-1.73501088364196e-06,4.12511390346951e-10,0.0178578775070511,-0.00072689807699712,0.000844044815575964,-9.38668980367099e-06,0,2102,1,23,4.8,4.8,1.11084,2.54272,1.39893,2.34131,1.44897,2.50244,38.062,24.0525,18,482.014,434.611,16.9691,27.0021,30,26.9445,27.035,22.2673,18.1397,35.7628,16.9694,420,9.38731,100.776,102.037,NA,2
5,1680900862.1,20,"20230407 15:54:22","15:54:22",5,"albert","pas_smi7_t4_ch2",1680900859.3,0.00024634274708159,0.24634274708159,-0.695407645186563,420.360300465453,485.564471001035,43.1239232570643,37.3330142961594,0.0143545753457069,3.42813358508031,0.0143212664027719,0.00895377767963196,0,20.2080439632247,20.0054,2.34739791139101,35.5193389164776,0.847202773948593,2.38518733679351,1.50019513744241,-10.8637151462981,47.7124955684775,2.80211789751555,39.650898319695,-0.667699737817289,0.247259329329394,-0.695407645186563,423.958785465306,424.409490909091,-1.474144888983e-05,64.401205789648,0.24634274708159,9.38258181717244,9.5392203030303,-1.42366025815133e-06,99.0105920203065,9,2,1,0,47939,0,0,0,0,3.21,0.5,"0: Broadleaf",2,"True",1680900859.3,420.3603,419.9984,9.539289,9.382078,416.5533,9.46071,500.0484,88.71187,0.10007122,20.26356,20.0054,999.9,0,0,10004.135,0,0.386148,0.3618075,424.4088,423.9762,0.157213,419.9984,9.382078,0.8462483,0.8323017,4.50769,4.270481,0,0,0,0,2.09851,0,-2.30122,-1.14596,33.3309,40.8246,37.0124,39.5434,34.8433,0,0,0,1680900912,0,1680900569.6,"15:49:29",1680900569.6,1680900567.6,1,0.025,0.014,3.806,0.082,420,10,0.28,0.09,0.3753045,0.14247723827392,0.0476753452918802,0,0.157833075,-0.00316992495309607,0.00073911614065382,1,1,2,"1/2",2.97932,2.72839,0.0838996,0.0848597,0.0538019,0.0536835,27442.6,27082.4,30486.3,29842.1,39819.5,37193.5,46628.2,44373,1.8539,1.8249,-0.033807,0,20.562,999.9,22.6,32.6,12.5839,63.5481,23.9704,1,0.0110061,3.45379,20.1911,5.2408,11.974,4.97315,3.291,9999,9999,9999,999.9,4.97297,1.87729,1.87536,1.87821,1.87491,1.87852,1.87561,1.87676,0,0,0,0,11111111,"oooooooo","on","on","on","on",0,100,100,3.807,0.0786,2.14269097140876,0.00464658050639271,-1.73501088364196e-06,4.12511390346951e-10,0.0178578775070511,-0.00072689807699712,0.000844044815575964,-9.38668980367099e-06,0,2102,1,23,4.9,4.9,1.11084,2.54761,1.39893,2.34131,1.44897,2.4939,38.062,24.0525,18,482.183,434.461,16.9675,27.0001,29.9999,26.9434,27.0333,22.2667,18.1397,35.7628,16.9639,420,9.38731,100.774,102.038,NA,2
6,1680900867.1,25,"20230407 15:54:27","15:54:27",5,"albert","pas_smi7_t4_ch2",1680900864.6,0.000248396954088565,0.248396954088565,-0.574761649064199,420.378667052327,471.75748480719,41.8968106779447,37.3338547744216,0.0144773134615481,3.42653597684426,0.0144434174395226,0.00903017465097627,0,20.2113742747651,20.0035444444444,2.34712820556599,35.5128087044287,0.847246889911707,2.38575015838173,1.49988131565428,-10.9543056753057,48.7383030341473,2.86372611885886,40.6477234777004,-0.61989986491139,0.247262328819096,-0.574761649064199,424.051196070135,424.423909090909,-5.23723906185646e-05,64.401205789648,0.248396954088565,9.38268566002677,9.54057739393939,6.58056426568606e-06,99.0105920203065,10,2,1,0,47851,0,0,0,0,3.21,0.5,"0: Broadleaf",2,"True",1680900864.6,420.378666666667,420.047444444444,9.53998777777778,9.38277,416.571555555556,9.4614,500.032555555556,88.7100222222222,0.100038088888889,20.2673777777778,20.0035444444444,999.9,0,0,9997.62777777778,0,0.386148,0.331254777777778,424.427888888889,424.025888888889,0.157218666666667,420.047444444444,9.38277,0.846292666666667,0.832345777777778,4.50844,4.27123888888889,0,0,0,0,2.04746666666667,0,-2.35105555555556,-1.16383333333333,33.361,40.854,37,39.597,34.833,0,0,0,1680900917.4,0,1680900569.6,"15:49:29",1680900569.6,1680900567.6,1,0.025,0.014,3.806,0.082,420,10,0.28,0.09,0.379956585365854,-0.30598218815331,0.041759892003514,0,0.157481902439024,-0.00210767247386747,0.000728157440925063,1,1,2,"1/2",2.97937,2.72842,0.0838966,0.0848554,0.0538057,0.0536835,27443.4,27082,30487.1,29841.5,39820.3,37193.1,46629.2,44372.4,1.85382,1.8251,-0.0334904,0,20.5608,999.9,22.6,32.6,12.5855,63.5281,24.0425,1,0.0109883,3.45981,20.191,5.24035,11.974,4.97335,3.291,9999,9999,9999,999.9,4.97295,1.87729,1.87532,1.8782,1.8749,1.87851,1.87561,1.87672,0,0,0,0,11111111,"oooooooo","on","on","on","on",0,100,100,3.807,0.0786,2.14269097140876,0.00464658050639271,-1.73501088364196e-06,4.12511390346951e-10,0.0178578775070511,-0.00072689807699712,0.000844044815575964,-9.38668980367099e-06,0,2102,1,23,5,5,1.11084,2.55127,1.39893,2.34131,1.44897,2.4939,38.062,24.0525,18,482.129,434.571,16.9632,26.9978,29.9999,26.9414,27.0318,22.267,18.1397,35.7628,16.9609,420,9.38731,100.777,102.037,NA,2
7,1680900872.1,30,"20230407 15:54:32","15:54:32",5,"albert","pas_smi7_t4_ch2",1680900869.3,0.000246622184679584,0.246622184679584,-0.713226910548447,420.37910047728,487.463016239584,43.2916176580499,37.3338913579296,0.0143695606925626,3.4270984973895,0.0143361721994,0.00896310092563036,0,20.211715253442,20.00695,2.34762322539633,35.5161615687451,0.847323331783149,2.38574016548232,1.50029989361318,-10.8760383443697,48.104565114037,2.8260737702444,40.0546005399117,-0.671067474352582,0.247097828813121,-0.713226910548447,423.992487237924,424.453575757576,0.00023331890145806,64.401205789648,0.246622184679584,9.38381419825153,9.54064224242424,-3.25410947342457e-06,99.0105920203065,10,2,1,0,47969,0,0,0,0,3.21,0.5,"0: Broadleaf",2,"True",1680900869.3,420.3791,420.015,9.540849,9.383742,416.5721,9.46225,500.0518,88.71013,0.09992577,20.26731,20.00695,999.9,0,0,9999.98,0,0.386148,0.3640197,424.4285,423.9935,0.1571068,420.015,9.383742,0.8463698,0.832433,4.509743,4.272731,0,0,0,0,2.06018,0,-2.48113,-1.16366,33.3874,40.9121,37.0374,39.6496,34.875,0,0,0,1680900922.2,0,1680900569.6,"15:49:29",1680900569.6,1680900567.6,1,0.025,0.014,3.806,0.082,420,10,0.28,0.09,0.36693275,-0.182548795497187,0.0337640488698779,0,0.157409025,-0.00310078424015055,0.000678990003148056,1,1,2,"1/2",2.97923,2.7278,0.0839064,0.0848673,0.0538088,0.0536915,27443.3,27082,30487.3,29842,39820.3,37193.1,46629.4,44372.8,1.85378,1.82488,-0.033807,0,20.5608,999.9,22.6,32.6,12.584,63.2081,24.0385,1,0.0105183,3.47327,20.1902,5.2384,11.974,4.97275,3.29065,9999,9999,9999,999.9,4.97292,1.87729,1.87533,1.87821,1.87491,1.87851,1.8756,1.87673,0,0,0,0,11111111,"oooooooo","on","on","on","on",0,100,100,3.808,0.0786,2.14269097140876,0.00464658050639271,-1.73501088364196e-06,4.12511390346951e-10,0.0178578775070511,-0.00072689807699712,0.000844044815575964,-9.38668980367099e-06,0,2102,1,23,5,5.1,1.11084,2.55981,1.39893,2.34131,1.44897,2.42065,38.062,24.0437,18,482.086,434.416,16.9596,26.9975,29.9999,26.9391,27.0295,22.2651,18.1397,35.7628,16.9531,420,9.38731,100.777,102.038,NA,2
8,1680900877.1,35,"20230407 15:54:37","15:54:37",5,"albert","pas_smi7_t4_ch2",1680900874.6,0.000249877463799036,0.249877463799036,-0.750245935128139,420.394556057146,490.466015313728,43.5596417487284,37.3364018774094,0.0145618134211204,3.42888225731286,0.0145275444730639,0.00908278744521802,0,20.2127769430438,20.0068777777778,2.34761272647338,35.5192200509626,0.847488878815025,2.38600081195211,1.50012384765836,-11.0195961535375,48.469741447189,2.84607072409681,40.2962160177483,-0.739647665898271,0.247812728277785,-0.750245935128139,423.945138566446,424.431981818182,-0.000125410807644846,64.401205789648,0.249877463799036,9.38494529065875,9.54375624242424,1.25981941635766e-05,99.0105920203065,10,2,1,0,47979,0,0,0,0,3.21,0.5,"0: Broadleaf",2,"True",1680900874.6,420.394555555556,419.986555555556,9.54242222222222,9.38483333333333,416.587333333333,9.46380222222222,499.964222222222,88.7134888888889,0.0992736444444444,20.2690777777778,20.0068777777778,999.9,0,0,10007.1,0,0.397947111111111,0.407887666666667,424.444555555556,423.965444444444,0.157589555555556,419.986555555556,9.38483333333333,0.846541333333333,0.832561,4.51263777777778,4.27492666666667,0,0,0,0,2.04694444444444,0,-1.93284444444444,-1.16165555555556,34.125,40.9302222222222,37.1662222222222,39.7566666666667,34.9232222222222,0,0,0,1680900927,0,1680900569.6,"15:49:29",1680900569.6,1680900567.6,1,0.025,0.014,3.806,0.082,420,10,0.28,0.09,0.366068804878049,0.178253602787457,0.0332266298227275,0,0.157244146341463,0.000880703832752847,0.000683508437008808,1,1,2,"1/2",2.97929,2.72839,0.0839025,0.0848662,0.0538218,0.0536907,27444,27082,30488,29841.9,39820.7,37193.1,46630.5,44372.8,1.85352,1.825,-0.03336,0,20.5608,999.9,22.6,32.6,12.5845,63.3081,23.8582,1,0.0106707,3.48409,20.1902,5.2393,11.974,4.9697,3.29093,9999,9999,9999,999.9,4.97296,1.87728,1.87532,1.87821,1.87487,1.87851,1.87559,1.87671,0,0,0,0,11111111,"oooooooo","on","on","on","on",0,100,100,3.807,0.0786,2.14269097140876,0.00464658050639271,-1.73501088364196e-06,4.12511390346951e-10,0.0178578775070511,-0.00072689807699712,0.000844044815575964,-9.38668980367099e-06,0,2102,1,23,5.1,5.2,1.11084,2.55737,1.39893,2.34131,1.44897,2.37671,38.062,24.0437,18,481.941,434.478,16.9531,26.9955,30.0001,26.9377,27.0276,22.2635,18.1397,35.7628,16.9487,420,9.38731,100.78,102.038,NA,2
9,1680900882.1,40,"20230407 15:54:42","15:54:42",5,"albert","pas_smi7_t4_ch2",1680900879.3,0.000248224036940617,0.248224036940617,-0.635235442335756,420.375700424073,478.416064066886,42.4891596222666,37.3344700945147,0.0144653860462955,3.42947324552614,0.0144315746928687,0.00902276535486759,0,20.2135508203564,20.00711,2.34764648469523,35.5209387453789,0.847550429988263,2.38605864575729,1.50009605470696,-10.9466800290812,48.5076778567357,2.84781655713515,40.4088143847896,-0.692874924601748,0.249171034306515,-0.635235442335756,423.988901047113,424.401460606061,-0.000205236975962766,64.401205789648,0.248224036940617,9.38483363864087,9.54266618181818,-3.68152759462537e-06,99.0105920203065,10,2,1,0,48037,0,0,0,0,3.21,0.5,"0: Broadleaf",2,"True",1680900879.3,420.3757,419.9982,9.543181,9.384773,416.5687,9.464554,500.1048,88.71207,0.10008079,20.26947,20.00711,999.9,0,0,10009.745,0,0.3962156,0.3772978,424.4259,423.9773,0.158407,419.9982,9.384773,0.8465952,0.8325427,4.513544,4.274609,0,0,0,0,2.0085,0,-1.89948,-1.16049,34.125,41,37.25,39.8183,34.937,0,0,0,1680900932.4,0,1680900569.6,"15:49:29",1680900569.6,1680900567.6,1,0.025,0.014,3.806,0.082,420,10,0.28,0.09,0.36735643902439,0.158604857142858,0.0327717920504433,0,0.157439317073171,0.0057112891986063,0.000888822362537942,1,1,2,"1/2",2.9795,2.72863,0.0838961,0.0848574,0.0538194,0.0536933,27443.5,27082.9,30487.2,29842.6,39819.9,37193.6,46629.5,44373.5,1.85373,1.82502,-0.033658,0,20.5608,999.9,22.6,32.6,12.5829,63.4681,23.6458,1,0.0105945,3.49861,20.1898,5.23826,11.974,4.9728,3.29065,9999,9999,9999,999.9,4.97294,1.87729,1.87532,1.8782,1.87488,1.87851,1.87558,1.87671,0,0,0,0,11111111,"oooooooo","on","on","on","on",0,100,100,3.807,0.0786,2.14269097140876,0.00464658050639271,-1.73501088364196e-06,4.12511390346951e-10,0.0178578775070511,-0.00072689807699712,0.000844044815575964,-9.38668980367099e-06,0,2102,1,23,5.2,5.2,1.11084,2.55493,1.39893,2.34131,1.44897,2.40234,38.062,24.0437,18,482.042,434.489,16.9474,26.9935,30.0001,26.9365,27.027,22.2671,18.1397,35.7628,16.94,420,9.38731,100.777,102.04,NA,2
10,1680900887.1,45,"20230407 15:54:47","15:54:47",5,"albert","pas_smi7_t4_ch2",1680900884.6,0.000250173127366593,0.250173127366593,-0.606552784201894,420.32755596258,474.70357003977,42.1598734834658,37.3305736451743,0.0145828801402452,3.42055938325998,0.0145484286816401,0.00909585641122145,0,20.214803100795,20.0051222222222,2.34735753453923,35.5193550594854,0.847608492257126,2.38632849846966,1.4997490422821,-11.0326349168668,49.085630384431,2.88925474596605,40.9422502135303,-0.595927666763855,0.250723861313992,-0.606552784201894,423.994878700958,424.387654545455,5.7991880129489e-05,64.401205789648,0.250173127366593,9.38413756577727,9.54325369696969,-7.96069118288236e-06,99.0105920203065,10,2,1,0,47969,0,0,0,0,3.21,0.5,"0: Broadleaf",2,"True",1680900884.6,420.327555555556,420.012666666667,9.54373777777778,9.38432888888889,416.520666666667,9.46510333333333,500.061555555556,88.7126777777778,0.100375555555556,20.2713,20.0051222222222,999.9,0,0,9972.22222222222,0,0.398253555555556,0.314870222222222,424.377888888889,423.991555555556,0.159410333333333,420.012666666667,9.38432888888889,0.846650444444444,0.832508666666667,4.51448,4.27403222222222,0,0,0,0,2.19138888888889,0,-2.2959,-1.15051111111111,33.7566666666667,40.986,37.1805555555556,39.84,34.9232222222222,0,0,0,1680900937.2,0,1680900569.6,"15:49:29",1680900569.6,1680900567.6,1,0.025,0.014,3.806,0.082,420,10,0.28,0.09,0.365845414634146,-0.17108224390244,0.0363312566464608,0,0.158058829268293,0.00873280139372824,0.00110204304511653,1,1,2,"1/2",2.97955,2.72859,0.0838977,0.0848628,0.0538208,0.0536913,27444,27082.7,30487.8,29842.5,39820.3,37193.8,46630.1,44373.7,1.85387,1.82483,-0.0337698,0,20.5608,999.9,22.6,32.6,12.5836,63.3281,23.5697,1,0.0106225,3.50168,20.1902,5.24065,11.974,4.9732,3.291,9999,9999,9999,999.9,4.97293,1.87728,1.87534,1.8782,1.87492,1.87851,1.8756,1.87673,0,0,0,0,11111111,"oooooooo","on","on","on","on",0,100,100,3.807,0.0786,2.14269097140876,0.00464658050639271,-1.73501088364196e-06,4.12511390346951e-10,0.0178578775070511,-0.00072689807699712,0.000844044815575964,-9.38668980367099e-06,0,2102,1,23,5.3,5.3,1.10962,2.54761,1.39893,2.34131,1.44897,2.44629,38.0377,24.0525,18,482.11,434.352,16.9385,26.9924,30.0001,26.9345,27.0249,22.2661,18.1397,35.7628,16.9346,420,9.38731,100.779,102.04,NA,2
11,1680900892.1,50,"20230407 15:54:52","15:54:52",5,"albert","pas_smi7_t4_ch2",1680900889.3,0.000251182490371851,0.251182490371851,-0.790433833585053,420.369200527256,494.300403766879,43.9022720213852,37.3359253812457,0.0146500078806446,3.42686588485254,0.0146153027492493,0.00913767542587458,0,20.2140837271125,19.99991,2.34660001612644,35.520962030726,0.847615934993678,2.38624149385504,1.49898408113276,-11.0771478253986,50.0300816225935,2.93933989420215,41.892273691397,-0.726500919984378,0.249582317282025,-0.790433833585053,423.934381129152,424.445593939394,0.000209233974008512,64.401205789648,0.251182490371851,9.38505539574144,9.54465945454545,1.29298302612562e-05,99.0105920203065,10,2,1,0,48131,0,0,0,0,3.21,0.5,"0: Broadleaf",2,"True",1680900889.3,420.3692,419.9702,9.543399,9.384719,416.5621,9.464769,500.0715,88.71684,0.10014596,20.27071,19.99991,999.9,0,0,9998.246,0,0.3864239,0.3990296,424.4196,423.9488,0.1586822,419.9702,9.384719,0.8466604,0.8325826,4.514646,4.275296,0,0,0,0,2.06425,0,-2.15808,-1.20137,33.4121,41.0434,37.125,39.8748,34.9685,0,0,0,1680900942,0,1680900569.6,"15:49:29",1680900569.6,1680900567.6,1,0.025,0.014,3.806,0.082,420,10,0.28,0.09,0.373344375,-0.0612588180112583,0.0408267175980922,1,0.158409125,0.00614792870544063,0.000999617706613383,1,2,2,"2/2",2.97938,2.72847,0.083908,0.0848618,0.0538298,0.0536996,27443.6,27082.3,30487.7,29842.1,39819.9,37193.1,46630,44373.2,1.85395,1.82485,-0.0340678,0,20.5618,999.9,22.6,32.6,12.5832,62.9181,23.6178,1,0.0105716,3.48984,20.1903,5.24035,11.974,4.9733,3.291,9999,9999,9999,999.9,4.97295,1.87726,1.87531,1.87819,1.87485,1.87849,1.87557,1.87668,0,0,0,0,11111111,"oooooooo","on","on","on","on",0,100,100,3.807,0.0786,2.14269097140876,0.00464658050639271,-1.73501088364196e-06,4.12511390346951e-10,0.0178578775070511,-0.00072689807699712,0.000844044815575964,-9.38668980367099e-06,0,2102,1,23,5.4,5.4,1.11084,2.53906,1.39893,2.34131,1.44897,2.48535,38.062,24.0525,18,482.137,434.35,16.9324,26.9909,30.0001,26.9325,27.0227,22.2685,18.1397,35.7628,16.9331,420,9.38731,100.779,102.038,NA,2
12,1680900897.1,55,"20230407 15:54:57","15:54:57",5,"albert","pas_smi7_t4_ch2",1680900894.6,0.000248904798543066,0.248904798543066,-0.623953180442512,420.384667083982,476.973914612919,42.3637820261549,37.3376485754702,0.0145131708389312,3.42932399649848,0.0144791345387113,0.00905251040281961,0,20.2155252233765,20.0031222222222,2.34706683917061,35.5223841892615,0.847696492595802,2.38637273917009,1.49937034657481,-10.9767016157492,49.6366320752796,2.91419499819542,41.5741254577258,-0.687756279324342,0.249690709848384,-0.623953180442512,423.997249569093,424.402781818182,-0.000256738201031476,64.401205789648,0.248904798543066,9.38524009596191,9.54353666666666,-5.79159733252413e-06,99.0105920203065,10,2,1,0,47954,0,0,0,0,3.21,0.5,"0: Broadleaf",2,"True",1680900894.6,420.384666666667,420.010555555555,9.54421666666666,9.38546222222222,416.577666666667,9.46557777777778,500.053666666667,88.7177888888889,0.100028455555556,20.2716,20.0031222222222,999.9,0,0,10008.4722222222,0,0.386148,0.374087888888889,424.435666666667,423.989777777778,0.158752111111111,420.010555555555,9.38546222222222,0.846742,0.832657777777778,4.51602333333333,4.27658222222222,0,0,0,0,2.11477777777778,0,-2.12136666666667,-1.24134444444444,33.2983333333333,41.111,37.1456666666667,39.8956666666667,34.9372222222222,0,0,0,1680900947.4,0,1680900569.6,"15:49:29",1680900569.6,1680900567.6,1,0.025,0.014,3.806,0.082,420,10,0.28,0.09,0.368430512195122,0.100135777003484,0.0367025265011406,0,0.158804292682927,0.000267742160278723,0.000577002525416226,1,1,2,"1/2",2.97937,2.72841,0.0839052,0.0848704,0.053826,0.0536997,27443.6,27082.5,30487.6,29842.6,39819.7,37193.6,46629.5,44373.9,1.85375,1.82507,-0.0338443,0,20.5626,999.9,22.6,32.6,12.5826,63.3781,23.77,1,0.0104497,3.47621,20.1907,5.24035,11.974,4.9732,3.291,9999,9999,9999,999.9,4.97294,1.87729,1.87531,1.8782,1.87486,1.87851,1.87557,1.87668,0,0,0,0,11111111,"oooooooo","on","on","on","on",0,100,100,3.807,0.0786,2.14269097140876,0.00464658050639271,-1.73501088364196e-06,4.12511390346951e-10,0.0178578775070511,-0.00072689807699712,0.000844044815575964,-9.38668980367099e-06,0,2102,1,23,5.5,5.5,1.11084,2.54517,1.39893,2.34131,1.44897,2.48779,38.062,24.0612,18,482.021,434.477,16.9306,26.9889,30,26.9313,27.0214,22.2663,18.1397,35.7628,16.9328,420,9.38731,100.778,102.04,NA,2
13,1680902381.5,1539.40000009537,"20230407 16:19:41","16:19:41",5,"albert","pas_smi7_t4_ch2",1680902378.75,0.000201832126681125,0.201832126681125,-1.20937747492487,420.657700829943,574.275576049523,51.0045899917163,37.3609368959809,0.0115689988391327,3.42742876645282,0.0115473481345237,0.00721903439785577,0,27.6603625578364,27.49514,3.684575098219,58.5351024527109,2.18348185916863,3.73020934051087,1.50109323905037,-8.90079678663761,38.899788688593,2.46410226674123,32.4630941686967,-1.15029468226604,0.183919171630327,-1.20937747492487,430.476744706236,431.267145454545,0.00120066262337067,64.2501768309577,0.201832126681125,24.4687856764462,24.5900024242424,0.000729439574190364,99.9123163879139,8,2,1,0,46772,0,0,0,0,3.21,0.5,"0: Broadleaf",2,"True",1680902378.75,420.6577,419.9689,24.58446,24.46929,417.097,24.25828,500.0142,88.71557,0.09996059,27.70566,27.49514,999.9,0,0,10000.755,0,0.386148,0.6887881,431.2601,430.503,0.1151797,419.9689,24.46929,2.181024,2.170808,18.82361,18.74847,0,0,0,0,2.11045,0,-2.70428,-1.08569,34.2372,39.9746,36.9248,38.6872,35.625,0,0,0,1680902431.8,0,1680901630.6,"16:07:10",1680901630.6,1680901626.6,2,-0.248,0,3.559,0.326,420,25,0.41,0.14,0.700970292682927,0.0480550662020921,0.0300904239983777,1,0.131825146341463,-0.152977170731707,0.0186386474995567,0,1,2,"1/2",2.97859,2.72829,0.0839691,0.0848625,0.106773,0.107194,27391.5,27041.5,30436.1,29801.5,37510.4,35021.7,46556.4,44311.6,1.848,1.8599,0.0441372,0,26.772,999.9,45.8,32,24.6518,63.1184,22.3838,1,0.0552414,-0.375349,20.2232,5.23945,11.9724,4.973,3.291,9999,9999,9999,999.9,4.97294,1.87728,1.87531,1.8782,1.87485,1.87848,1.87556,1.87668,0,0,0,0,11111111,"oooooooo","on","on","on","on",0,100,100,3.561,0.3261,1.89455830057948,0.00464658050639271,-1.73501088364196e-06,4.12511390346951e-10,0.326180000000001,0,0,0,0,2102,1,23,12.5,12.6,1.13037,2.55005,1.39893,2.36816,1.44897,2.51587,38.1106,24.07,18,483.45,461.282,27.3734,27.8077,30.0001,27.6116,27.6769,22.6701,8.99335,100,27.3748,420,24.4872,100.615,101.898,NA,2
14,1680902386.5,1544.40000009537,"20230407 16:19:46","16:19:46",5,"albert","pas_smi7_t4_ch2",1680902384,0.000213145720621824,0.213145720621824,-1.06652748509761,420.68688962047,547.004502412234,48.5822388385665,37.3633322169492,0.0122235640208597,3.42721965574526,0.0121993953385671,0.00762678952094043,0,27.6590607241018,27.4960888888889,3.68477968998516,58.5525253124386,2.18429000538822,3.73047958859633,1.50048968459694,-9.39972627942245,38.9512034705121,2.46753662733661,32.0190138184263,-1.13016607229739,0.205571340039784,-1.06652748509761,430.554364822385,431.266624242424,-0.00228759552800326,64.2501768309577,0.213145720621824,24.4642495771942,24.5961357575758,0.000222745714330441,99.9123163879139,8,2,1,0,46797,0,0,0,0,3.21,0.5,"0: Broadleaf",2,"True",1680902384,420.686888888889,420.016888888889,24.5936888888889,24.4649666666667,417.126111111111,24.2675111111111,500.034111111111,88.7151111111111,0.0999509666666667,27.7069,27.4960888888889,999.9,0,0,9999.92777777778,0,0.386148,0.669894888888889,431.293888888889,430.550222222222,0.128709777777778,420.016888888889,24.4649666666667,2.18183111111111,2.17041222222222,18.8295222222222,18.7455777777778,0,0,0,0,2.07511111111111,0,-2.18164444444444,-1.10988888888889,34.1455555555555,40.0275555555556,36.993,38.7913333333333,35.6732222222222,0,0,0,1680902436.6,0,1680901630.6,"16:07:10",1680901630.6,1680901626.6,2,-0.248,0,3.559,0.326,420,25,0.41,0.14,0.694078975,-0.172065984990619,0.0389156741920833,0,0.1259859,-0.0694627317073175,0.0160148289029262,1,1,2,"1/2",2.97859,2.7286,0.083966,0.0848475,0.106794,0.107183,27391.5,27042.2,30436,29801.7,37509.5,35022.3,46556.5,44311.8,1.8479,1.86005,0.0444092,0,26.7697,999.9,45.8,32,24.6527,63.1584,22.1154,1,0.0553735,-0.37866,20.2233,5.23945,11.9721,4.9733,3.291,9999,9999,9999,999.9,4.97297,1.87729,1.87534,1.8782,1.87487,1.87851,1.8756,1.8767,0,0,0,0,11111111,"oooooooo","on","on","on","on",0,100,100,3.561,0.3261,1.89455830057948,0.00464658050639271,-1.73501088364196e-06,4.12511390346951e-10,0.326180000000001,0,0,0,0,2102,1,23,12.6,12.7,1.13037,2.55859,1.39893,2.36816,1.44897,2.41455,38.1106,24.07,18,483.403,461.385,27.3755,27.8089,30,27.6127,27.6776,22.6705,8.99335,100,27.3782,420,24.4838,100.615,101.899,NA,2
15,1680902391.5,1549.40000009537,"20230407 16:19:51","16:19:51",5,"albert","pas_smi7_t4_ch2",1680902388.7,0.000220034397776908,0.220034397776908,-1.22903478603967,420.667900843125,563.028684051963,50.0062561587312,37.3622648422218,0.0126189129091817,3.42740651111995,0.0125931587400647,0.00787303369614923,0,27.6571671234784,27.49819,3.68523274989117,58.563742914243,2.18466380247211,3.73040330716429,1.50056894741906,-9.70351694196162,38.5004148864575,2.43886776200438,31.2357657065003,-1.19022236181029,0.218023304839371,-1.22903478603967,430.500725586384,431.301793939394,0.00169156336427291,64.2501768309577,0.220034397776908,24.4590731182778,24.597176969697,-4.57910344075168e-05,99.9123163879139,8,2,1,0,46790,0,0,0,0,3.21,0.5,"0: Broadleaf",2,"True",1680902388.7,420.6679,419.9627,24.59749,24.46097,417.1072,24.27131,500.0294,88.71647,0.10006382,27.70655,27.49819,999.9,0,0,10000.56,0,0.386148,0.705249,431.2762,430.493,0.1365151,419.9627,24.46097,2.182204,2.170092,18.83224,18.74322,0,0,0,0,2.02244,0,-2.17829,-1.12607,34.2621,40.1122,37.0062,38.8811,35.7123,0,0,0,1680902442,0,1680901630.6,"16:07:10",1680901630.6,1680901626.6,2,-0.248,0,3.559,0.326,420,25,0.41,0.14,0.6938737,-0.15373303564728,0.0390561315616383,0,0.12307395,0.0657643452157598,0.0121785140163938,1,1,2,"1/2",2.97859,2.72826,0.0839725,0.0848449,0.106799,0.107168,27392.3,27042,30437.1,29801.5,37510.2,35022.9,46557.6,44311.7,1.8478,1.85995,0.0443086,0,26.7675,999.9,45.8,32,24.6521,63.2584,22.4679,1,0.0556402,-0.375817,20.2234,5.239,11.9721,4.97315,3.291,9999,9999,9999,999.9,4.97297,1.87729,1.87534,1.87819,1.87488,1.87851,1.8756,1.8767,0,0,0,0,11111111,"oooooooo","on","on","on","on",0,100,100,3.561,0.3262,1.89455830057948,0.00464658050639271,-1.73501088364196e-06,4.12511390346951e-10,0.326180000000001,0,0,0,0,2102,1,23,12.7,12.7,1.13037,2.54395,1.39893,2.36694,1.44897,2.50732,38.135,24.0787,18,483.357,461.333,27.379,27.8089,30.0001,27.6139,27.6792,22.6724,8.99335,100,27.3792,420,24.4849,100.618,101.898,NA,2
16,1680902396.5,1554.40000009537,"20230407 16:19:56","16:19:56",5,"albert","pas_smi7_t4_ch2",1680902394,0.000229921283849199,0.229921283849199,-1.17069611520188,420.699223026477,549.371699964466,48.7931500200409,37.3649394458675,0.0131946375053497,3.42536675560678,0.0131664658176936,0.00823156718816334,0,27.6572360277454,27.4946888888889,3.6844778367578,58.5583176564019,2.18475710035068,3.73090824290754,1.49972073640712,-10.1395286177497,39.5518616539449,2.50695044076368,31.9192834769589,-1.16857320622912,0.228634190673582,-1.17069611520188,430.530993541048,431.302315151515,-0.000202938884690358,64.2501768309577,0.229921283849199,24.4548196813582,24.5988018181818,-1.34661391540047e-06,99.9123163879139,8,2,1,0,46763,0,0,0,0,3.21,0.5,"0: Broadleaf",2,"True",1680902394,420.699222222222,420.010777777778,24.5986111111111,24.4554444444444,417.138444444444,24.2724333333333,500.020333333333,88.7162333333333,0.100045377777778,27.7088666666667,27.4946888888889,999.9,0,0,9992.01444444444,0,0.386148,0.688337666666667,431.308666666667,430.539888888889,0.143145,420.010777777778,24.4554444444444,2.18229666666667,2.16959555555556,18.8329333333333,18.7395666666667,0,0,0,0,1.99385555555556,0,-2.50041111111111,-1.14571111111111,34.2846666666667,40.201,37.0691111111111,39.0066666666667,35.7567777777778,0,0,0,1680902446.8,0,1680901630.6,"16:07:10",1680901630.6,1680901626.6,2,-0.248,0,3.559,0.326,420,25,0.41,0.14,0.688411825,0.0283726041275775,0.0475564417928252,1,0.1306818,0.110249831144465,0.0108285509007438,0,1,2,"1/2",2.97858,2.72825,0.0839752,0.0848668,0.106799,0.107152,27392.1,27041.6,30436.9,29801.8,37510.2,35023.6,46557.6,44311.9,1.84787,1.85985,0.0449456,0,26.7658,999.9,45.8,32,24.6525,63.3584,22.3558,1,0.055409,-0.380839,20.2234,5.23811,11.9719,4.9732,3.291,9999,9999,9999,999.9,4.97294,1.87729,1.87538,1.87821,1.87493,1.87851,1.87561,1.87675,0,0,0,0,11111111,"oooooooo","on","on","on","on",0,100,100,3.561,0.3262,1.89455830057948,0.00464658050639271,-1.73501088364196e-06,4.12511390346951e-10,0.326180000000001,0,0,0,0,2102,1,23,12.8,12.8,1.13037,2.55005,1.39893,2.36694,1.44897,2.51221,38.1106,24.07,18,483.398,461.275,27.3802,27.8094,30.0002,27.6139,27.68,22.6696,8.99335,100,27.3843,420,24.4845,100.618,101.899,NA,2
17,1680902401.5,1559.40000009537,"20230407 16:20:01","16:20:01",5,"albert","pas_smi7_t4_ch2",1680902398.7,0.00023219653910486,0.23219653910486,-1.17162640697942,420.715000803071,548.169989847424,48.6867542870851,37.3665984062557,0.0133204430433058,3.4278793027804,0.0132917532097246,0.00830991822376608,0,27.6595244598672,27.49699,3.68497398947007,58.5468379902614,2.18468147210647,3.73151061116207,1.50029251736359,-10.2398673745243,39.6662938504426,2.51242424401411,31.9388507199323,-1.15018138530483,0.233206661444732,-1.17162640697942,430.55446158588,431.325345454546,2.67456505054625e-05,64.2501768309577,0.23219653910486,24.4502411167531,24.5960757575758,-6.16534486897794e-05,99.9123163879139,8,2,1,0,46820,0,0,0,0,3.21,0.5,"0: Broadleaf",2,"True",1680902398.7,420.715,420.0396,24.59759,24.45156,417.154,24.27139,500.0204,88.71689,0.10000109,27.71163,27.49699,999.9,0,0,10002.5,0,0.386148,0.6753449,431.3245,430.5678,0.146006,420.0396,24.45156,2.182221,2.169267,18.83238,18.73713,0,0,0,0,2.10798,0,-2.32497,-1.15193,34.2686,40.2748,37.1061,39.0808,35.7871,0,0,0,1680902451.6,0,1680901630.6,"16:07:10",1680901630.6,1680901626.6,2,-0.248,0,3.559,0.326,420,25,0.41,0.14,0.680600025,0.101659913696059,0.0465760252573615,0,0.1371331,0.078319519699812,0.00770626698473392,1,1,2,"1/2",2.97862,2.72835,0.0839782,0.0848584,0.106792,0.10714,27392.1,27041.6,30437,29801.4,37510.6,35023.7,46557.7,44311.4,1.84808,1.85977,0.045307,0,26.765,999.9,45.8,32,24.6507,63.0684,22.1635,1,0.0555843,-0.384224,20.2232,5.23661,11.9736,4.9732,3.291,9999,9999,9999,999.9,4.97295,1.87729,1.87538,1.8782,1.8749,1.87851,1.8756,1.87672,0,0,0,0,11111111,"oooooooo","on","on","on","on",0,100,100,3.561,0.3262,1.89455830057948,0.00464658050639271,-1.73501088364196e-06,4.12511390346951e-10,0.326180000000001,0,0,0,0,2102,1,23,12.8,12.9,1.13037,2.55859,1.39893,2.36694,1.44897,2.42188,38.135,24.0612,18,483.523,461.235,27.3847,27.8113,30,27.6163,27.681,22.669,8.99335,100,27.3864,420,24.4854,100.618,101.898,NA,2
18,1680902406.5,1564.40000009537,"20230407 16:20:06","16:20:06",5,"albert","pas_smi7_t4_ch2",1680902404,0.000237821873154791,0.237821873154791,-1.12500914269361,420.716445215746,539.593627352929,47.9243811903076,37.3662220446554,0.0136305968902375,3.42815023441344,0.0136005594666406,0.00850304284125181,0,27.6604583775575,27.5020666666667,3.68606879816919,58.5303761809843,2.18434693471138,3.73198854549827,1.50172186345781,-10.4879446061263,39.1363304730181,2.47875087167352,31.1271367385654,-1.15523808437328,0.237239524980562,-1.12500914269361,430.559965821087,431.303121212121,-0.000621575887801456,64.2501768309577,0.237821873154791,24.4447103714577,24.59364,-1.31755198104662e-06,99.9123163879139,8,2,1,0,46803,0,0,0,0,3.21,0.5,"0: Broadleaf",2,"True",1680902404,420.716444444445,420.038888888889,24.5941555555556,24.4456,417.155444444444,24.2679555555556,500.021333333333,88.7158555555555,0.0998360333333333,27.7138222222222,27.5020666666667,999.9,0,0,10003.7555555556,0,0.386148,0.677534222222222,431.324555555556,430.564333333333,0.148561222222222,420.038888888889,24.4456,2.18189,2.16871111111111,18.8299666666667,18.7330333333333,0,0,0,0,2.09936666666667,0,-2.18444444444444,-1.15982222222222,34.361,40.354,37.1525555555556,39.201,35.7844444444444,0,0,0,1680902457,0,1680901630.6,"16:07:10",1680901630.6,1680901626.6,2,-0.248,0,3.559,0.326,420,25,0.41,0.14,0.68944245,-0.119559534709194,0.0395130587989275,0,0.143467125,0.0465005065666037,0.00464232445111013,1,1,2,"1/2",2.97855,2.72837,0.083971,0.084851,0.106779,0.10712,27392.6,27041.9,30437.4,29801.6,37511.2,35024.7,46557.9,44311.7,1.84775,1.86007,0.0447743,0,26.765,999.9,45.8,32,24.6515,63.2884,22.4399,1,0.0553125,-0.358254,20.2232,5.23721,11.9722,4.9733,3.291,9999,9999,9999,999.9,4.97294,1.87729,1.87539,1.87821,1.87494,1.87851,1.8756,1.87675,0,0,0,0,11111111,"oooooooo","on","on","on","on",0,100,100,3.561,0.3262,1.89455830057948,0.00464658050639271,-1.73501088364196e-06,4.12511390346951e-10,0.326180000000001,0,0,0,0,2102,1,23,12.9,13,1.13037,2.54517,1.39893,2.36694,1.44897,2.49878,38.1106,24.0787,18,483.345,461.438,27.3865,27.8113,30.0001,27.6163,27.6823,22.6694,8.99335,100,27.3743,420,24.4854,100.619,101.898,NA,2
19,1680902411.5,1569.40000009537,"20230407 16:20:11","16:20:11",5,"albert","pas_smi7_t4_ch2",1680902408.7,0.000242603353656464,0.242603353656464,-1.29508517708523,420.701600887837,556.387449988995,49.414694205831,37.3639645541739,0.0139007170870293,3.42831767130793,0.0138694803470739,0.00867122581018892,0,27.6620558456618,27.50306,3.68628304869961,58.514916773442,2.18411036329125,3.7325702294813,1.50217268540835,-10.6988078962501,39.4477252777404,2.49839709298454,31.2473144744748,-1.20264654200359,0.240463524233318,-1.29508517708523,430.495621623906,431.343509090909,0.000949148111231655,64.2501768309577,0.242603353656464,24.4403129322474,24.5921509090909,1.01469101257697e-05,99.9123163879139,8,2,1,0,46802,0,0,0,0,3.21,0.5,"0: Broadleaf",2,"True",1680902408.7,420.7016,419.9945,24.59211,24.44154,417.1406,24.26593,500.0369,88.71335,0.10010941,27.71649,27.50306,999.9,0,0,10004.742,0,0.386148,0.7070098,431.3083,430.5171,0.1505587,419.9945,24.44154,2.181647,2.168291,18.82819,18.72994,0,0,0,0,2.05098,0,-1.98302,-1.15023,34.356,40.4246,37.187,39.2498,35.8561,0,0,0,1680902461.8,0,1680901630.6,"16:07:10",1680901630.6,1680901626.6,2,-0.248,0,3.559,0.326,420,25,0.41,0.14,0.692530951219512,-0.0230419651567927,0.0400999156072047,1,0.146447317073171,0.0326403972125437,0.00330335751178768,1,2,2,"2/2",2.97863,2.72836,0.0839742,0.0848511,0.106774,0.107106,27392.5,27041.6,30437.4,29801.2,37511.7,35024.9,46558.1,44311.2,1.84775,1.85995,0.045523,0,26.7646,999.9,45.7,32,24.5994,63.0284,22.3317,1,0.0556098,-0.344491,20.2234,5.23586,11.9721,4.9731,3.291,9999,9999,9999,999.9,4.97295,1.8773,1.8754,1.87821,1.87493,1.87851,1.87561,1.87674,0,0,0,0,11111111,"oooooooo","on","on","on","on",0,100,100,3.561,0.3261,1.89455830057948,0.00464658050639271,-1.73501088364196e-06,4.12511390346951e-10,0.326180000000001,0,0,0,0,2102,1,23,13,13.1,1.13037,2.55493,1.39893,2.36694,1.44897,2.50732,38.1106,24.07,18,483.352,461.358,27.3761,27.8113,30.0001,27.6174,27.6823,22.6687,8.99335,100,27.3736,420,24.4854,100.619,101.897,NA,2
20,1680902416.5,1574.40000009537,"20230407 16:20:16","16:20:16",5,"albert","pas_smi7_t4_ch2",1680902414,0.000243811796957642,0.243811796957642,-1.25351997297521,420.710334194357,551.00853993429,48.9367261530013,37.3645504961904,0.0139650468184967,3.4251306173183,0.0139334913855586,0.00871126124960802,0,27.6623913016058,27.5043777777778,3.68656729492227,58.5058553430358,2.18385563132271,3.73271293705249,1.50271166359955,-10.752100245832,39.2885653956753,2.49065666672059,31.0271218165638,-1.2239730226351,0.245541171408237,-1.25351997297521,430.497147852503,431.32183030303,4.48305570392703e-05,64.2501768309577,0.243811796957642,24.4336697392113,24.5867957575758,-6.39207742284098e-05,99.9123163879139,8,2,1,0,46773,0,0,0,0,3.21,0.5,"0: Broadleaf",2,"True",1680902414,420.710333333333,419.990888888889,24.5893666666667,24.4356111111111,417.149333333333,24.2631888888889,500.018444444444,88.7129777777778,0.100030744444444,27.7171444444444,27.5043777777778,999.9,0,0,9991.38888888889,0,0.386148,0.719482444444445,431.316,430.510666666667,0.153757111111111,419.990888888889,24.4356111111111,2.18139666666667,2.16775555555556,18.8263222222222,18.7259888888889,0,0,0,0,1.94064444444444,0,-1.86896666666667,-1.15977777777778,34.2912222222222,40.479,37.2152222222222,39.34,35.875,0,0,0,1680902466.6,0,1680901630.6,"16:07:10",1680901630.6,1680901626.6,2,-0.248,0,3.559,0.326,420,25,0.41,0.14,0.697033675,0.202823898686678,0.0298728875189422,0,0.149651175,0.0300195984990617,0.0029289679401412,1,1,2,"1/2",2.97861,2.72832,0.083976,0.0848487,0.106757,0.107085,27392.6,27041.8,30437.6,29801.3,37512.8,35025.6,46558.6,44311,1.84767,1.86,0.0450462,0,26.7628,999.9,45.8,32,24.6507,63.1884,22.1074,1,0.0555996,-0.340172,20.2233,5.23541,11.9722,4.9732,3.291,9999,9999,9999,999.9,4.97295,1.87729,1.8754,1.8782,1.87493,1.87851,1.87561,1.87672,0,0,0,0,11111111,"oooooooo","on","on","on","on",0,100,100,3.561,0.3262,1.89455830057948,0.00464658050639271,-1.73501088364196e-06,4.12511390346951e-10,0.326180000000001,0,0,0,0,2102,1,23,13.1,13.2,1.13037,2.55859,1.39893,2.36694,1.44897,2.40356,38.1106,24.0612,18,483.32,461.409,27.3733,27.8113,30,27.6186,27.6847,22.6677,8.99335,100,27.367,420,24.4854,100.62,101.897,NA,2
21,1680902421.5,1579.40000009537,"20230407 16:20:21","16:20:21",5,"albert","pas_smi7_t4_ch2",1680902418.7,0.000240723701159987,0.240723701159987,-1.1536053616864,420.728000791419,541.337357619669,48.0781611951865,37.3664007419012,0.0137939098983949,3.42624409231132,0.0137631321897498,0.00860471709709063,0,27.664046905855,27.49883,3.68537076193271,58.4877498221909,2.18330040325863,3.73291913246125,1.50207035867408,-10.6159152211554,40.5007581341182,2.5666090124351,32.4514519253979,-1.22116984009783,0.243412510226495,-1.1536053616864,430.53815595909,431.300478787879,-0.000703855216236403,64.2501768309577,0.240723701159987,24.4294817062086,24.5805115151515,-4.13626737495337e-05,99.9123163879139,8,2,1,0,46809,0,0,0,0,3.21,0.5,"0: Broadleaf",2,"True",1680902418.7,420.728,420.0098,24.58293,24.43051,417.167,24.25675,500.0303,88.71359,0.10008694,27.71809,27.49883,999.9,0,0,9995.999,0,0.386148,0.7180115,431.3312,430.528,0.1524112,420.0098,24.43051,2.180839,2.167317,18.82224,18.72276,0,0,0,0,2.10666,0,-1.88834,-1.22888,34.3309,40.5185,37.2686,39.4436,35.9246,0,0,0,1680902472,0,1680901630.6,"16:07:10",1680901630.6,1680901626.6,2,-0.248,0,3.559,0.326,420,25,0.41,0.14,0.70750275,0.14359393621013,0.0248171093741294,0,0.150951975,0.0204879287054408,0.00230503906135558,1,1,2,"1/2",2.97853,2.72846,0.0839706,0.0848495,0.106738,0.107073,27392.4,27041.9,30437.1,29801.5,37513,35026.4,46557.9,44311.4,1.84787,1.85998,0.0450425,0,26.7624,999.9,45.7,32,24.5991,63.2884,22.4639,1,0.0555666,-0.351473,20.2234,5.23541,11.9713,4.97325,3.291,9999,9999,9999,999.9,4.97293,1.87729,1.87538,1.8782,1.87491,1.87851,1.87561,1.87672,0,0,0,0,11111111,"oooooooo","on","on","on","on",0,100,100,3.561,0.3261,1.89455830057948,0.00464658050639271,-1.73501088364196e-06,4.12511390346951e-10,0.326180000000001,0,0,0,0,2102,1,23,13.2,13.2,1.13037,2.54272,1.39893,2.36694,1.44897,2.51343,38.135,24.0787,18,483.429,461.393,27.3666,27.8136,30.0001,27.6186,27.6847,22.6692,8.99335,100,27.3713,420,24.4854,100.618,101.898,NA,2
22,1680902426.5,1584.40000009537,"20230407 16:20:26","16:20:26",5,"albert","pas_smi7_t4_ch2",1680902424,0.00024485293188962,0.24485293188962,-1.19198478951686,420.705111929071,543.425349185542,48.2651066835301,37.365531696296,0.0140291789556301,3.42804864722456,0.0139973604291946,0.00875120296751403,0,27.6630904256873,27.4982333333333,3.68524209431413,58.4777445110998,2.18291968671889,3.73290677499462,1.50232240759523,-10.7980142963322,40.6218883154836,2.57292174667494,32.3967957658263,-1.21606314194659,0.244813613611586,-1.19198478951686,430.505912397889,431.291375757576,-0.000238776707158017,64.2501768309577,0.24485293188962,24.4230710122341,24.5765715151515,-2.47895195223225e-05,99.9123163879139,8,2,1,0,46763,0,0,0,0,3.21,0.5,"0: Broadleaf",2,"True",1680902424,420.705111111111,419.990555555556,24.5778777777778,24.4245777777778,417.144111111111,24.2517111111111,500.024222222222,88.7165222222222,0.0999210222222222,27.7180333333333,27.4982333333333,999.9,0,0,10003.2533333333,0,0.386148,0.714358777777778,431.305666666667,430.505444444444,0.153284777777778,419.990555555556,24.4245777777778,2.18046333333333,2.16686555555556,18.8195,18.7194111111111,0,0,0,0,2.00787777777778,0,-1.38173333333333,-1.28216666666667,34.3956666666667,40.611,37.2913333333333,39.569,35.9163333333333,0,0,0,1680902476.8,0,1680901630.6,"16:07:10",1680901630.6,1680901626.6,2,-0.248,0,3.559,0.326,420,25,0.41,0.14,0.715814975,0.00446828893058041,0.0176288279991716,1,0.1523919,0.0086544090056283,0.00148518303249128,1,2,2,"2/2",2.9786,2.7283,0.0839745,0.0848514,0.106731,0.107058,27392.6,27041.4,30437.6,29801,37513.9,35026.5,46558.6,44310.8,1.84792,1.85963,0.0449754,0,26.7605,999.9,45.7,32,24.5935,63.1484,22.3798,1,0.0556758,-0.368219,20.2235,5.23541,11.9721,4.9733,3.291,9999,9999,9999,999.9,4.97291,1.87729,1.87541,1.87821,1.87495,1.87852,1.87561,1.87679,0,0,0,0,11111111,"oooooooo","on","on","on","on",0,100,100,3.561,0.3262,1.89455830057948,0.00464658050639271,-1.73501088364196e-06,4.12511390346951e-10,0.326180000000001,0,0,0,0,2102,1,23,13.3,13.3,1.13037,2.54883,1.39893,2.36694,1.44897,2.50488,38.1106,24.07,18,483.472,461.186,27.3691,27.8137,30.0001,27.621,27.6868,22.6688,8.99335,100,27.3722,420,24.4854,100.62,101.896,NA,2
23,1680902431.5,1589.40000009537,"20230407 16:20:31","16:20:31",5,"albert","pas_smi7_t4_ch2",1680902428.7,0.000239287048223297,0.239287048223297,-1.18000115293998,420.706700808115,545.19000600538,48.4247949500494,37.3679552015554,0.0137073727353193,3.42859255065887,0.0136770002970545,0.00855084836735486,0,27.6668141179541,27.49848,3.68529528603865,58.4617373645401,2.182636647611,3.73344472129027,1.50265863842764,-10.5525588266474,41.0386833588615,2.59894368483693,33.085068217051,-1.20931426782861,0.243407937783029,-1.18000115293998,430.513758581484,431.291084848485,-0.000184846977556691,64.2501768309577,0.239287048223297,24.4202542685078,24.570423030303,-4.63946591991338e-05,99.9123163879139,8,2,1,0,46849,0,0,0,0,3.21,0.5,"0: Broadleaf",2,"True",1680902428.7,420.7067,419.9961,24.57319,24.42077,417.1457,24.247,500.0259,88.72193,0.09993837,27.7205,27.49848,999.9,0,0,10004.93,0,0.386148,0.7105103,431.3051,430.5095,0.1524082,419.9961,24.42077,2.180181,2.166659,18.81744,18.71788,0,0,0,0,1.97116,0,-1.52723,-1.31685,34.3248,40.6746,37.3121,39.5998,35.9685,0,0,0,1680902481.6,0,1680901630.6,"16:07:10",1680901630.6,1680901626.6,2,-0.248,0,3.559,0.326,420,25,0.41,0.14,0.716563170731707,-0.0342478118466896,0.0168608018802197,1,0.152854829268293,-0.00155993728223,0.00101872138660853,1,2,2,"2/2",2.9786,2.72839,0.0839838,0.0848632,0.106721,0.107056,27392.3,27040.9,30437.6,29800.8,37514.2,35026.3,46558.5,44310.5,1.8477,1.85968,0.0450984,0,26.7595,999.9,45.7,32,24.5923,63.0684,22.1354,1,0.0556987,-0.372119,20.2236,5.23541,11.9728,4.97305,3.291,9999,9999,9999,999.9,4.97293,1.87729,1.87539,1.8782,1.87489,1.87851,1.87561,1.87671,0,0,0,0,11111111,"oooooooo","on","on","on","on",0,100,100,3.56,0.3261,1.89455830057948,0.00464658050639271,-1.73501088364196e-06,4.12511390346951e-10,0.326180000000001,0,0,0,0,2102,1,23,13.3,13.4,1.13037,2.55981,1.39893,2.36694,1.44897,2.40723,38.1106,24.07,18,483.349,461.219,27.3712,27.8137,30.0002,27.621,27.687,22.6675,8.99335,100,27.3737,420,24.4854,100.62,101.896,NA,2
24,1680902436.5,1594.40000009537,"20230407 16:20:36","16:20:36",5,"albert","pas_smi7_t4_ch2",1680902434,0.000243513733720095,0.243513733720095,-1.25450932997515,420.726111974156,551.230512647756,48.9654014739416,37.3727914378888,0.0139565427669544,3.42507115227012,0.0139250251611599,0.00870596647142157,0,27.664890757836,27.4941666666667,3.68436524623882,58.4548158612642,2.18226066578227,3.7332435893077,1.50210458045655,-10.7389556570562,41.6227107593843,2.6385707668374,33.5223258691655,-1.24518884013465,0.243251192762489,-1.25450932997515,430.511379902172,431.335781818182,0.000241892189995656,64.2501768309577,0.243513733720095,24.4134288179377,24.5659781818182,-8.83146768358098e-06,99.9123163879139,8,2,1,0,46710,0,0,0,0,3.21,0.5,"0: Broadleaf",2,"True",1680902434,420.726111111111,419.992444444444,24.5669111111111,24.4145888888889,417.165111111111,24.2407333333333,500.027888888889,88.7292111111111,0.100054233333333,27.7195777777778,27.4941666666667,999.9,0,0,9989.31111111111,0,0.386148,0.733445888888889,431.322222222222,430.503111111111,0.152327444444444,419.992444444444,24.4145888888889,2.17980222222222,2.16628666666667,18.8146333333333,18.7151555555556,0,0,0,0,2.01888888888889,0,-1.43944444444444,-1.33742222222222,34.472,40.715,37.354,39.6801111111111,36,0,0,0,1680902487,0,1680901630.6,"16:07:10",1680901630.6,1680901626.6,2,-0.248,0,3.559,0.326,420,25,0.41,0.14,0.718513475,0.0312405816135084,0.0209898497255072,1,0.152514175,-0.00082641275797403,0.000907258807824426,1,2,2,"2/2",2.97851,2.72823,0.0839887,0.0848615,0.106709,0.107043,27392.1,27040.8,30437.4,29800.7,37514.6,35026.7,46558.3,44310.3,1.8477,1.85992,0.0450127,0,26.7578,999.9,45.7,32,24.593,63.4085,22.5,1,0.0556479,-0.379581,20.2233,5.23556,11.973,4.9731,3.291,9999,9999,9999,999.9,4.97294,1.8773,1.87543,1.87821,1.87496,1.87854,1.87561,1.8768,0,0,0,0,11111111,"oooooooo","on","on","on","on",0,100,100,3.561,0.3262,1.89455830057948,0.00464658050639271,-1.73501088364196e-06,4.12511390346951e-10,0.326180000000001,0,0,0,0,2102,1,23,13.4,13.5,1.13037,2.54272,1.39893,2.36694,1.44897,2.48535,38.1106,24.0787,18,483.356,461.387,27.3731,27.8137,30.0001,27.6221,27.688,22.6692,8.71951,100,27.377,420,24.4854,100.619,101.895,NA,2
