"id","rd","Tleaf","machine","chamber"
"bou_cur25_t1_ch5",1.73343805286576,19.9955545454545,"stan",5
"bou_cur25_t1_ch5",1.71184820455413,20.0081333333333,"stan",5
"bou_cur25_t1_ch5",1.68592774525392,20.00956,"stan",5
"bou_cur25_t1_ch5",1.69076937458835,20.0118555555556,"stan",5
"bou_cur25_t1_ch5",1.52255836179742,20.01532,"stan",5
"bou_cur25_t1_ch5",1.91378168445705,20.0170777777778,"stan",5
"bou_cur25_t1_ch5",1.63225442759712,20.01364,"stan",5
"bou_cur25_t1_ch5",1.74432170978552,20.0117222222222,"stan",5
"bou_cur25_t1_ch5",1.7190917526198,20.01188,"stan",5
"bou_cur25_t1_ch5",1.55815323419439,20.0099444444444,"stan",5
"bou_cur25_t1_ch5",1.49482692927086,20.01075,"stan",5
"bou_cur25_t1_ch5",1.61421968493732,20.0061888888889,"stan",5
"bou_cur25_t1_ch5",1.45861811853624,27.52288,"stan",5
"bou_cur25_t1_ch5",1.55789606647773,27.5241555555556,"stan",5
"bou_cur25_t1_ch5",1.43462474959505,27.52537,"stan",5
"bou_cur25_t1_ch5",1.62441915620221,27.5250777777778,"stan",5
"bou_cur25_t1_ch5",1.57089389225261,27.52144,"stan",5
"bou_cur25_t1_ch5",1.21319996901574,27.5303444444444,"stan",5
"bou_cur25_t1_ch5",1.51538313674809,27.52828,"stan",5
"bou_cur25_t1_ch5",1.60381332534633,27.5285222222222,"stan",5
"bou_cur25_t1_ch5",1.49065004719162,27.53166,"stan",5
"bou_cur25_t1_ch5",1.5191193369442,27.5351555555556,"stan",5
"bou_cur25_t1_ch5",1.57517760910477,27.53232,"stan",5
"bou_cur25_t1_ch5",1.48134692475584,27.5301333333333,"stan",5
"bou_cur29_t3_ch5",1.24014654567991,19.9203545454545,"stan",5
"bou_cur29_t3_ch5",0.97232745065018,19.9479111111111,"stan",5
"bou_cur29_t3_ch5",1.52294976514504,19.96634,"stan",5
"bou_cur29_t3_ch5",1.08476555915438,19.9799666666667,"stan",5
"bou_cur29_t3_ch5",1.08163035244682,19.98938,"stan",5
"bou_cur29_t3_ch5",1.23041977062502,20.0073666666667,"stan",5
"bou_cur29_t3_ch5",1.2265108208137,20.01868,"stan",5
"bou_cur29_t3_ch5",1.17284086549468,20.0068888888889,"stan",5
"bou_cur29_t3_ch5",1.21283539867049,19.95605,"stan",5
"bou_cur29_t3_ch5",1.16668761784441,19.9110222222222,"stan",5
"bou_cur29_t3_ch5",0.788290687136568,19.88093,"stan",5
"bou_cur29_t3_ch5",0.913537530293647,19.8552555555556,"stan",5
"bou_cur29_t3_ch5",1.51338245706236,27.4990272727273,"stan",5
"bou_cur29_t3_ch5",2.02046240267261,27.4962,"stan",5
"bou_cur29_t3_ch5",1.84517011365267,27.49557,"stan",5
"bou_cur29_t3_ch5",1.46333999871299,27.5036666666667,"stan",5
"bou_cur29_t3_ch5",1.82212427214819,27.49694,"stan",5
"bou_cur29_t3_ch5",1.79021870352945,27.5005111111111,"stan",5
"bou_cur29_t3_ch5",1.80281423525526,27.49402,"stan",5
"bou_cur29_t3_ch5",1.83848045489719,27.4913888888889,"stan",5
"bou_cur29_t3_ch5",2.44311948958987,27.49021,"stan",5
"bou_cur29_t3_ch5",0.679437684656275,27.4872333333333,"stan",5
"bou_cur29_t3_ch5",2.4836062321301,27.49051,"stan",5
"bou_cur29_t3_ch5",1.01394854390542,27.4920222222222,"stan",5
"bou_cur30_t3_ch5",0.90466170389434,19.90894,"stan",5
"bou_cur30_t3_ch5",0.939126974942674,19.9099111111111,"stan",5
"bou_cur30_t3_ch5",1.07919487295313,19.92593,"stan",5
"bou_cur30_t3_ch5",0.936028622970455,19.9304777777778,"stan",5
"bou_cur30_t3_ch5",1.11436941755129,19.94507,"stan",5
"bou_cur30_t3_ch5",0.867358997484727,19.9553333333333,"stan",5
"bou_cur30_t3_ch5",0.905922297937541,19.96512,"stan",5
"bou_cur30_t3_ch5",1.00836400702283,19.9683111111111,"stan",5
"bou_cur30_t3_ch5",0.837915710839203,19.9881,"stan",5
"bou_cur30_t3_ch5",0.977563246681671,19.9858222222222,"stan",5
"bou_cur30_t3_ch5",0.919160137850391,19.99199,"stan",5
"bou_cur30_t3_ch5",1.04505264036141,19.9990888888889,"stan",5
"bou_cur30_t3_ch5",1.3077068499733,27.508,"stan",5
"bou_cur30_t3_ch5",1.19140848391747,27.5135333333333,"stan",5
"bou_cur30_t3_ch5",1.13631563197049,27.5109,"stan",5
"bou_cur30_t3_ch5",1.22013417403024,27.5098111111111,"stan",5
"bou_cur30_t3_ch5",1.51342280954885,27.51125,"stan",5
"bou_cur30_t3_ch5",1.20401154639971,27.5089111111111,"stan",5
"bou_cur30_t3_ch5",1.44663227238454,27.51215,"stan",5
"bou_cur30_t3_ch5",1.26612673054183,27.5064555555556,"stan",5
"bou_cur30_t3_ch5",1.19984651060113,27.50875,"stan",5
"bou_cur30_t3_ch5",1.57372276031354,27.4957333333333,"stan",5
"bou_cur30_t3_ch5",1.24327449395598,27.49195,"stan",5
"bou_cur30_t3_ch5",1.20188747278666,27.4967,"stan",5
"bou_cur31_t4_ch5",0.986665240712095,19.98996,"stan",5
"bou_cur31_t4_ch5",0.968616543291013,19.9911666666667,"stan",5
"bou_cur31_t4_ch5",1.02603841229585,19.99659,"stan",5
"bou_cur31_t4_ch5",1.09823191610296,19.9925222222222,"stan",5
"bou_cur31_t4_ch5",0.765447200883314,19.98966,"stan",5
"bou_cur31_t4_ch5",1.08215818635511,19.9786111111111,"stan",5
"bou_cur31_t4_ch5",1.04004667167535,19.9877,"stan",5
"bou_cur31_t4_ch5",0.881897843047692,19.9877777777778,"stan",5
"bou_cur31_t4_ch5",0.77093622515214,19.99011,"stan",5
"bou_cur31_t4_ch5",0.836586000219429,19.9804111111111,"stan",5
"bou_cur31_t4_ch5",1.06206056681686,19.97911,"stan",5
"bou_cur31_t4_ch5",0.880812344674581,19.9789444444444,"stan",5
"bou_cur31_t4_ch5",1.59349699982435,27.5144090909091,"stan",5
"bou_cur31_t4_ch5",1.43721503398006,27.5132,"stan",5
"bou_cur31_t4_ch5",1.45100710734304,27.51815,"stan",5
"bou_cur31_t4_ch5",1.31512623178129,27.5177222222222,"stan",5
"bou_cur31_t4_ch5",1.21007357956986,27.51762,"stan",5
"bou_cur31_t4_ch5",1.16852399054766,27.5117444444444,"stan",5
"bou_cur31_t4_ch5",1.03771827112308,27.50375,"stan",5
"bou_cur31_t4_ch5",1.3122899478068,27.4965444444444,"stan",5
"bou_cur31_t4_ch5",1.37967039269785,27.51016,"stan",5
"bou_cur31_t4_ch5",0.948046865073759,27.5129666666667,"stan",5
"bou_cur31_t4_ch5",1.98125203283724,27.51943,"stan",5
"bou_cur31_t4_ch5",1.21377861479088,27.5235222222222,"stan",5
"bou_cur31_t4_ch5",0.0934443199175876,19.9936090909091,"stan",5
"bou_cur31_t4_ch5",0.373301900297143,19.9923444444444,"stan",5
"bou_cur31_t4_ch5",NA,19.99533,"stan",5
"bou_cur31_t4_ch5",0.17310504319743,19.9936777777778,"stan",5
"bou_cur31_t4_ch5",0.0419622267216709,19.99562,"stan",5
"bou_cur31_t4_ch5",0.328039191571326,19.9876444444444,"stan",5
"bou_cur31_t4_ch5",0.0295558568526942,20.00611,"stan",5
"bou_cur31_t4_ch5",0.182137715627748,20.0011333333333,"stan",5
"bou_cur31_t4_ch5",0.174436737600157,19.99943,"stan",5
"bou_cur31_t4_ch5",0.183331380190892,19.9889333333333,"stan",5
"bou_cur31_t4_ch5",0.213019414748956,20.00755,"stan",5
"bou_cur31_t4_ch5",0.184849580659082,20.0045555555556,"stan",5
"bou_cur32_t4_ch5",1.33097851225238,20.0058181818182,"stan",5
"bou_cur32_t4_ch5",1.56957952613321,20.0051,"stan",5
"bou_cur32_t4_ch5",1.53871145878728,20.01478,"stan",5
"bou_cur32_t4_ch5",1.36712557268592,20.0023777777778,"stan",5
"bou_cur32_t4_ch5",1.50378218740058,20.00959,"stan",5
"bou_cur32_t4_ch5",1.40654585757027,20.0017444444444,"stan",5
"bou_cur32_t4_ch5",1.27995505054029,19.99814,"stan",5
"bou_cur32_t4_ch5",1.39621704034755,19.9950888888889,"stan",5
"bou_cur32_t4_ch5",1.32816536669779,19.99829,"stan",5
"bou_cur32_t4_ch5",1.37862088675359,20.0022666666667,"stan",5
"bou_cur32_t4_ch5",1.47796807304378,20.00471,"stan",5
"bou_cur32_t4_ch5",1.51832663426362,20.0037777777778,"stan",5
"bou_cur32_t4_ch5",1.27158831144543,27.4986181818182,"stan",5
"bou_cur32_t4_ch5",1.31265173878043,27.5074555555556,"stan",5
"bou_cur32_t4_ch5",1.45588363841766,27.51654,"stan",5
"bou_cur32_t4_ch5",1.02016745466328,27.5142111111111,"stan",5
"bou_cur32_t4_ch5",1.44098799072145,27.50593,"stan",5
"bou_cur32_t4_ch5",1.36219146569774,27.5181777777778,"stan",5
"bou_cur32_t4_ch5",1.18613516932653,27.50754,"stan",5
"bou_cur32_t4_ch5",1.16794732197214,27.5029111111111,"stan",5
"bou_cur32_t4_ch5",1.32447323347543,27.50405,"stan",5
"bou_cur32_t4_ch5",1.41081503577732,27.5059333333333,"stan",5
"bou_cur32_t4_ch5",1.37817727814215,27.4972,"stan",5
"bou_cur32_t4_ch5",1.61223987604902,27.4904555555556,"stan",5
"ely_can25_t1_ch5",0.723695728535589,21.6956636363636,"ozzie",5
"ely_can25_t1_ch5",0.488057546105857,22.605175,"ozzie",5
"ely_can25_t1_ch5",0.716762258992214,22.64313,"ozzie",5
"ely_can25_t1_ch5",0.498612850102356,21.9608777777778,"ozzie",5
"ely_can25_t1_ch5",0.588208945546326,21.78098,"ozzie",5
"ely_can25_t1_ch5",0.610691339068762,21.7320555555556,"ozzie",5
"ely_can25_t1_ch5",0.603272724621072,21.71486,"ozzie",5
"ely_can25_t1_ch5",0.679558086579156,21.7058888888889,"ozzie",5
"ely_can25_t1_ch5",0.612627312092604,21.70842,"ozzie",5
"ely_can25_t1_ch5",0.462828840230542,21.7074777777778,"ozzie",5
"ely_can25_t1_ch5",0.540411193177828,21.70243,"ozzie",5
"ely_can25_t1_ch5",0.459642950318657,21.6997444444444,"ozzie",5
"ely_can25_t1_ch5",1.14017066409179,27.50986,"ozzie",5
"ely_can25_t1_ch5",0.997183479587268,28.2334,"ozzie",5
"ely_can25_t1_ch5",0.995818295868609,28.44327,"ozzie",5
"ely_can25_t1_ch5",1.04428025524811,27.7674,"ozzie",5
"ely_can25_t1_ch5",1.01324102904841,27.59736,"ozzie",5
"ely_can25_t1_ch5",1.05644101284565,27.5491,"ozzie",5
"ely_can25_t1_ch5",0.993385238020514,27.53912,"ozzie",5
"ely_can25_t1_ch5",1.00940772696988,27.5235111111111,"ozzie",5
"ely_can25_t1_ch5",0.988043169013852,27.51885,"ozzie",5
"ely_can25_t1_ch5",0.901243277859866,27.5080888888889,"ozzie",5
"ely_can25_t1_ch5",1.05416683928578,27.51236,"ozzie",5
"ely_can25_t1_ch5",1.03282293626225,27.5119,"ozzie",5
"ely_can26_t1_ch5",0.190313057395694,19.9948545454545,"ozzie",5
"ely_can26_t1_ch5",0.415871857583955,20.57182,"ozzie",5
"ely_can26_t1_ch5",0.405166259885208,20.68571,"ozzie",5
"ely_can26_t1_ch5",0.291363838878235,20.1806555555556,"ozzie",5
"ely_can26_t1_ch5",0.310078565282659,20.06209,"ozzie",5
"ely_can26_t1_ch5",0.168137375492469,20.0342222222222,"ozzie",5
"ely_can26_t1_ch5",0.287185107064521,20.02206,"ozzie",5
"ely_can26_t1_ch5",0.312862635894379,20.0186555555556,"ozzie",5
"ely_can26_t1_ch5",0.176098373075733,20.01382,"ozzie",5
"ely_can26_t1_ch5",0.33027018455162,20.0071777777778,"ozzie",5
"ely_can26_t1_ch5",0.266899228335371,19.99392,"ozzie",5
"ely_can26_t1_ch5",0.167918793885956,19.9900777777778,"ozzie",5
"ely_can26_t1_ch5",0.642401681660913,27.5051818181818,"ozzie",5
"ely_can26_t1_ch5",0.601703966643253,28.1277333333333,"ozzie",5
"ely_can26_t1_ch5",0.650516245739766,28.20129,"ozzie",5
"ely_can26_t1_ch5",0.63747937361493,27.6931444444444,"ozzie",5
"ely_can26_t1_ch5",0.528250788908153,27.576,"ozzie",5
"ely_can26_t1_ch5",0.527324622742584,27.5534666666667,"ozzie",5
"ely_can26_t1_ch5",0.501698591214152,27.53552,"ozzie",5
"ely_can26_t1_ch5",0.506311742624536,27.5314333333333,"ozzie",5
"ely_can26_t1_ch5",0.643491860637647,27.52691,"ozzie",5
"ely_can26_t1_ch5",0.482617143206115,27.5281888888889,"ozzie",5
"ely_can26_t1_ch5",0.564069440126884,27.51658,"ozzie",5
"ely_can26_t1_ch5",0.546340916747972,27.5124888888889,"ozzie",5
"ely_can27_t2_ch5",0.885867702082124,19.95036,"ozzie",5
"ely_can27_t2_ch5",0.896876621810129,20.8136833333333,"ozzie",5
"ely_can27_t2_ch5",0.59290217090178,20.88112,"ozzie",5
"ely_can27_t2_ch5",0.634088084072318,20.2463111111111,"ozzie",5
"ely_can27_t2_ch5",0.534666368733943,20.07731,"ozzie",5
"ely_can27_t2_ch5",0.923986549433574,20.0237333333333,"ozzie",5
"ely_can27_t2_ch5",0.330448671412898,20.02655,"ozzie",5
"ely_can27_t2_ch5",0.411137554658089,20.0245111111111,"ozzie",5
"ely_can27_t2_ch5",0.641336445864071,20.02585,"ozzie",5
"ely_can27_t2_ch5",0.538114910875384,20.0105666666667,"ozzie",5
"ely_can27_t2_ch5",0.715367931169791,20.01184,"ozzie",5
"ely_can27_t2_ch5",0.476578422901477,20.0161333333333,"ozzie",5
"ely_can27_t2_ch5",1.37352044430772,27.5090909090909,"ozzie",5
"ely_can27_t2_ch5",1.27638733445426,28.3471333333333,"ozzie",5
"ely_can27_t2_ch5",1.6987812585514,28.39406,"ozzie",5
"ely_can27_t2_ch5",1.15544242582663,27.7952222222222,"ozzie",5
"ely_can27_t2_ch5",1.44271766177792,27.6302,"ozzie",5
"ely_can27_t2_ch5",1.2165532988293,27.5737555555556,"ozzie",5
"ely_can27_t2_ch5",1.4581491063814,27.55215,"ozzie",5
"ely_can27_t2_ch5",1.35646443678445,27.5488,"ozzie",5
"ely_can27_t2_ch5",1.49581239526065,27.53612,"ozzie",5
"ely_can27_t2_ch5",1.28403288490888,27.5310111111111,"ozzie",5
"ely_can27_t2_ch5",1.33751038493368,27.53561,"ozzie",5
"ely_can27_t2_ch5",1.29834819740393,27.5221555555556,"ozzie",5
"ely_can28_t2_ch5",0.557239114467415,19.9364,"ozzie",5
"ely_can28_t2_ch5",0.791946442941462,20.7112,"ozzie",5
"ely_can28_t2_ch5",0.615499026965666,20.75824,"ozzie",5
"ely_can28_t2_ch5",0.70739076367396,20.2319,"ozzie",5
"ely_can28_t2_ch5",0.443780904765075,20.07572,"ozzie",5
"ely_can28_t2_ch5",0.699659920494077,20.0249444444444,"ozzie",5
"ely_can28_t2_ch5",0.644294687424665,20.02187,"ozzie",5
"ely_can28_t2_ch5",0.665578724516147,20.0179444444444,"ozzie",5
"ely_can28_t2_ch5",0.479917796277602,20.02808,"ozzie",5
"ely_can28_t2_ch5",0.501045166519605,20.0284333333333,"ozzie",5
"ely_can28_t2_ch5",0.677480359954094,20.02903,"ozzie",5
"ely_can28_t2_ch5",0.53402287827997,20.0219,"ozzie",5
"ely_can28_t2_ch5",1.16664249267582,27.51353,"ozzie",5
"ely_can28_t2_ch5",1.12096858039103,28.26365,"ozzie",5
"ely_can28_t2_ch5",1.05155169309027,28.28073,"ozzie",5
"ely_can28_t2_ch5",1.18085909401989,27.7558444444444,"ozzie",5
"ely_can28_t2_ch5",1.11078233471317,27.59847,"ozzie",5
"ely_can28_t2_ch5",1.07380703137948,27.5377,"ozzie",5
"ely_can28_t2_ch5",1.0878786784991,27.52306,"ozzie",5
"ely_can28_t2_ch5",1.26106886607213,27.5180666666667,"ozzie",5
"ely_can28_t2_ch5",1.11976363141686,27.51585,"ozzie",5
"ely_can28_t2_ch5",1.13622905917409,27.5023666666667,"ozzie",5
"ely_can28_t2_ch5",1.15669341556662,27.49787,"ozzie",5
"ely_can28_t2_ch5",1.22458718150648,27.5038777777778,"ozzie",5
"ely_can29_t3_ch5",0.115563618047651,20.01003,"ozzie",5
"ely_can29_t3_ch5",0.299265069419524,21.0019875,"ozzie",5
"ely_can29_t3_ch5",0.304009243513281,20.80586,"ozzie",5
"ely_can29_t3_ch5",0.221263880737201,20.1676777777778,"ozzie",5
"ely_can29_t3_ch5",0.261270668823847,20.06331,"ozzie",5
"ely_can29_t3_ch5",0.269432399846921,20.0474333333333,"ozzie",5
"ely_can29_t3_ch5",0.2920445010076,20.03784,"ozzie",5
"ely_can29_t3_ch5",0.25868617629461,20.0241222222222,"ozzie",5
"ely_can29_t3_ch5",0.248780075006439,20.01825,"ozzie",5
"ely_can29_t3_ch5",0.0696641066927987,20.0179777777778,"ozzie",5
"ely_can29_t3_ch5",0.131657474011878,20.01143,"ozzie",5
"ely_can29_t3_ch5",0.379229017373281,20.0081888888889,"ozzie",5
"ely_can29_t3_ch5",0.748986015655024,27.5687,"ozzie",5
"ely_can29_t3_ch5",0.936715668656669,28.2241666666667,"ozzie",5
"ely_can29_t3_ch5",0.802847138856598,28.27469,"ozzie",5
"ely_can29_t3_ch5",0.877392910711629,27.7150444444444,"ozzie",5
"ely_can29_t3_ch5",0.814294507510047,27.60708,"ozzie",5
"ely_can29_t3_ch5",0.78736935156704,27.5823444444444,"ozzie",5
"ely_can29_t3_ch5",0.629706399548126,27.57434,"ozzie",5
"ely_can29_t3_ch5",0.883545650201566,27.5715,"ozzie",5
"ely_can29_t3_ch5",0.703497238809944,27.56475,"ozzie",5
"ely_can29_t3_ch5",0.811822836699233,27.5555,"ozzie",5
"ely_can29_t3_ch5",0.712332514997248,27.53654,"ozzie",5
"ely_can29_t3_ch5",0.988050759430162,27.5231,"ozzie",5
"ely_can30_t3_ch5",0.423549512676653,20.0174909090909,"ozzie",5
"ely_can30_t3_ch5",0.274854026327639,20.84855,"ozzie",5
"ely_can30_t3_ch5",0.264577968412398,21.00377,"ozzie",5
"ely_can30_t3_ch5",0.453264510018233,20.3282111111111,"ozzie",5
"ely_can30_t3_ch5",0.408733587795557,20.1202,"ozzie",5
"ely_can30_t3_ch5",0.248136306810134,20.0505444444444,"ozzie",5
"ely_can30_t3_ch5",0.309817044321706,20.0423,"ozzie",5
"ely_can30_t3_ch5",0.259298901913777,20.0305111111111,"ozzie",5
"ely_can30_t3_ch5",0.28786723967149,20.02457,"ozzie",5
"ely_can30_t3_ch5",0.243875065982834,20.0188888888889,"ozzie",5
"ely_can30_t3_ch5",0.338176962358762,20.00965,"ozzie",5
"ely_can30_t3_ch5",0.432979496167641,19.9968111111111,"ozzie",5
"ely_can30_t3_ch5",0.971937675194677,27.51976,"ozzie",5
"ely_can30_t3_ch5",0.919071126161894,28.3491333333333,"ozzie",5
"ely_can30_t3_ch5",0.856351430474226,28.49657,"ozzie",5
"ely_can30_t3_ch5",1.11843158924347,27.8319666666667,"ozzie",5
"ely_can30_t3_ch5",0.9328174160088,27.61205,"ozzie",5
"ely_can30_t3_ch5",0.942042736691051,27.5505666666667,"ozzie",5
"ely_can30_t3_ch5",1.05644466407026,27.53676,"ozzie",5
"ely_can30_t3_ch5",0.966740496912715,27.5285555555556,"ozzie",5
"ely_can30_t3_ch5",0.899882989423779,27.517,"ozzie",5
"ely_can30_t3_ch5",1.04830043760132,27.5043111111111,"ozzie",5
"ely_can30_t3_ch5",0.990561925837869,27.50128,"ozzie",5
"ely_can30_t3_ch5",0.975002200539282,27.4967444444444,"ozzie",5
"ely_can31_t4_ch5",0.465686805479236,19.9841,"ozzie",5
"ely_can31_t4_ch5",0.534027988854155,20.6915666666667,"ozzie",5
"ely_can31_t4_ch5",0.562391243454769,20.59686,"ozzie",5
"ely_can31_t4_ch5",0.504424912564909,20.1103111111111,"ozzie",5
"ely_can31_t4_ch5",0.503954760520032,20.04258,"ozzie",5
"ely_can31_t4_ch5",0.526851180985587,20.0164222222222,"ozzie",5
"ely_can31_t4_ch5",0.403819532045713,20.01831,"ozzie",5
"ely_can31_t4_ch5",0.608695733637166,20.0168666666667,"ozzie",5
"ely_can31_t4_ch5",0.45066123980429,20.00647,"ozzie",5
"ely_can31_t4_ch5",0.465085756075176,20.0005888888889,"ozzie",5
"ely_can31_t4_ch5",0.484952264330022,19.98775,"ozzie",5
"ely_can31_t4_ch5",0.468728100440262,19.9702333333333,"ozzie",5
"ely_can31_t4_ch5",0.8910870379489,27.4985454545455,"ozzie",5
"ely_can31_t4_ch5",0.737712895469259,28.2071,"ozzie",5
"ely_can31_t4_ch5",0.831360389617372,28.08699,"ozzie",5
"ely_can31_t4_ch5",0.800394437102022,27.6330444444444,"ozzie",5
"ely_can31_t4_ch5",0.80533622252768,27.55108,"ozzie",5
"ely_can31_t4_ch5",0.744215464295621,27.5283777777778,"ozzie",5
"ely_can31_t4_ch5",0.851182191757297,27.50851,"ozzie",5
"ely_can31_t4_ch5",0.795551242875885,27.5015555555556,"ozzie",5
"ely_can31_t4_ch5",0.785939357836303,27.48401,"ozzie",5
"ely_can31_t4_ch5",0.869441959210364,27.4777111111111,"ozzie",5
"ely_can31_t4_ch5",0.79616642934249,27.47077,"ozzie",5
"ely_can31_t4_ch5",0.760962043595663,27.4711777777778,"ozzie",5
"ely_can32_t4_ch5",0.285181840854694,20.0214363636364,"ozzie",5
"ely_can32_t4_ch5",0.531256865266483,20.933875,"ozzie",5
"ely_can32_t4_ch5",0.476321528051124,20.90081,"ozzie",5
"ely_can32_t4_ch5",0.529786593403859,20.2367,"ozzie",5
"ely_can32_t4_ch5",0.595189612057692,20.08554,"ozzie",5
"ely_can32_t4_ch5",0.41562975294349,20.0456,"ozzie",5
"ely_can32_t4_ch5",0.295139784466581,20.04085,"ozzie",5
"ely_can32_t4_ch5",0.862675226262084,20.0319888888889,"ozzie",5
"ely_can32_t4_ch5",0.623303110722617,20.04056,"ozzie",5
"ely_can32_t4_ch5",0.391754410567269,20.0226444444444,"ozzie",5
"ely_can32_t4_ch5",0.171680292044264,20.01313,"ozzie",5
"ely_can32_t4_ch5",0.267460624961778,20.0092,"ozzie",5
"ely_can32_t4_ch5",0.650293076441714,27.5218272727273,"ozzie",5
"ely_can32_t4_ch5",1.03091319253022,28.26446,"ozzie",5
"ely_can32_t4_ch5",1.0441228791788,28.38075,"ozzie",5
"ely_can32_t4_ch5",0.959353897508115,27.7379111111111,"ozzie",5
"ely_can32_t4_ch5",0.727690537303207,27.58624,"ozzie",5
"ely_can32_t4_ch5",0.9374833346818,27.5507222222222,"ozzie",5
"ely_can32_t4_ch5",0.835267900073723,27.54044,"ozzie",5
"ely_can32_t4_ch5",0.686500134286402,27.5372222222222,"ozzie",5
"ely_can32_t4_ch5",0.750005317846675,27.53061,"ozzie",5
"ely_can32_t4_ch5",0.978819757532726,27.5243,"ozzie",5
"ely_can32_t4_ch5",0.819405038946608,27.51731,"ozzie",5
"ely_can32_t4_ch5",0.878920623369609,27.5178666666667,"ozzie",5
"pas_smi25_t1_ch5",0.544643522095423,19.98457,"gibson",5
"pas_smi25_t1_ch5",1.24418955740703,19.9872666666667,"gibson",5
"pas_smi25_t1_ch5",0.979661078052067,19.98441,"gibson",5
"pas_smi25_t1_ch5",0.997767567708856,19.9879444444444,"gibson",5
"pas_smi25_t1_ch5",1.14334582455217,19.98939,"gibson",5
"pas_smi25_t1_ch5",0.577293054517525,19.9877666666667,"gibson",5
"pas_smi25_t1_ch5",1.14794144840654,19.98498,"gibson",5
"pas_smi25_t1_ch5",0.511734280738411,19.9873666666667,"gibson",5
"pas_smi25_t1_ch5",0.633539017528618,19.99224,"gibson",5
"pas_smi25_t1_ch5",0.96030645245568,19.9919111111111,"gibson",5
"pas_smi25_t1_ch5",0.664213852404588,19.99813,"gibson",5
"pas_smi25_t1_ch5",0.880329285162738,20.0067888888889,"gibson",5
"pas_smi25_t1_ch5",1.34748685333648,27.4843,"gibson",5
"pas_smi25_t1_ch5",1.20289920353751,27.4860444444444,"gibson",5
"pas_smi25_t1_ch5",1.12401193623935,27.48621,"gibson",5
"pas_smi25_t1_ch5",1.59388187720923,27.4913111111111,"gibson",5
"pas_smi25_t1_ch5",1.81446578894805,27.48906,"gibson",5
"pas_smi25_t1_ch5",1.45950899672221,27.4866,"gibson",5
"pas_smi25_t1_ch5",2.02313646254808,27.48686,"gibson",5
"pas_smi25_t1_ch5",1.6181800126595,27.4953222222222,"gibson",5
"pas_smi25_t1_ch5",1.7140250514915,27.49793,"gibson",5
"pas_smi25_t1_ch5",0.836398898944632,27.4994777777778,"gibson",5
"pas_smi25_t1_ch5",1.73310463641538,27.49946,"gibson",5
"pas_smi25_t1_ch5",1.16026070153333,27.4902,"gibson",5
"pas_smi26_t1_ch5",0.811456338290625,19.98763,"gibson",5
"pas_smi26_t1_ch5",0.980276699687085,19.9837444444444,"gibson",5
"pas_smi26_t1_ch5",1.03853455484253,19.98219,"gibson",5
"pas_smi26_t1_ch5",1.26246231944209,19.9838333333333,"gibson",5
"pas_smi26_t1_ch5",0.638648017649412,19.98393,"gibson",5
"pas_smi26_t1_ch5",0.71855036553045,19.9767111111111,"gibson",5
"pas_smi26_t1_ch5",1.08659035493089,19.97685,"gibson",5
"pas_smi26_t1_ch5",0.966706486536096,19.9880222222222,"gibson",5
"pas_smi26_t1_ch5",1.06749133317227,19.99334,"gibson",5
"pas_smi26_t1_ch5",0.896227188119826,19.9926888888889,"gibson",5
"pas_smi26_t1_ch5",0.471012468344754,19.98802,"gibson",5
"pas_smi26_t1_ch5",0.987381434056798,19.9857666666667,"gibson",5
"pas_smi26_t1_ch5",1.1928347400963,27.5024272727273,"gibson",5
"pas_smi26_t1_ch5",1.22529037602354,27.5075555555556,"gibson",5
"pas_smi26_t1_ch5",1.30108324505765,27.50953,"gibson",5
"pas_smi26_t1_ch5",1.29709302130394,27.5167333333333,"gibson",5
"pas_smi26_t1_ch5",1.34117541921201,27.50782,"gibson",5
"pas_smi26_t1_ch5",1.06961157266774,27.5126,"gibson",5
"pas_smi26_t1_ch5",1.29880049457244,27.50623,"gibson",5
"pas_smi26_t1_ch5",1.34079072768097,27.5061,"gibson",5
"pas_smi26_t1_ch5",1.15944712511622,27.49875,"gibson",5
"pas_smi26_t1_ch5",1.18555741982465,27.4999333333333,"gibson",5
"pas_smi26_t1_ch5",1.70359469496554,27.49164,"gibson",5
"pas_smi26_t1_ch5",1.1544233252981,27.5010333333333,"gibson",5
"pas_smi27_t2_ch5",1.64512925151442,19.98527,"gibson",5
"pas_smi27_t2_ch5",1.6245203009117,19.9925888888889,"gibson",5
"pas_smi27_t2_ch5",1.88154790200502,19.99663,"gibson",5
"pas_smi27_t2_ch5",1.77106142750079,19.9928222222222,"gibson",5
"pas_smi27_t2_ch5",1.71195995393873,19.99436,"gibson",5
"pas_smi27_t2_ch5",1.89523924606628,19.9876222222222,"gibson",5
"pas_smi27_t2_ch5",1.85521112098277,19.99088,"gibson",5
"pas_smi27_t2_ch5",1.89879284131502,19.9963,"gibson",5
"pas_smi27_t2_ch5",1.49413377359979,19.99238,"gibson",5
"pas_smi27_t2_ch5",1.43610225997749,19.9918333333333,"gibson",5
"pas_smi27_t2_ch5",1.97082405180747,19.99075,"gibson",5
"pas_smi27_t2_ch5",1.88564738357258,19.9871333333333,"gibson",5
"pas_smi27_t2_ch5",2.98353921240162,27.49435,"gibson",5
"pas_smi27_t2_ch5",2.7140361568689,27.5011,"gibson",5
"pas_smi27_t2_ch5",3.12540075200708,27.49399,"gibson",5
"pas_smi27_t2_ch5",2.69519989345528,27.5023,"gibson",5
"pas_smi27_t2_ch5",3.36542241599777,27.4977,"gibson",5
"pas_smi27_t2_ch5",2.58951260838703,27.4954777777778,"gibson",5
"pas_smi27_t2_ch5",2.63273551275467,27.49672,"gibson",5
"pas_smi27_t2_ch5",2.89239699352769,27.4847777777778,"gibson",5
"pas_smi27_t2_ch5",2.40987954927681,27.47469,"gibson",5
"pas_smi27_t2_ch5",2.62869561748815,27.4695111111111,"gibson",5
"pas_smi27_t2_ch5",3.02143987432299,27.46929,"gibson",5
"pas_smi27_t2_ch5",2.86144190112301,27.4751333333333,"gibson",5
"pas_smi28_t2_ch5",0.821738146425497,19.94633,"gibson",5
"pas_smi28_t2_ch5",1.46995969003152,19.9518222222222,"gibson",5
"pas_smi28_t2_ch5",1.81918136499805,19.94396,"gibson",5
"pas_smi28_t2_ch5",1.56645395147736,19.9461,"gibson",5
"pas_smi28_t2_ch5",0.917745124836845,19.9533,"gibson",5
"pas_smi28_t2_ch5",1.31572998533968,19.9472111111111,"gibson",5
"pas_smi28_t2_ch5",1.56782627997563,19.95271,"gibson",5
"pas_smi28_t2_ch5",1.74733671817954,19.9567555555556,"gibson",5
"pas_smi28_t2_ch5",0.631144087600421,19.95867,"gibson",5
"pas_smi28_t2_ch5",1.20329960664117,19.9696555555556,"gibson",5
"pas_smi28_t2_ch5",1.95618579625555,19.96946,"gibson",5
"pas_smi28_t2_ch5",1.04693692162248,19.9785333333333,"gibson",5
"pas_smi28_t2_ch5",1.96250559017073,27.48752,"gibson",5
"pas_smi28_t2_ch5",1.27877748291187,27.5049444444444,"gibson",5
"pas_smi28_t2_ch5",1.45816566503881,27.50266,"gibson",5
"pas_smi28_t2_ch5",1.67729656086833,27.5008666666667,"gibson",5
"pas_smi28_t2_ch5",1.22734148157163,27.50588,"gibson",5
"pas_smi28_t2_ch5",1.50272318964001,27.5035333333333,"gibson",5
"pas_smi28_t2_ch5",0.703413337442258,27.50032,"gibson",5
"pas_smi28_t2_ch5",1.80649490874277,27.5,"gibson",5
"pas_smi28_t2_ch5",1.30979894534771,27.49687,"gibson",5
"pas_smi28_t2_ch5",0.39831993250998,27.5001777777778,"gibson",5
"pas_smi28_t2_ch5",2.06309374190344,27.49878,"gibson",5
"pas_smi28_t2_ch5",1.30388864427328,27.5008444444444,"gibson",5
"pas_smi29_t3_ch5",0.508429817558681,20.0000727272727,"gibson",5
"pas_smi29_t3_ch5",0.514031080313425,20.0302444444444,"gibson",5
"pas_smi29_t3_ch5",2.63183033702628,20.06993,"gibson",5
"pas_smi29_t3_ch5",1.2687212763765,20.047,"gibson",5
"pas_smi29_t3_ch5",0.644385314910935,20.02229,"gibson",5
"pas_smi29_t3_ch5",1.6487214551674,19.9905555555556,"gibson",5
"pas_smi29_t3_ch5",1.43137807270646,19.97657,"gibson",5
"pas_smi29_t3_ch5",0.663223069957255,19.9565888888889,"gibson",5
"pas_smi29_t3_ch5",1.066766522697,19.94466,"gibson",5
"pas_smi29_t3_ch5",2.14756512554651,19.9446888888889,"gibson",5
"pas_smi29_t3_ch5",0.0955459526645111,19.94217,"gibson",5
"pas_smi29_t3_ch5",1.13453456079499,19.933,"gibson",5
"pas_smi29_t3_ch5",1.29583531653826,27.5020454545455,"gibson",5
"pas_smi29_t3_ch5",1.92064552567088,27.5003222222222,"gibson",5
"pas_smi29_t3_ch5",NA,27.50477,"gibson",5
"pas_smi29_t3_ch5",6.45949992638331,27.4966666666667,"gibson",5
"pas_smi29_t3_ch5",2.61507372791272,27.50419,"gibson",5
"pas_smi29_t3_ch5",0.735048088272085,27.5063666666667,"gibson",5
"pas_smi29_t3_ch5",0.825310633942873,27.51556,"gibson",5
"pas_smi29_t3_ch5",1.9034914216637,27.5109555555556,"gibson",5
"pas_smi29_t3_ch5",1.78459822754468,27.51081,"gibson",5
"pas_smi29_t3_ch5",1.35852471155025,27.5160333333333,"gibson",5
"pas_smi29_t3_ch5",1.47137018263375,27.50609,"gibson",5
"pas_smi29_t3_ch5",1.44944052150063,27.4948333333333,"gibson",5
"pas_smi30_t3_ch5",0.835788244100266,19.9992545454545,"gibson",5
"pas_smi30_t3_ch5",2.82700220946221,19.9997666666667,"gibson",5
"pas_smi30_t3_ch5",2.73323403681383,19.99533,"gibson",5
"pas_smi30_t3_ch5",2.46194634028771,20.0009666666667,"gibson",5
"pas_smi30_t3_ch5",1.74876703515169,20.0006,"gibson",5
"pas_smi30_t3_ch5",1.66380808283543,19.9969666666667,"gibson",5
"pas_smi30_t3_ch5",1.54522620863925,19.99601,"gibson",5
"pas_smi30_t3_ch5",1.41623893555571,19.9950888888889,"gibson",5
"pas_smi30_t3_ch5",2.3251931994159,19.99403,"gibson",5
"pas_smi30_t3_ch5",1.92422427839073,19.9945777777778,"gibson",5
"pas_smi30_t3_ch5",2.4449783809161,20.00002,"gibson",5
"pas_smi30_t3_ch5",1.46628113634225,20.0013555555556,"gibson",5
"pas_smi30_t3_ch5",2.19751205091271,27.5081,"gibson",5
"pas_smi30_t3_ch5",2.86445411646457,27.5159222222222,"gibson",5
"pas_smi30_t3_ch5",1.8935164559917,27.51199,"gibson",5
"pas_smi30_t3_ch5",2.60626278118562,27.5165555555556,"gibson",5
"pas_smi30_t3_ch5",2.09805021207553,27.51887,"gibson",5
"pas_smi30_t3_ch5",2.56635369966901,27.5192111111111,"gibson",5
"pas_smi30_t3_ch5",1.99758776510428,27.52515,"gibson",5
"pas_smi30_t3_ch5",3.04308366310235,27.52,"gibson",5
"pas_smi30_t3_ch5",1.60585033970368,27.51831,"gibson",5
"pas_smi30_t3_ch5",2.48809037208627,27.5224666666667,"gibson",5
"pas_smi30_t3_ch5",2.35007301605237,27.50712,"gibson",5
"pas_smi30_t3_ch5",2.10853385948992,27.5058888888889,"gibson",5
"pas_smi31_t4_ch5",0.756779966402236,19.9893363636364,"gibson",5
"pas_smi31_t4_ch5",1.67871339754602,19.9923444444444,"gibson",5
"pas_smi31_t4_ch5",0.905984772166445,19.99116,"gibson",5
"pas_smi31_t4_ch5",0.640338576980976,19.9989333333333,"gibson",5
"pas_smi31_t4_ch5",1.51480219723157,20.00247,"gibson",5
"pas_smi31_t4_ch5",0.985171277837996,20.0103777777778,"gibson",5
"pas_smi31_t4_ch5",0.988524778593007,20.00098,"gibson",5
"pas_smi31_t4_ch5",0.786347753630625,20.0003222222222,"gibson",5
"pas_smi31_t4_ch5",1.0541838586367,20.00144,"gibson",5
"pas_smi31_t4_ch5",0.925532805545704,20.0119444444444,"gibson",5
"pas_smi31_t4_ch5",0.874106915201781,20.0064,"gibson",5
"pas_smi31_t4_ch5",0.561778482122055,20.0006,"gibson",5
"pas_smi31_t4_ch5",2.64559475745773,27.4915272727273,"gibson",5
"pas_smi31_t4_ch5",2.04578616379797,27.4999888888889,"gibson",5
"pas_smi31_t4_ch5",1.99112377294933,27.50502,"gibson",5
"pas_smi31_t4_ch5",2.84930965421543,27.4957888888889,"gibson",5
"pas_smi31_t4_ch5",1.73780120634036,27.50537,"gibson",5
"pas_smi31_t4_ch5",2.52543638502072,27.4997111111111,"gibson",5
"pas_smi31_t4_ch5",2.11250659686945,27.50059,"gibson",5
"pas_smi31_t4_ch5",1.68356307300675,27.5004555555556,"gibson",5
"pas_smi31_t4_ch5",1.72211544284965,27.50538,"gibson",5
"pas_smi31_t4_ch5",2.41260221491717,27.5150888888889,"gibson",5
"pas_smi31_t4_ch5",1.96452244600424,27.51335,"gibson",5
"pas_smi31_t4_ch5",1.78694765291896,27.5144777777778,"gibson",5
"pas_smi32_t4_ch5",0.631907487328908,19.9822,"gibson",5
"pas_smi32_t4_ch5",0.702672121684336,19.9869666666667,"gibson",5
"pas_smi32_t4_ch5",1.20340691449918,19.98589,"gibson",5
"pas_smi32_t4_ch5",0.764230401363288,19.9779,"gibson",5
"pas_smi32_t4_ch5",0.967707650806968,19.98924,"gibson",5
"pas_smi32_t4_ch5",1.05368687557159,19.9925222222222,"gibson",5
"pas_smi32_t4_ch5",0.781194844635722,19.98974,"gibson",5
"pas_smi32_t4_ch5",0.961224742620278,19.9872444444444,"gibson",5
"pas_smi32_t4_ch5",1.12037411456575,19.99504,"gibson",5
"pas_smi32_t4_ch5",0.615851822320846,19.9820888888889,"gibson",5
"pas_smi32_t4_ch5",0.808888630335692,19.98566,"gibson",5
"pas_smi32_t4_ch5",0.55189786381502,20.0014222222222,"gibson",5
"pas_smi32_t4_ch5",2.48117108866332,27.4806272727273,"gibson",5
"pas_smi32_t4_ch5",2.1184508482774,27.4949111111111,"gibson",5
"pas_smi32_t4_ch5",1.28128308661219,27.48965,"gibson",5
"pas_smi32_t4_ch5",2.8302360243963,27.4964111111111,"gibson",5
"pas_smi32_t4_ch5",2.27972782622408,27.50047,"gibson",5
"pas_smi32_t4_ch5",1.92705639980303,27.4956555555556,"gibson",5
"pas_smi32_t4_ch5",1.77474815484103,27.50694,"gibson",5
"pas_smi32_t4_ch5",2.16455023163874,27.5020555555556,"gibson",5
"pas_smi32_t4_ch5",2.73326111773127,27.49893,"gibson",5
"pas_smi32_t4_ch5",2.32873539107179,27.5133111111111,"gibson",5
"pas_smi32_t4_ch5",1.88945396322919,27.51034,"gibson",5
"pas_smi32_t4_ch5",1.91729074289613,27.5167444444444,"gibson",5
"poa_pra25_t1_ch5",0.413473572204856,19.99766,"stan",5
"poa_pra25_t1_ch5",0.648874803171963,19.9999666666667,"stan",5
"poa_pra25_t1_ch5",0.692435538331777,19.99066,"stan",5
"poa_pra25_t1_ch5",0.433360064916793,19.9954888888889,"stan",5
"poa_pra25_t1_ch5",0.649605923308346,19.99338,"stan",5
"poa_pra25_t1_ch5",0.432370153266948,19.9970444444444,"stan",5
"poa_pra25_t1_ch5",0.550475026156787,19.98759,"stan",5
"poa_pra25_t1_ch5",0.499139850386639,19.9847777777778,"stan",5
"poa_pra25_t1_ch5",0.656689163019733,19.99338,"stan",5
"poa_pra25_t1_ch5",1.10374474626698,19.9883333333333,"stan",5
"poa_pra25_t1_ch5",0.352174444150385,19.98249,"stan",5
"poa_pra25_t1_ch5",0.693892124335084,19.9860777777778,"stan",5
"poa_pra25_t1_ch5",1.09985831523827,27.50511,"stan",5
"poa_pra25_t1_ch5",0.912248732321526,27.4979333333333,"stan",5
"poa_pra25_t1_ch5",0.973082829395139,27.48416,"stan",5
"poa_pra25_t1_ch5",1.02444108853603,27.4847666666667,"stan",5
"poa_pra25_t1_ch5",0.951954158763906,27.49023,"stan",5
"poa_pra25_t1_ch5",0.819533795190423,27.4842111111111,"stan",5
"poa_pra25_t1_ch5",0.908685871074948,27.48022,"stan",5
"poa_pra25_t1_ch5",1.0229494872212,27.4815444444444,"stan",5
"poa_pra25_t1_ch5",0.568412273646414,27.49069,"stan",5
"poa_pra25_t1_ch5",0.870856181484293,27.4851555555556,"stan",5
"poa_pra25_t1_ch5",0.556477764176608,27.48817,"stan",5
"poa_pra25_t1_ch5",0.926052339488051,27.4838777777778,"stan",5
"poa_pra26_t1_ch5",0.525635860545203,19.93045,"stan",5
"poa_pra26_t1_ch5",0.497378249844662,19.9477888888889,"stan",5
"poa_pra26_t1_ch5",0.888520634429617,19.94869,"stan",5
"poa_pra26_t1_ch5",0.431486719098377,19.9541,"stan",5
"poa_pra26_t1_ch5",0.954909073004674,19.96524,"stan",5
"poa_pra26_t1_ch5",0.53405716911343,19.9766,"stan",5
"poa_pra26_t1_ch5",1.0070911619774,19.9792,"stan",5
"poa_pra26_t1_ch5",0.453308280941287,19.9881444444444,"stan",5
"poa_pra26_t1_ch5",0.795875386590793,19.99408,"stan",5
"poa_pra26_t1_ch5",0.72314984288651,20.0020777777778,"stan",5
"poa_pra26_t1_ch5",0.714299985045677,20.00591,"stan",5
"poa_pra26_t1_ch5",0.808053172584495,20.0066222222222,"stan",5
"poa_pra26_t1_ch5",0.883986525930354,27.48387,"stan",5
"poa_pra26_t1_ch5",1.21497937682862,27.4909111111111,"stan",5
"poa_pra26_t1_ch5",1.31216870385962,27.49888,"stan",5
"poa_pra26_t1_ch5",0.891705714531639,27.5041111111111,"stan",5
"poa_pra26_t1_ch5",1.3129763584554,27.50625,"stan",5
"poa_pra26_t1_ch5",1.43740780185608,27.5146444444444,"stan",5
"poa_pra26_t1_ch5",1.16500633713314,27.51782,"stan",5
"poa_pra26_t1_ch5",1.35620941808032,27.5080111111111,"stan",5
"poa_pra26_t1_ch5",1.01754078533953,27.5114,"stan",5
"poa_pra26_t1_ch5",1.44507359367841,27.5230111111111,"stan",5
"poa_pra26_t1_ch5",1.08333665776217,27.52377,"stan",5
"poa_pra26_t1_ch5",1.39535191529521,27.5219555555556,"stan",5
"poa_pra27_t2_ch5",0.498814743988959,19.98203,"stan",5
"poa_pra27_t2_ch5",0.47081732112038,19.9828777777778,"stan",5
"poa_pra27_t2_ch5",0.372902553955373,19.99183,"stan",5
"poa_pra27_t2_ch5",0.447183467989193,19.9977333333333,"stan",5
"poa_pra27_t2_ch5",0.645969426811971,19.9897,"stan",5
"poa_pra27_t2_ch5",0.108549320910346,19.9882,"stan",5
"poa_pra27_t2_ch5",0.502072321346476,19.98963,"stan",5
"poa_pra27_t2_ch5",0.209280554815119,19.9970555555556,"stan",5
"poa_pra27_t2_ch5",0.480278731481162,19.98876,"stan",5
"poa_pra27_t2_ch5",0.516258451416176,19.9946666666667,"stan",5
"poa_pra27_t2_ch5",0.498126493152495,20.00971,"stan",5
"poa_pra27_t2_ch5",0.405995705961733,20.0036333333333,"stan",5
"poa_pra27_t2_ch5",0.684409809514637,27.5210090909091,"stan",5
"poa_pra27_t2_ch5",0.82870938559925,27.5176333333333,"stan",5
"poa_pra27_t2_ch5",0.539393271568335,27.5174,"stan",5
"poa_pra27_t2_ch5",0.571102978099172,27.5195666666667,"stan",5
"poa_pra27_t2_ch5",0.724633941373607,27.51243,"stan",5
"poa_pra27_t2_ch5",0.715431398123875,27.5138888888889,"stan",5
"poa_pra27_t2_ch5",0.846033195947927,27.50751,"stan",5
"poa_pra27_t2_ch5",0.715547977391436,27.5168333333333,"stan",5
"poa_pra27_t2_ch5",0.88025512417891,27.51313,"stan",5
"poa_pra27_t2_ch5",0.741797529670672,27.4998,"stan",5
"poa_pra27_t2_ch5",1.12773453560864,27.50495,"stan",5
"poa_pra27_t2_ch5",0.811094357172725,27.5083222222222,"stan",5
"poa_pra28_t2_ch5",0.697607003563566,19.9926181818182,"stan",5
"poa_pra28_t2_ch5",0.934280144690921,20.0111222222222,"stan",5
"poa_pra28_t2_ch5",0.970561600588724,20.00931,"stan",5
"poa_pra28_t2_ch5",0.752131626080206,19.9707222222222,"stan",5
"poa_pra28_t2_ch5",0.845900527938436,19.90436,"stan",5
"poa_pra28_t2_ch5",0.819240381076807,19.8601333333333,"stan",5
"poa_pra28_t2_ch5",0.571160283500998,19.82345,"stan",5
"poa_pra28_t2_ch5",0.578077989825055,19.8077555555556,"stan",5
"poa_pra28_t2_ch5",0.748472328960878,19.80575,"stan",5
"poa_pra28_t2_ch5",0.769703291107499,19.8145555555556,"stan",5
"poa_pra28_t2_ch5",0.846692253064969,19.81997,"stan",5
"poa_pra28_t2_ch5",0.716461843660649,19.8204555555556,"stan",5
"poa_pra28_t2_ch5",0.776646975772693,27.5266454545455,"stan",5
"poa_pra28_t2_ch5",0.907963573450431,27.5184333333333,"stan",5
"poa_pra28_t2_ch5",0.795334618373935,27.52328,"stan",5
"poa_pra28_t2_ch5",0.77235517015619,27.5163222222222,"stan",5
"poa_pra28_t2_ch5",0.804706320805345,27.52099,"stan",5
"poa_pra28_t2_ch5",0.737256383491372,27.5049111111111,"stan",5
"poa_pra28_t2_ch5",0.851108144228516,27.50544,"stan",5
"poa_pra28_t2_ch5",0.922024801927062,27.5097888888889,"stan",5
"poa_pra28_t2_ch5",0.935108968253471,27.50257,"stan",5
"poa_pra28_t2_ch5",0.691085712076787,27.5021555555556,"stan",5
"poa_pra28_t2_ch5",0.985742184943309,27.51392,"stan",5
"poa_pra28_t2_ch5",0.894211385934327,27.5348,"stan",5
"poa_pra29_t3_ch5",0.502527972147497,20.0093727272727,"stan",5
"poa_pra29_t3_ch5",0.958807395800456,20.0012888888889,"stan",5
"poa_pra29_t3_ch5",0.603516995197157,19.99756,"stan",5
"poa_pra29_t3_ch5",0.592204057088824,20.0043555555556,"stan",5
"poa_pra29_t3_ch5",0.681127791282914,19.9989,"stan",5
"poa_pra29_t3_ch5",0.739648688710819,19.9966666666667,"stan",5
"poa_pra29_t3_ch5",0.778696895030036,19.98313,"stan",5
"poa_pra29_t3_ch5",0.601999185152692,19.9823333333333,"stan",5
"poa_pra29_t3_ch5",0.414082740340021,19.98726,"stan",5
"poa_pra29_t3_ch5",0.534332151729497,19.9820555555556,"stan",5
"poa_pra29_t3_ch5",0.512968532974342,19.97922,"stan",5
"poa_pra29_t3_ch5",0.66885291671933,19.9713333333333,"stan",5
"poa_pra29_t3_ch5",0.782889062335611,27.5025636363636,"stan",5
"poa_pra29_t3_ch5",1.21750777608953,27.5119888888889,"stan",5
"poa_pra29_t3_ch5",0.98620203755995,27.51427,"stan",5
"poa_pra29_t3_ch5",0.922547773502317,27.5132777777778,"stan",5
"poa_pra29_t3_ch5",0.746138671407973,27.51767,"stan",5
"poa_pra29_t3_ch5",1.1652704814817,27.5124444444444,"stan",5
"poa_pra29_t3_ch5",1.0857926305656,27.50755,"stan",5
"poa_pra29_t3_ch5",1.02032963308556,27.5067,"stan",5
"poa_pra29_t3_ch5",1.14854993326013,27.50692,"stan",5
"poa_pra29_t3_ch5",1.07855313926131,27.5096,"stan",5
"poa_pra29_t3_ch5",1.17492238893898,27.5026,"stan",5
"poa_pra29_t3_ch5",0.890630586738655,27.5047777777778,"stan",5
"poa_pra30_t3_ch5",1.28369107451258,19.9198909090909,"stan",5
"poa_pra30_t3_ch5",1.28532947881322,19.9234666666667,"stan",5
"poa_pra30_t3_ch5",0.716532126730232,19.92358,"stan",5
"poa_pra30_t3_ch5",0.903922665578012,19.9280888888889,"stan",5
"poa_pra30_t3_ch5",0.921936739434924,19.92357,"stan",5
"poa_pra30_t3_ch5",1.127945377231,19.9239222222222,"stan",5
"poa_pra30_t3_ch5",1.34866344756997,19.93408,"stan",5
"poa_pra30_t3_ch5",0.866662458649265,19.9286111111111,"stan",5
"poa_pra30_t3_ch5",0.926451786818737,19.94484,"stan",5
"poa_pra30_t3_ch5",1.01356566850307,19.9478666666667,"stan",5
"poa_pra30_t3_ch5",0.976007211976432,19.95732,"stan",5
"poa_pra30_t3_ch5",0.857254312551065,19.9635222222222,"stan",5
"poa_pra30_t3_ch5",1.50874352227717,27.4815363636364,"stan",5
"poa_pra30_t3_ch5",1.77852117586477,27.4892888888889,"stan",5
"poa_pra30_t3_ch5",1.60298821568752,27.4966,"stan",5
"poa_pra30_t3_ch5",1.72129341560069,27.5088444444444,"stan",5
"poa_pra30_t3_ch5",1.76267779215012,27.51968,"stan",5
"poa_pra30_t3_ch5",1.61442918821163,27.5210333333333,"stan",5
"poa_pra30_t3_ch5",1.2594172893869,27.51945,"stan",5
"poa_pra30_t3_ch5",1.28629118237244,27.5126333333333,"stan",5
"poa_pra30_t3_ch5",1.44386306953319,27.5132,"stan",5
"poa_pra30_t3_ch5",1.86149114346436,27.5102777777778,"stan",5
"poa_pra30_t3_ch5",1.33456541755462,27.51663,"stan",5
"poa_pra30_t3_ch5",1.45464508716833,27.5175333333333,"stan",5
"poa_pra31_t4_ch5",0.659243652542999,20.00185,"stan",5
"poa_pra31_t4_ch5",0.553923765854928,19.9942888888889,"stan",5
"poa_pra31_t4_ch5",0.495532431321661,20.00606,"stan",5
"poa_pra31_t4_ch5",0.553835538664341,20.0031444444444,"stan",5
"poa_pra31_t4_ch5",0.593834942690431,20.00689,"stan",5
"poa_pra31_t4_ch5",0.57867707542724,20.0066222222222,"stan",5
"poa_pra31_t4_ch5",0.515564291309378,20.00719,"stan",5
"poa_pra31_t4_ch5",0.521599783049397,20.0025777777778,"stan",5
"poa_pra31_t4_ch5",0.482035508024354,19.99854,"stan",5
"poa_pra31_t4_ch5",0.720199544188577,20.0005666666667,"stan",5
"poa_pra31_t4_ch5",0.491570093174367,20.00149,"stan",5
"poa_pra31_t4_ch5",0.494097144277684,20.0010888888889,"stan",5
"poa_pra31_t4_ch5",0.718891930936653,27.50688,"stan",5
"poa_pra31_t4_ch5",0.552930401198895,27.4933111111111,"stan",5
"poa_pra31_t4_ch5",0.598251392453251,27.50144,"stan",5
"poa_pra31_t4_ch5",0.630206118515147,27.5108444444444,"stan",5
"poa_pra31_t4_ch5",0.563741209053292,27.50026,"stan",5
"poa_pra31_t4_ch5",0.641166644314025,27.4970888888889,"stan",5
"poa_pra31_t4_ch5",0.762811544573726,27.49467,"stan",5
"poa_pra31_t4_ch5",0.627392359518565,27.4929111111111,"stan",5
"poa_pra31_t4_ch5",0.70236221050154,27.49221,"stan",5
"poa_pra31_t4_ch5",0.53839861667892,27.4934777777778,"stan",5
"poa_pra31_t4_ch5",0.688235061486741,27.49321,"stan",5
"poa_pra31_t4_ch5",0.627154108056836,27.5054888888889,"stan",5
"poa_pra32_t4_ch5",1.2943955945488,19.9708909090909,"stan",5
"poa_pra32_t4_ch5",1.0987087372281,19.9786,"stan",5
"poa_pra32_t4_ch5",1.19511747872394,19.97949,"stan",5
"poa_pra32_t4_ch5",1.1382591715223,19.9789555555556,"stan",5
"poa_pra32_t4_ch5",1.0873386761824,19.97093,"stan",5
"poa_pra32_t4_ch5",0.97199566178362,19.9787888888889,"stan",5
"poa_pra32_t4_ch5",1.2634199606469,19.98238,"stan",5
"poa_pra32_t4_ch5",1.20338143245175,19.9859777777778,"stan",5
"poa_pra32_t4_ch5",1.04545091588042,19.98526,"stan",5
"poa_pra32_t4_ch5",1.14574523170789,19.9928333333333,"stan",5
"poa_pra32_t4_ch5",1.21252239603014,19.99905,"stan",5
"poa_pra32_t4_ch5",1.06779507352064,19.9903,"stan",5
"poa_pra32_t4_ch5",1.96025215827435,27.5252727272727,"stan",5
"poa_pra32_t4_ch5",1.85823271628953,27.5345222222222,"stan",5
"poa_pra32_t4_ch5",1.94664063067082,27.54558,"stan",5
"poa_pra32_t4_ch5",1.93296615492332,27.5402888888889,"stan",5
"poa_pra32_t4_ch5",1.8708126110886,27.53688,"stan",5
"poa_pra32_t4_ch5",1.90591560741179,27.5239222222222,"stan",5
"poa_pra32_t4_ch5",1.85555260827481,27.49272,"stan",5
"poa_pra32_t4_ch5",1.90613675960222,27.5128111111111,"stan",5
"poa_pra32_t4_ch5",2.06948195513639,27.49896,"stan",5
"poa_pra32_t4_ch5",1.95425146177472,27.5298666666667,"stan",5
"poa_pra32_t4_ch5",1.66934593122601,27.54084,"stan",5
"poa_pra32_t4_ch5",1.81005387039015,27.5420888888889,"stan",5
"sch_sco25_t1_ch5",0.877916473491742,19.99775,"albert",5
"sch_sco25_t1_ch5",0.880223535591151,20.0034777777778,"albert",5
"sch_sco25_t1_ch5",1.03937735807466,20.00986,"albert",5
"sch_sco25_t1_ch5",0.826734855819405,20.0080333333333,"albert",5
"sch_sco25_t1_ch5",0.882340183279881,20.00143,"albert",5
"sch_sco25_t1_ch5",0.824501977369503,20.0048555555556,"albert",5
"sch_sco25_t1_ch5",1.12301271991035,20.00037,"albert",5
"sch_sco25_t1_ch5",0.859075064259191,20.0033666666667,"albert",5
"sch_sco25_t1_ch5",0.952452553170442,19.99623,"albert",5
"sch_sco25_t1_ch5",0.799331969886276,19.9985222222222,"albert",5
"sch_sco25_t1_ch5",0.860845512725598,19.99902,"albert",5
"sch_sco25_t1_ch5",0.918512018611087,19.9920222222222,"albert",5
"sch_sco25_t1_ch5",1.90942065749446,27.50938,"albert",5
"sch_sco25_t1_ch5",1.74478930213738,27.5089666666667,"albert",5
"sch_sco25_t1_ch5",1.70047439489995,27.51053,"albert",5
"sch_sco25_t1_ch5",1.78671394053662,27.4954444444444,"albert",5
"sch_sco25_t1_ch5",1.82829396145069,27.50096,"albert",5
"sch_sco25_t1_ch5",1.85532458728939,27.5000333333333,"albert",5
"sch_sco25_t1_ch5",1.79536262789742,27.50777,"albert",5
"sch_sco25_t1_ch5",1.83610292573824,27.5218666666667,"albert",5
"sch_sco25_t1_ch5",1.75157156128144,27.52373,"albert",5
"sch_sco25_t1_ch5",1.75188836437748,27.5260777777778,"albert",5
"sch_sco25_t1_ch5",1.79478378744771,27.51577,"albert",5
"sch_sco25_t1_ch5",1.75874616296772,27.5107111111111,"albert",5
"sch_sco26_t1_ch5",1.28358605876633,19.97928,"albert",5
"sch_sco26_t1_ch5",0.815127479630452,19.9900555555556,"albert",5
"sch_sco26_t1_ch5",1.15608354973963,19.98523,"albert",5
"sch_sco26_t1_ch5",0.972376558099398,19.9752444444444,"albert",5
"sch_sco26_t1_ch5",0.865636030911615,19.97549,"albert",5
"sch_sco26_t1_ch5",0.76051670470546,19.9680666666667,"albert",5
"sch_sco26_t1_ch5",1.1826523237002,19.9704,"albert",5
"sch_sco26_t1_ch5",0.860779534636611,19.9698,"albert",5
"sch_sco26_t1_ch5",0.791292187749131,19.96715,"albert",5
"sch_sco26_t1_ch5",0.940610236251978,19.9669888888889,"albert",5
"sch_sco26_t1_ch5",0.915371119013341,19.97279,"albert",5
"sch_sco26_t1_ch5",0.863059427672076,19.9794444444444,"albert",5
"sch_sco26_t1_ch5",2.18337977118663,27.50748,"albert",5
"sch_sco26_t1_ch5",2.1611335984817,27.5040111111111,"albert",5
"sch_sco26_t1_ch5",2.26989999060767,27.49571,"albert",5
"sch_sco26_t1_ch5",2.30379946888659,27.4949555555556,"albert",5
"sch_sco26_t1_ch5",2.1391970677321,27.49224,"albert",5
"sch_sco26_t1_ch5",2.19749179670033,27.4958666666667,"albert",5
"sch_sco26_t1_ch5",2.40561036007944,27.49943,"albert",5
"sch_sco26_t1_ch5",2.1199715925428,27.4964777777778,"albert",5
"sch_sco26_t1_ch5",2.24740634861816,27.50479,"albert",5
"sch_sco26_t1_ch5",2.79758966499395,27.5044555555556,"albert",5
"sch_sco26_t1_ch5",2.17645294426764,27.4956,"albert",5
"sch_sco26_t1_ch5",2.46458494701294,27.4975666666667,"albert",5
"sch_sco28_t2_ch5",0.327282507308119,19.98078,"albert",5
"sch_sco28_t2_ch5",0.262719978724371,19.9858666666667,"albert",5
"sch_sco28_t2_ch5",0.489240736295888,19.99857,"albert",5
"sch_sco28_t2_ch5",0.898652907540515,19.9920666666667,"albert",5
"sch_sco28_t2_ch5",NA,19.98665,"albert",5
"sch_sco28_t2_ch5",1.12018357948791,19.9625333333333,"albert",5
"sch_sco28_t2_ch5",0.364811445344717,19.95799,"albert",5
"sch_sco28_t2_ch5",0.452145045087627,19.9655,"albert",5
"sch_sco28_t2_ch5",0.335811903007796,19.97718,"albert",5
"sch_sco28_t2_ch5",0.542547046926186,19.9836777777778,"albert",5
"sch_sco28_t2_ch5",0.523028908762878,19.98205,"albert",5
"sch_sco28_t2_ch5",0.17444658912257,19.9816888888889,"albert",5
"sch_sco28_t2_ch5",1.62604644668437,27.5409363636364,"albert",5
"sch_sco28_t2_ch5",1.7285057366846,27.5392666666667,"albert",5
"sch_sco28_t2_ch5",1.85342299581357,27.53561,"albert",5
"sch_sco28_t2_ch5",1.27434546991354,27.5191888888889,"albert",5
"sch_sco28_t2_ch5",1.56623308337617,27.52535,"albert",5
"sch_sco28_t2_ch5",1.48441768082038,27.5178333333333,"albert",5
"sch_sco28_t2_ch5",1.41245137479351,27.51521,"albert",5
"sch_sco28_t2_ch5",1.48104461410287,27.5024111111111,"albert",5
"sch_sco28_t2_ch5",1.42072495102665,27.49346,"albert",5
"sch_sco28_t2_ch5",1.62882609721259,27.4871222222222,"albert",5
"sch_sco28_t2_ch5",1.50891350000759,27.4903,"albert",5
"sch_sco28_t2_ch5",1.49115078185268,27.4881333333333,"albert",5
"sch_sco29_t3_ch5",1.19528907668137,19.9993636363636,"albert",5
"sch_sco29_t3_ch5",1.12659787118733,20.0228777777778,"albert",5
"sch_sco29_t3_ch5",1.13739692243397,20.00714,"albert",5
"sch_sco29_t3_ch5",1.21934262152159,20.0040555555556,"albert",5
"sch_sco29_t3_ch5",1.29633577426137,20.00311,"albert",5
"sch_sco29_t3_ch5",1.31477472473942,19.9974666666667,"albert",5
"sch_sco29_t3_ch5",1.38211274601999,19.99585,"albert",5
"sch_sco29_t3_ch5",1.24897397628294,19.9905,"albert",5
"sch_sco29_t3_ch5",1.29883557352178,19.99063,"albert",5
"sch_sco29_t3_ch5",1.10503844400368,19.9885777777778,"albert",5
"sch_sco29_t3_ch5",1.33322296796372,20.00158,"albert",5
"sch_sco29_t3_ch5",1.24661473655779,19.9970333333333,"albert",5
"sch_sco29_t3_ch5",2.57640706286291,27.49813,"albert",5
"sch_sco29_t3_ch5",2.68793087092117,27.5039777777778,"albert",5
"sch_sco29_t3_ch5",2.66167854096491,27.49256,"albert",5
"sch_sco29_t3_ch5",2.8401496333449,27.4933888888889,"albert",5
"sch_sco29_t3_ch5",2.68295917305177,27.51159,"albert",5
"sch_sco29_t3_ch5",2.77745155989739,27.5084666666667,"albert",5
"sch_sco29_t3_ch5",2.65743491672741,27.50915,"albert",5
"sch_sco29_t3_ch5",2.7523930746051,27.5212555555556,"albert",5
"sch_sco29_t3_ch5",2.63840148408473,27.519,"albert",5
"sch_sco29_t3_ch5",2.69504415343951,27.5181555555556,"albert",5
"sch_sco29_t3_ch5",2.64285621135493,27.51203,"albert",5
"sch_sco29_t3_ch5",2.44125738016755,27.5135333333333,"albert",5
"sch_sco30_t3_ch5",0.686946168492816,19.98773,"albert",5
"sch_sco30_t3_ch5",0.766403050244689,19.9794111111111,"albert",5
"sch_sco30_t3_ch5",0.59030367172896,19.98658,"albert",5
"sch_sco30_t3_ch5",0.675409589717142,19.9979,"albert",5
"sch_sco30_t3_ch5",0.591079961230355,19.97982,"albert",5
"sch_sco30_t3_ch5",0.650775280015153,19.9831888888889,"albert",5
"sch_sco30_t3_ch5",0.836100644400808,19.98679,"albert",5
"sch_sco30_t3_ch5",0.773676037901591,19.9851,"albert",5
"sch_sco30_t3_ch5",0.590887054313739,19.99129,"albert",5
"sch_sco30_t3_ch5",0.896357253535913,19.9950555555556,"albert",5
"sch_sco30_t3_ch5",0.49937367786799,19.9949,"albert",5
"sch_sco30_t3_ch5",0.666688044113315,19.9952333333333,"albert",5
"sch_sco30_t3_ch5",1.50638782214618,27.5149363636364,"albert",5
"sch_sco30_t3_ch5",1.42688078072002,27.5222666666667,"albert",5
"sch_sco30_t3_ch5",1.87186368054379,27.51628,"albert",5
"sch_sco30_t3_ch5",1.60801158714804,27.5174222222222,"albert",5
"sch_sco30_t3_ch5",1.67489488831588,27.51413,"albert",5
"sch_sco30_t3_ch5",1.86302035814015,27.5090555555556,"albert",5
"sch_sco30_t3_ch5",1.53383705949148,27.51735,"albert",5
"sch_sco30_t3_ch5",1.76967323829683,27.5142666666667,"albert",5
"sch_sco30_t3_ch5",1.69131218108038,27.50826,"albert",5
"sch_sco30_t3_ch5",1.61619597214191,27.5106333333333,"albert",5
"sch_sco30_t3_ch5",1.66250692388029,27.50768,"albert",5
"sch_sco30_t3_ch5",1.45316104360009,27.5031222222222,"albert",5
"sch_sco31_t4_ch5",1.12604790276326,19.9971454545455,"albert",5
"sch_sco31_t4_ch5",0.974466029283158,19.9987888888889,"albert",5
"sch_sco31_t4_ch5",1.03176580305521,19.99739,"albert",5
"sch_sco31_t4_ch5",0.980506717834977,20.0004222222222,"albert",5
"sch_sco31_t4_ch5",0.845829898365026,20.00025,"albert",5
"sch_sco31_t4_ch5",1.1020807871406,19.9977444444444,"albert",5
"sch_sco31_t4_ch5",1.01524996789327,19.99829,"albert",5
"sch_sco31_t4_ch5",0.938200414648227,19.9914222222222,"albert",5
"sch_sco31_t4_ch5",1.09978785749069,19.99296,"albert",5
"sch_sco31_t4_ch5",0.582368384369033,19.9864777777778,"albert",5
"sch_sco31_t4_ch5",1.18546448223794,19.98348,"albert",5
"sch_sco31_t4_ch5",0.899638995374905,19.9923222222222,"albert",5
"sch_sco31_t4_ch5",1.55670344047604,27.49957,"albert",5
"sch_sco31_t4_ch5",1.79998014021177,27.4967,"albert",5
"sch_sco31_t4_ch5",1.65246037092578,27.49259,"albert",5
"sch_sco31_t4_ch5",1.75121092313147,27.4997222222222,"albert",5
"sch_sco31_t4_ch5",1.74555039719595,27.49698,"albert",5
"sch_sco31_t4_ch5",1.87463880101017,27.5029555555556,"albert",5
"sch_sco31_t4_ch5",1.65378070637467,27.50429,"albert",5
"sch_sco31_t4_ch5",1.7776392919851,27.5125222222222,"albert",5
"sch_sco31_t4_ch5",1.90356817173309,27.50418,"albert",5
"sch_sco31_t4_ch5",1.72693289634039,27.5068666666667,"albert",5
"sch_sco31_t4_ch5",1.76550620871113,27.50573,"albert",5
"sch_sco31_t4_ch5",1.65272132539806,27.5118777777778,"albert",5
"sch_sco32_t4_ch5",0.958236297605773,20.00336,"albert",5
"sch_sco32_t4_ch5",1.15746635747964,20.0028666666667,"albert",5
"sch_sco32_t4_ch5",1.02182846398995,20.00472,"albert",5
"sch_sco32_t4_ch5",1.24095860302764,19.9929888888889,"albert",5
"sch_sco32_t4_ch5",1.23712528110835,20.00045,"albert",5
"sch_sco32_t4_ch5",0.999422333397891,20.0015666666667,"albert",5
"sch_sco32_t4_ch5",0.862724948200127,19.99654,"albert",5
"sch_sco32_t4_ch5",1.02815562672677,19.9928,"albert",5
"sch_sco32_t4_ch5",1.011614155257,19.99652,"albert",5
"sch_sco32_t4_ch5",0.913428851080226,20.0070888888889,"albert",5
"sch_sco32_t4_ch5",1.02969693271362,20.00821,"albert",5
"sch_sco32_t4_ch5",0.609564029674612,20.0072,"albert",5
"sch_sco32_t4_ch5",1.80469766112511,27.5042,"albert",5
"sch_sco32_t4_ch5",2.20903854025963,27.5039111111111,"albert",5
"sch_sco32_t4_ch5",2.00960543584272,27.50822,"albert",5
"sch_sco32_t4_ch5",2.2006368079398,27.4997777777778,"albert",5
"sch_sco32_t4_ch5",2.00555957738788,27.49969,"albert",5
"sch_sco32_t4_ch5",1.84045924114415,27.5005444444444,"albert",5
"sch_sco32_t4_ch5",2.22797911678128,27.5057,"albert",5
"sch_sco32_t4_ch5",2.0412285552407,27.5047111111111,"albert",5
"sch_sco32_t4_ch5",2.18859935434549,27.51581,"albert",5
"sch_sco32_t4_ch5",2.21236869692276,27.5145111111111,"albert",5
"sch_sco32_t4_ch5",1.98073566701455,27.51471,"albert",5
"sch_sco32_t4_ch5",2.51613605148549,27.5168,"albert",5
"sch_sco32_t4_ch5",NA,19.9689,"albert",5
"sch_sco32_t4_ch5",NA,19.9707666666667,"albert",5
"sch_sco32_t4_ch5",0.106073254549247,19.96974,"albert",5
"sch_sco32_t4_ch5",NA,19.9666777777778,"albert",5
"sch_sco32_t4_ch5",NA,19.96838,"albert",5
"sch_sco32_t4_ch5",NA,19.9712888888889,"albert",5
"sch_sco32_t4_ch5",0.00226799229063253,19.97611,"albert",5
"sch_sco32_t4_ch5",0.00184448347438523,19.9680555555556,"albert",5
"sch_sco32_t4_ch5",NA,19.97358,"albert",5
"sch_sco32_t4_ch5",NA,19.9879444444444,"albert",5
"sch_sco32_t4_ch5",NA,19.98828,"albert",5
"sch_sco32_t4_ch5",NA,19.9868,"albert",5
"sor_nut25_t1_ch5",0.767165952497487,19.99687,NA,5
"sor_nut25_t1_ch5",0.91696857919463,19.9995111111111,NA,5
"sor_nut25_t1_ch5",1.14649736541458,19.99723,NA,5
"sor_nut25_t1_ch5",0.672406910622555,20.0000111111111,NA,5
"sor_nut25_t1_ch5",0.894970214555262,20.00811,NA,5
"sor_nut25_t1_ch5",0.763160993682769,20.0049333333333,NA,5
"sor_nut25_t1_ch5",0.55088677743985,20.00308,NA,5
"sor_nut25_t1_ch5",1.01638850239709,19.9989555555556,NA,5
"sor_nut25_t1_ch5",0.650418882147488,19.99369,NA,5
"sor_nut25_t1_ch5",0.730731628477494,19.9878333333333,NA,5
"sor_nut25_t1_ch5",0.778940311917732,19.98338,NA,5
"sor_nut25_t1_ch5",0.72029929057537,19.9846111111111,NA,5
"sor_nut25_t1_ch5",1.63669143819627,27.5017,NA,5
"sor_nut25_t1_ch5",1.52506991893225,27.5049555555556,NA,5
"sor_nut25_t1_ch5",1.81182136446381,27.51222,NA,5
"sor_nut25_t1_ch5",1.50180336170655,27.5055777777778,NA,5
"sor_nut25_t1_ch5",1.65345218857182,27.49902,NA,5
"sor_nut25_t1_ch5",1.54990788374635,27.5039111111111,NA,5
"sor_nut25_t1_ch5",1.56572648843738,27.50228,NA,5
"sor_nut25_t1_ch5",1.82450783113616,27.4944444444444,NA,5
"sor_nut25_t1_ch5",1.86901348582538,27.49938,NA,5
"sor_nut25_t1_ch5",1.57566148322471,27.4953777777778,NA,5
"sor_nut25_t1_ch5",1.61893994636704,27.49561,NA,5
"sor_nut25_t1_ch5",1.92097095617692,27.4965888888889,NA,5
"sor_nut26_t1_ch5",1.56173879052961,20.00634,NA,5
"sor_nut26_t1_ch5",1.13816244107385,20.0026222222222,NA,5
"sor_nut26_t1_ch5",1.2934627449857,20.00448,NA,5
"sor_nut26_t1_ch5",1.30661267303571,20.0048555555556,NA,5
"sor_nut26_t1_ch5",1.27889388320247,20.00776,NA,5
"sor_nut26_t1_ch5",1.42520400239913,20.0004333333333,NA,5
"sor_nut26_t1_ch5",1.39631328691867,20.0056,NA,5
"sor_nut26_t1_ch5",1.37882185318081,20.0021,NA,5
"sor_nut26_t1_ch5",1.41844732801107,20.004,NA,5
"sor_nut26_t1_ch5",1.47162399100789,20.0074666666667,NA,5
"sor_nut26_t1_ch5",1.37224830074829,19.99918,NA,5
"sor_nut26_t1_ch5",1.44894409710115,20.0014,NA,5
"sor_nut26_t1_ch5",2.13786528246993,27.48852,NA,5
"sor_nut26_t1_ch5",2.05030910569086,27.4877777777778,NA,5
"sor_nut26_t1_ch5",2.08564657250519,27.49325,NA,5
"sor_nut26_t1_ch5",2.01908534614889,27.4934444444444,NA,5
"sor_nut26_t1_ch5",2.15190049267437,27.5009,NA,5
"sor_nut26_t1_ch5",2.05587474701275,27.5123777777778,NA,5
"sor_nut26_t1_ch5",2.0550099469304,27.50499,NA,5
"sor_nut26_t1_ch5",1.99225544732731,27.5026444444444,NA,5
"sor_nut26_t1_ch5",2.07975207223173,27.49985,NA,5
"sor_nut26_t1_ch5",2.02921481047692,27.5048888888889,NA,5
"sor_nut26_t1_ch5",2.1621427526945,27.5176,NA,5
"sor_nut26_t1_ch5",2.17143135911175,27.5121444444444,NA,5
"sor_nut27_t2_ch5",0.769866719950006,20.00284,NA,5
"sor_nut27_t2_ch5",0.835857039614614,19.9995777777778,NA,5
"sor_nut27_t2_ch5",0.770369485045415,19.99614,NA,5
"sor_nut27_t2_ch5",0.76010749723492,20.0024222222222,NA,5
"sor_nut27_t2_ch5",0.885953774502649,20.0063,NA,5
"sor_nut27_t2_ch5",0.886022279512598,19.9864222222222,NA,5
"sor_nut27_t2_ch5",0.921934900021197,19.98343,NA,5
"sor_nut27_t2_ch5",1.12642067220545,19.9872555555556,NA,5
"sor_nut27_t2_ch5",0.874435033705448,19.98128,NA,5
"sor_nut27_t2_ch5",0.838245323018442,19.9798333333333,NA,5
"sor_nut27_t2_ch5",0.934716888865264,19.9746,NA,5
"sor_nut27_t2_ch5",0.793831624322588,19.9755666666667,NA,5
"sor_nut27_t2_ch5",1.52747662119186,27.5012454545455,NA,5
"sor_nut27_t2_ch5",1.74060770023792,27.5067666666667,NA,5
"sor_nut27_t2_ch5",1.97191003992287,27.50555,NA,5
"sor_nut27_t2_ch5",1.5405178554805,27.5061111111111,NA,5
"sor_nut27_t2_ch5",1.48752044852858,27.50379,NA,5
"sor_nut27_t2_ch5",1.81349465404784,27.5031888888889,NA,5
"sor_nut27_t2_ch5",1.74871585688923,27.49848,NA,5
"sor_nut27_t2_ch5",1.59456908132001,27.5028444444444,NA,5
"sor_nut27_t2_ch5",1.51530106754045,27.51037,NA,5
"sor_nut27_t2_ch5",1.81744526085854,27.5098888888889,NA,5
"sor_nut27_t2_ch5",1.49205095767804,27.50045,NA,5
"sor_nut27_t2_ch5",1.70094358601018,27.5042666666667,NA,5
"sor_nut28_t2_ch5",1.12270958616404,20.0035,NA,5
"sor_nut28_t2_ch5",1.09020884349788,20.0043222222222,NA,5
"sor_nut28_t2_ch5",1.20223951849797,20.00508,NA,5
"sor_nut28_t2_ch5",1.09833000475531,19.9942333333333,NA,5
"sor_nut28_t2_ch5",1.45269382882222,19.9986,NA,5
"sor_nut28_t2_ch5",0.637385734811993,19.9940666666667,NA,5
"sor_nut28_t2_ch5",1.35091231353863,19.99966,NA,5
"sor_nut28_t2_ch5",0.969891950134246,19.9872888888889,NA,5
"sor_nut28_t2_ch5",1.07939224153134,19.98149,NA,5
"sor_nut28_t2_ch5",0.898864564765333,19.9845,NA,5
"sor_nut28_t2_ch5",1.03980778775473,19.98625,NA,5
"sor_nut28_t2_ch5",0.980732126429592,19.9859666666667,NA,5
"sor_nut28_t2_ch5",2.06427571495139,27.50668,NA,5
"sor_nut28_t2_ch5",2.26169541610622,27.5063888888889,NA,5
"sor_nut28_t2_ch5",2.32222544359263,27.49924,NA,5
"sor_nut28_t2_ch5",2.24194614652504,27.5040222222222,NA,5
"sor_nut28_t2_ch5",2.33645959258739,27.50484,NA,5
"sor_nut28_t2_ch5",2.81963231158356,27.5007666666667,NA,5
"sor_nut28_t2_ch5",1.98796378194683,27.50296,NA,5
"sor_nut28_t2_ch5",2.22889175514666,27.4983333333333,NA,5
"sor_nut28_t2_ch5",2.39721632511102,27.49749,NA,5
"sor_nut28_t2_ch5",2.03418205079484,27.4999555555556,NA,5
"sor_nut28_t2_ch5",2.09226616803533,27.50521,NA,5
"sor_nut28_t2_ch5",3.33515157272085,27.5003777777778,NA,5
"sor_nut29_t3_ch5",1.09169159360871,19.9683545454545,NA,5
"sor_nut29_t3_ch5",1.53457207395917,19.9788888888889,NA,5
"sor_nut29_t3_ch5",1.30066216267518,19.98636,NA,5
"sor_nut29_t3_ch5",1.21064991258719,19.9904444444444,NA,5
"sor_nut29_t3_ch5",1.27742108068744,19.99061,NA,5
"sor_nut29_t3_ch5",1.15619319063693,20.0054222222222,NA,5
"sor_nut29_t3_ch5",1.21881047482626,20.00533,NA,5
"sor_nut29_t3_ch5",1.21744035403237,19.9928333333333,NA,5
"sor_nut29_t3_ch5",1.57658534942209,19.99216,NA,5
"sor_nut29_t3_ch5",1.09795240659208,19.9868444444444,NA,5
"sor_nut29_t3_ch5",1.38882229410862,19.9862,NA,5
"sor_nut29_t3_ch5",1.24720025867586,19.9687666666667,NA,5
"sor_nut29_t3_ch5",1.79117339401775,27.5028818181818,NA,5
"sor_nut29_t3_ch5",1.6684247703322,27.5001444444444,NA,5
"sor_nut29_t3_ch5",1.17188126710661,27.50174,NA,5
"sor_nut29_t3_ch5",1.31003748935288,27.5071888888889,NA,5
"sor_nut29_t3_ch5",1.46798393014256,27.50694,NA,5
"sor_nut29_t3_ch5",1.44836259893061,27.5091111111111,NA,5
"sor_nut29_t3_ch5",1.41348430214762,27.50625,NA,5
"sor_nut29_t3_ch5",1.60135784218281,27.5069222222222,NA,5
"sor_nut29_t3_ch5",1.3950974967422,27.50715,NA,5
"sor_nut29_t3_ch5",1.55072342683392,27.5165444444444,NA,5
"sor_nut29_t3_ch5",1.33461414927502,27.5053,NA,5
"sor_nut29_t3_ch5",1.61984826127707,27.5010777777778,NA,5
"sor_nut30_t3_ch5",0.544483693689366,19.9881181818182,NA,5
"sor_nut30_t3_ch5",0.45050198942835,19.9807444444444,NA,5
"sor_nut30_t3_ch5",0.473762869452684,19.9871,NA,5
"sor_nut30_t3_ch5",0.42362554735379,19.9904777777778,NA,5
"sor_nut30_t3_ch5",0.501214020559139,19.99024,NA,5
"sor_nut30_t3_ch5",0.359660804690759,19.9924444444444,NA,5
"sor_nut30_t3_ch5",0.530213164589189,20.0028,NA,5
"sor_nut30_t3_ch5",0.368933849153969,19.9964444444444,NA,5
"sor_nut30_t3_ch5",0.426065375587816,20.00342,NA,5
"sor_nut30_t3_ch5",0.453793087795846,19.9999111111111,NA,5
"sor_nut30_t3_ch5",0.39128169820451,19.99599,NA,5
"sor_nut30_t3_ch5",0.419268744852304,19.9987666666667,NA,5
"sor_nut30_t3_ch5",0.890991975958272,27.5148636363636,NA,5
"sor_nut30_t3_ch5",0.824466069216568,27.5161666666667,NA,5
"sor_nut30_t3_ch5",0.725945412604503,27.51924,NA,5
"sor_nut30_t3_ch5",0.794416814751544,27.5103888888889,NA,5
"sor_nut30_t3_ch5",0.418652550515982,27.51709,NA,5
"sor_nut30_t3_ch5",0.833200376456453,27.5175111111111,NA,5
"sor_nut30_t3_ch5",0.963535089141167,27.51722,NA,5
"sor_nut30_t3_ch5",0.773150846102962,27.5054555555556,NA,5
"sor_nut30_t3_ch5",0.853452463088507,27.49579,NA,5
"sor_nut30_t3_ch5",0.883722564405342,27.4999,NA,5
"sor_nut30_t3_ch5",0.967692108190295,27.50261,NA,5
"sor_nut30_t3_ch5",0.944870168922005,27.4900222222222,NA,5
"sor_nut31_T4_ch5",0.850096745634587,19.9830454545455,NA,5
"sor_nut31_T4_ch5",0.860740365658764,19.9831444444444,NA,5
"sor_nut31_T4_ch5",1.02975142669135,19.9895,NA,5
"sor_nut31_T4_ch5",0.868312895514163,19.9871444444444,NA,5
"sor_nut31_T4_ch5",0.98810435612623,19.99074,NA,5
"sor_nut31_T4_ch5",0.861974079151304,19.9954666666667,NA,5
"sor_nut31_T4_ch5",0.92065978940528,19.99385,NA,5
"sor_nut31_T4_ch5",1.01906112274472,20.0033888888889,NA,5
"sor_nut31_T4_ch5",0.831356850899659,19.99598,NA,5
"sor_nut31_T4_ch5",0.947420983772715,20.0006,NA,5
"sor_nut31_T4_ch5",0.862610811006739,19.99088,NA,5
"sor_nut31_T4_ch5",1.10194743410385,19.9974,NA,5
"sor_nut31_T4_ch5",1.55906289281851,27.47859,NA,5
"sor_nut31_T4_ch5",1.52640505862843,27.4849666666667,NA,5
"sor_nut31_T4_ch5",1.57999243401585,27.48726,NA,5
"sor_nut31_T4_ch5",1.51702070748868,27.4886555555556,NA,5
"sor_nut31_T4_ch5",1.56929415231889,27.49059,NA,5
"sor_nut31_T4_ch5",1.52953483939852,27.4950555555556,NA,5
"sor_nut31_T4_ch5",1.52633050685208,27.49462,NA,5
"sor_nut31_T4_ch5",1.40057329349038,27.4970555555556,NA,5
"sor_nut31_T4_ch5",1.48642302774837,27.49364,NA,5
"sor_nut31_T4_ch5",1.54559303963544,27.4969888888889,NA,5
"sor_nut31_T4_ch5",1.53205112750699,27.49968,NA,5
"sor_nut31_T4_ch5",1.5315722236842,27.4945555555556,NA,5
"sor_nut32_T4_ch5",1.06715455862539,19.99059,NA,5
"sor_nut32_T4_ch5",1.05011353736455,19.9873222222222,NA,5
"sor_nut32_T4_ch5",1.30143325884864,19.99214,NA,5
"sor_nut32_T4_ch5",1.1892028932755,19.9932444444444,NA,5
"sor_nut32_T4_ch5",1.03406270632551,19.98262,NA,5
"sor_nut32_T4_ch5",1.00092836769037,19.9837777777778,NA,5
"sor_nut32_T4_ch5",1.14772233687724,19.98902,NA,5
"sor_nut32_T4_ch5",1.46330414494049,19.9961333333333,NA,5
"sor_nut32_T4_ch5",1.08165357137013,19.98882,NA,5
"sor_nut32_T4_ch5",0.976350652222726,19.9783111111111,NA,5
"sor_nut32_T4_ch5",0.991475931950333,19.98881,NA,5
"sor_nut32_T4_ch5",1.15621329712108,19.987,NA,5
"sor_nut32_T4_ch5",1.62840172123569,27.49982,NA,5
"sor_nut32_T4_ch5",1.78382072747467,27.4976222222222,NA,5
"sor_nut32_T4_ch5",1.69271074183225,27.50083,NA,5
"sor_nut32_T4_ch5",1.53953810662947,27.5030444444444,NA,5
"sor_nut32_T4_ch5",1.72913608205568,27.50245,NA,5
"sor_nut32_T4_ch5",1.93899730022692,27.5022222222222,NA,5
"sor_nut32_T4_ch5",1.08280024887482,27.49788,NA,5
"sor_nut32_T4_ch5",2.09913116861579,27.4953111111111,NA,5
"sor_nut32_T4_ch5",1.99140329993577,27.50137,NA,5
"sor_nut32_T4_ch5",1.47935655557689,27.5059333333333,NA,5
"sor_nut32_T4_ch5",1.65094120711932,27.50048,NA,5
"sor_nut32_T4_ch5",1.81512949056045,27.5055333333333,NA,5
