SYS,SYS,SYS,SYS,SYS,USERDEF,USERDEF,USERDEF,USERDEF,PORO,PORO,PORO,PORO,PORO,PORO,PORO,PORO,PORO,PORO,PORO,PORO,FLUORO,FLUORO,FLUORO,FLUORO,FLUORO,FLUORO,FLUORO,FLUORO,FLUORO,FLUORO,SENSOR,SENSOR,SENSOR,SENSOR,SENSOR,SENSOR,SENSOR,SENSOR,SENSOR,SENSOR,MATCH,MATCH,MATCH,STABILITY,STABILITY,STABILITY,STABILITY,STABILITY,STABILITY,P_CONFIG,P_CONFIG,P_CONFIG,P_CONFIG,FL_CONFIG,FL_CONFIG,FL_CONFIG,FL_CONFIG,FL_CONFIG,FL_CONFIG,FL_CONFIG,FL_CONFIG,FL_CONFIG,FL_CONFIG,FL_CONFIG,FL_CONFIG,FL_CONFIG,FL_CONFIG,FL_CONFIG,SENSOR_V,SENSOR_V,SENSOR_V,SENSOR_V,SENSOR_V,SENSOR_V,SENSOR_V,SENSOR_V,SENSOR_V,SENSOR_V,USERCAL,USERCAL,USERCAL,USERCAL,USERCAL,USERCAL,USERCAL,USERCAL,USERCAL,USERCAL,META,META,META,META,META,META,META
Obs#,Time,Date,configName,configAuthor,remark,Observation,,,gsw,gbw,gtw,E_apparent,VPcham,VPref,VPleaf,VPDleaf,H2O_r,H2O_s,H2O_leaf,leaf_area,flashID,Fo,Fm,Fv/Fm,Fs,Fm',PhiPS2,PS2/1,abs,ETR,rh_s,rh_r,Tref,Tleaf,P_atm,flow,flow_s,leak_pct,Qamb,batt,match_time,match_date,rh_adj,gsw1sec,gsw2sec,gsw4sec,flr1sec,flr2sec,flr4sec,auto,flow_set,gsw_limit,gsw_period,dark,flash_type,flash_intensity,modrate,flr_limit,flr_period,P1_dur,P2_dur,P3_dur,P1_Fmax,P2_ramp,P2_slp,P3_Fmax,P3_Pred,P3_DeltaF,v_humA,v_humB,v_flowIn,v_flowOut,v_temp,v_irt,v_pres,v_par,v_F,i_LED,b_rhr,m_rhr,span_rhr,b_rhs,m_rhs,span_rhs,z_flowIn,z_flowOut,z_quantum,z_flr,flashId,lciSerNum,lcpSerNum,lcfSerNum,lcrhSerNum,version,configUpdatedAt
,HHMMSS,YYYYMMDD,,,,,,,mol+1m-2s-1,mol+1m-2s-1,mol+1m-2s-1,mmol+1m-2s-1,kPa,kPa,kPa,kPa,mmol+1mol-1,mmol+1mol-1,mmol+1mol-1,cm+2,,,,,,,,,,umol+1m-2s-1,%,%,C,C,kPa,umol+1sec-1,umol+1sec-1,%,umol+1m-2s-1,V,HHMMSS,YYYYMMDD,%,,,,,,,,umol+1sec-1,(umol+1m-2s-1)s-1,s,,,umol+1m-2s-1,Hz,s-1,s,ms,ms,ms,,%,,,,,V,V,V,V,V,V,V,V,V,A,,,,,,,,,,,,,,,,,
1,08:51:49,2023-03-09,Auto gsw+F,LI-COR Default,,001,,,0.024761,2.921265,0.024552,0.364733,1.109898,1.100717,2.425995,1.316096,12.181096,12.282697,26.847288,0.441786,PSF-00438_20230309085149,0.000000,0.000000,0.000000,65.132973,167.945480,0.612178,0.5,0.80,38.352161,36.68,36.37,24.17,20.54,90.36,156.6,156.9,-0.2,157,3.774,08:50:34,2023-03-09,-0.11,-0.000,0.001,-9999.000,-0.991,-0.502,-9999.000,1,150,0.005,2.000000,0,mpf,7000,500,5.000000,2.000000,300,300,300,162.883759,25,-3.801962,161.723969,162.510605,-0.786636,2.449175,2.463800,1.655035,0.938577,0.281885,-0.039765,0.278179,0.248193,65.132973,0.000240,2.388960,-0.000025,1.000000,2.402765,-0.000034,1.000000,0.600816,0.600971,0.107301,0.000000,PSF-00438_20230309085149,PFA-00474,PSA-00486,PSF-00438,RHS-00603,2.0.0,2021-01-19T12:57:14.097Z
2,08:52:18,2023-03-09,Auto gsw+F,LI-COR Default,,002,,,0.028245,2.921579,0.027975,0.492877,1.164831,1.152435,2.722626,1.557795,12.753646,12.890824,30.130459,0.441786,PSF-00438_20230309085218,0.000000,0.000000,0.000000,104.450943,250.595352,0.583189,0.5,0.80,28.466000,38.58,38.17,24.13,22.42,90.36,156.7,156.9,-0.2,122,3.734,08:50:34,2023-03-09,-0.11,0.001,0.001,-9999.000,-0.432,-0.023,-9999.000,1,150,0.005,2.000000,0,mpf,7000,500,5.000000,2.000000,300,300,300,245.868439,25,-4.055305,243.729111,244.798325,-1.069214,2.451692,2.466485,1.655364,0.938639,0.282320,-0.018680,0.279927,0.217073,104.450943,0.000241,2.388960,-0.000025,1.000000,2.402765,-0.000034,1.000000,0.600816,0.600971,0.107301,0.000000,PSF-00438_20230309085218,PFA-00474,PSA-00486,PSF-00438,RHS-00603,2.0.0,2021-01-19T12:57:14.097Z
3,08:55:14,2023-03-09,Auto gsw+F,LI-COR Default,,003,,,0.013326,2.921385,0.013266,0.183980,1.153297,1.148669,2.381893,1.228596,12.713020,12.764240,26.361856,0.441786,PSF-00438_20230309085514,0.000000,0.000000,0.000000,75.184464,113.606186,0.338201,0.5,0.80,32.700249,39.50,39.34,23.58,20.24,90.35,156.7,153.8,1.8,242,3.765,08:50:34,2023-03-09,-0.11,-0.000,-0.000,-9999.000,0.300,-0.695,-9999.000,1,150,0.005,2.000000,0,mpf,7000,500,5.000000,2.000000,300,300,300,111.533401,25,-1.430748,111.341713,111.560944,-0.219231,2.453434,2.467891,1.655161,0.930746,0.288687,-0.036278,0.292349,0.324746,75.184464,0.000236,2.388960,-0.000025,1.000000,2.402765,-0.000034,1.000000,0.600816,0.600971,0.107301,0.000000,PSF-00438_20230309085514,PFA-00474,PSA-00486,PSF-00438,RHS-00603,2.0.0,2021-01-19T12:57:14.097Z
4,08:56:46,2023-03-09,Auto gsw+F,LI-COR Default,,004,,,0.046179,2.922282,0.045461,0.726895,1.212480,1.194220,2.626511,1.414031,13.217016,13.419106,29.068876,0.441786,PSF-00438_20230309085646,0.000000,0.000000,0.000000,84.620117,220.479675,0.616200,0.5,0.80,102.548447,42.26,41.62,23.29,21.83,90.35,156.8,147.4,6.0,416,3.762,08:50:34,2023-03-09,-0.11,0.000,-0.001,-9999.000,0.481,1.394,-9999.000,1,150,0.005,2.000000,0,mpf,7000,500,5.000000,2.000000,300,300,300,215.138916,25,-3.688960,215.545532,215.206345,0.339188,2.456634,2.471779,1.656100,0.914526,0.292041,-0.015652,0.299740,0.481568,84.620117,0.000239,2.388960,-0.000025,1.000000,2.402765,-0.000034,1.000000,0.600816,0.600971,0.107301,0.000000,PSF-00438_20230309085646,PFA-00474,PSA-00486,PSF-00438,RHS-00603,2.0.0,2021-01-19T12:57:14.097Z
5,08:57:54,2023-03-09,Auto gsw+F,LI-COR Default,,005,,,0.024638,2.922542,0.024432,0.425957,1.245504,1.234810,2.785628,1.540125,13.666469,13.784824,30.830418,0.441786,PSF-00438_20230309085754,0.000000,0.000000,0.000000,135.856750,321.153534,0.576973,0.5,0.80,65.239746,43.83,43.45,23.13,22.80,90.35,156.8,149.0,5.0,283,3.759,08:50:34,2023-03-09,-0.11,0.000,-0.002,-9999.000,0.027,3.204,-9999.000,1,150,0.005,2.000000,0,mpf,7000,500,5.000000,2.000000,300,300,300,309.602386,25,-8.354839,306.357269,309.210358,-2.853088,2.459165,2.473969,1.656373,0.918558,0.293890,-0.003159,0.305151,0.361592,135.856750,0.000238,2.388960,-0.000025,1.000000,2.402765,-0.000034,1.000000,0.600816,0.600971,0.107301,0.000000,PSF-00438_20230309085754,PFA-00474,PSA-00486,PSF-00438,RHS-00603,2.0.0,2021-01-19T12:57:14.097Z
6,08:58:15,2023-03-09,Auto gsw+F,LI-COR Default,,006,,,0.003717,2.921554,0.003712,0.069265,1.229145,1.227405,2.876666,1.647521,13.584435,13.603700,31.837814,0.441786,PSF-00438_20230309085815,0.000000,0.000000,0.000000,95.438004,249.693039,0.617779,0.5,0.80,55.077259,43.36,43.30,23.09,23.33,90.35,156.7,130.3,16.9,223,3.759,08:50:34,2023-03-09,-0.11,-0.000,-0.000,-9999.000,0.528,0.342,-9999.000,1,150,0.005,2.000000,0,mpf,7000,500,5.000000,2.000000,300,300,300,236.370926,25,-10.469066,231.213562,234.727600,-3.514038,2.458969,2.473340,1.655338,0.872354,0.294385,0.003261,0.306683,0.307801,95.438004,0.000239,2.388960,-0.000025,1.000000,2.402765,-0.000034,1.000000,0.600816,0.600971,0.107301,0.000000,PSF-00438_20230309085815,PFA-00474,PSA-00486,PSF-00438,RHS-00603,2.0.0,2021-01-19T12:57:14.097Z
1,11:28:22,2023-03-09,Auto gsw+F,LI-COR Default,,001,,,0.010798,2.922285,0.010758,0.217009,1.334246,1.328801,3.112470,1.778223,14.702991,14.763242,34.439018,0.441786,PSF-00438_20230309112822,0.000000,0.000000,0.000000,99.737045,164.158890,0.392436,0.5,0.80,82.747192,45.11,44.92,23.79,24.64,90.38,156.8,152.4,2.8,527,4.108,11:25:40,2023-03-09,-0.15,-0.000,-0.001,-9999.000,-1.227,-0.791,-9999.000,1,150,0.005,2.000000,0,mpf,7000,500,5.000000,2.000000,300,300,300,150.936127,25,-10.847257,143.494247,148.652832,-5.158585,2.461013,2.475622,1.656104,0.927160,0.286189,0.010090,0.089157,0.581498,99.737045,0.000239,2.388960,-0.000025,1.000000,2.402765,-0.000034,1.000000,0.600816,0.600971,0.107301,0.000000,PSF-00438_20230309112822,PFA-00474,PSA-00486,PSF-00438,RHS-00603,2.0.0,2021-01-19T12:57:14.097Z
2,11:29:55,2023-03-09,Auto gsw+F,LI-COR Default,,002,,,0.048945,2.921755,0.048138,0.952745,1.414706,1.390811,3.158244,1.743537,15.388437,15.652828,34.943958,0.441786,PSF-00438_20230309112955,0.000000,0.000000,0.000000,106.943604,172.949112,0.381647,0.5,0.80,123.433350,46.66,45.87,24.20,24.89,90.38,156.7,135.7,13.4,809,4.103,11:25:40,2023-03-09,-0.15,-0.000,-0.002,-9999.000,1.523,-3.731,-9999.000,1,150,0.005,2.000000,0,mpf,7000,500,5.000000,2.000000,300,300,300,170.859940,25,-1.525524,170.661087,170.768387,-0.107300,2.462200,2.477635,1.655548,0.885651,0.281525,0.008195,0.102154,0.834653,106.943604,0.000241,2.388960,-0.000025,1.000000,2.402765,-0.000034,1.000000,0.600816,0.600971,0.107301,0.000000,PSF-00438_20230309112955,PFA-00474,PSA-00486,PSF-00438,RHS-00603,2.0.0,2021-01-19T12:57:14.097Z
3,11:32:08,2023-03-09,Auto gsw+F,LI-COR Default,,003,,,0.010135,2.923790,0.010100,0.202976,1.506886,1.501810,3.274919,1.768032,16.618544,16.674721,36.239204,0.441786,PSF-00438_20230309113208,0.000000,0.000000,0.000000,92.143539,227.689407,0.595310,0.5,0.80,101.721642,47.80,47.64,24.86,25.50,90.37,157.0,133.5,15.0,427,4.100,11:25:40,2023-03-09,-0.15,-0.001,-0.001,-9999.000,0.378,-0.257,-9999.000,1,150,0.005,2.000000,0,mpf,7000,500,5.000000,2.000000,300,300,300,217.968460,25,-6.880349,216.370941,217.854004,-1.483063,2.464421,2.479021,1.657685,0.880115,0.274301,0.007719,0.119863,0.491578,92.143539,0.000243,2.388960,-0.000025,1.000000,2.402765,-0.000034,1.000000,0.600816,0.600971,0.107301,0.000000,PSF-00438_20230309113208,PFA-00474,PSA-00486,PSF-00438,RHS-00603,2.0.0,2021-01-19T12:57:14.097Z
4,11:33:33,2023-03-09,Auto gsw+F,LI-COR Default,,004,,,0.082706,2.921524,0.080429,1.485817,1.553738,1.516525,3.179609,1.625871,16.779894,17.191645,35.181427,0.441786,PSF-00438_20230309113333,0.000000,0.000000,0.000000,142.482513,369.972260,0.614883,0.5,0.80,148.655792,48.07,46.92,25.27,25.00,90.38,156.7,135.8,13.3,604,4.099,11:25:40,2023-03-09,-0.15,-0.001,-0.000,-0.003,1.311,4.554,12.011,1,150,0.005,2.000000,0,mpf,7000,500,5.000000,2.000000,300,300,300,352.756622,25,-12.756439,348.784790,351.737030,-2.952240,2.463365,2.479289,1.655307,0.885890,0.269763,-0.002735,0.130609,0.651006,142.482513,0.000242,2.388960,-0.000025,1.000000,2.402765,-0.000034,1.000000,0.600816,0.600971,0.107301,0.000000,PSF-00438_20230309113333,PFA-00474,PSA-00486,PSF-00438,RHS-00603,2.0.0,2021-01-19T12:57:14.097Z
5,11:37:08,2023-03-09,Auto gsw+F,LI-COR Default,,005,,,0.006637,2.923076,0.006622,0.147294,1.656136,1.652456,3.608089,1.951953,18.282764,18.323484,39.919891,0.441786,PSF-00438_20230309113708,0.000000,0.000000,0.000000,132.505417,216.223190,0.387182,0.5,0.80,71.244354,47.96,47.85,26.39,27.14,90.38,156.9,153.9,1.9,460,4.091,11:25:40,2023-03-09,-0.15,0.002,0.001,-9999.000,2.963,1.491,-9999.000,1,150,0.005,2.000000,0,mpf,7000,500,5.000000,2.000000,300,300,300,206.923843,25,-6.925914,204.550629,206.322662,-1.772034,2.464347,2.478865,1.656933,0.930845,0.258016,0.008947,0.156615,0.521119,132.505417,0.000242,2.388960,-0.000025,1.000000,2.402765,-0.000034,1.000000,0.600816,0.600971,0.107301,0.000000,PSF-00438_20230309113708,PFA-00474,PSA-00486,PSF-00438,RHS-00603,2.0.0,2021-01-19T12:57:14.097Z
6,11:39:00,2023-03-09,Auto gsw+F,LI-COR Default,,006,,,0.012177,2.921824,0.012126,0.318385,1.684466,1.676504,3.983375,2.298909,18.546991,18.635073,44.067665,0.441786,PSF-00438_20230309113900,0.000000,0.000000,0.000000,108.379128,179.562973,0.396428,0.5,0.80,117.237045,46.59,46.37,27.17,28.83,90.39,156.7,134.9,13.9,739,4.090,11:37:43,2023-03-09,-0.11,0.002,-0.000,-9999.000,-2.592,1.767,-9999.000,1,150,0.005,2.000000,0,mpf,7000,500,5.000000,2.000000,300,300,300,167.727478,25,-9.153142,163.159851,166.478638,-3.318787,2.462193,2.476790,1.655620,0.883607,0.250139,0.019758,0.169313,0.772382,108.379128,0.000245,2.388960,-0.000025,1.000000,2.402765,-0.000034,1.000000,0.600816,0.600971,0.107301,0.000000,PSF-00438_20230309113900,PFA-00474,PSA-00486,PSF-00438,RHS-00603,2.0.0,2021-01-19T12:57:14.097Z
7,11:40:53,2023-03-09,Auto gsw+F,LI-COR Default,,007,,,0.039223,2.922348,0.038704,1.069603,1.648765,1.622019,4.067739,2.418973,17.944822,18.240723,45.002457,0.441786,PSF-00438_20230309114053,0.000000,0.000000,0.000000,82.480072,162.911041,0.493711,0.5,0.80,137.337189,44.02,43.31,27.78,29.20,90.39,156.8,156.3,0.3,695,4.086,11:37:43,2023-03-09,-0.11,0.000,-0.002,-9999.000,0.855,1.532,-9999.000,1,150,0.005,2.000000,0,mpf,7000,500,5.000000,2.000000,300,300,300,157.935623,25,-3.569580,157.579773,157.808365,-0.228592,2.457952,2.473181,1.656170,0.937154,0.244221,0.016971,0.181750,0.732891,82.480072,0.000243,2.388960,-0.000025,1.000000,2.402765,-0.000034,1.000000,0.600816,0.600971,0.107301,0.000000,PSF-00438_20230309114053,PFA-00474,PSA-00486,PSF-00438,RHS-00603,2.0.0,2021-01-19T12:57:14.097Z
8,11:42:32,2023-03-09,Auto gsw+F,LI-COR Default,,008,,,0.022299,2.923841,0.022130,0.599437,1.779004,1.764054,4.147212,2.368208,19.515217,19.680609,45.879410,0.441786,PSF-00438_20230309114232,0.000000,0.000000,0.000000,97.659943,183.776321,0.468593,0.5,0.80,125.958900,46.14,45.75,28.27,29.53,90.39,157.0,155.3,1.0,672,4.084,11:37:43,2023-03-09,-0.11,0.000,0.001,-9999.000,-2.231,0.975,-9999.000,1,150,0.005,2.000000,0,mpf,7000,500,5.000000,2.000000,300,300,300,173.049332,25,-7.767959,170.618179,172.672089,-2.053909,2.461116,2.475924,1.657737,0.934541,0.239440,0.015077,0.192432,0.711816,97.659943,0.000248,2.388960,-0.000025,1.000000,2.402765,-0.000034,1.000000,0.600816,0.600971,0.107301,0.000000,PSF-00438_20230309114232,PFA-00474,PSA-00486,PSF-00438,RHS-00603,2.0.0,2021-01-19T12:57:14.097Z
9,11:44:50,2023-03-09,Auto gsw+F,LI-COR Default,,009,,,0.014356,2.922605,0.014286,0.373014,1.684889,1.675567,3.971178,2.286289,18.537495,18.640625,43.934788,0.441786,PSF-00438_20230309114450,0.000000,0.000000,0.000000,147.603745,336.362976,0.561177,0.5,0.80,121.638672,42.46,42.22,28.77,28.78,90.39,156.8,152.7,2.6,542,4.080,11:37:43,2023-03-09,-0.11,-0.001,0.000,-9999.000,8.155,1.849,-9999.000,1,150,0.005,2.000000,0,mpf,7000,500,5.000000,2.000000,300,300,300,321.446289,25,-11.105156,317.390442,320.488251,-3.097809,2.456275,2.470834,1.656439,0.927868,0.234786,0.000343,0.206848,0.594769,147.603745,0.000247,2.388960,-0.000025,1.000000,2.402765,-0.000034,1.000000,0.600816,0.600971,0.107301,0.000000,PSF-00438_20230309114450,PFA-00474,PSA-00486,PSF-00438,RHS-00603,2.0.0,2021-01-19T12:57:14.097Z
10,11:47:04,2023-03-09,Auto gsw+F,LI-COR Default,,010,,,0.006605,2.922355,0.006590,0.185992,1.741543,1.736896,4.209004,2.467461,19.212870,19.264269,46.558361,0.441786,PSF-00438_20230309114704,0.000000,0.000000,0.000000,131.688599,414.527893,0.682317,0.5,0.80,95.072113,42.92,42.81,29.15,29.79,90.40,156.8,144.9,7.6,348,4.076,11:37:43,2023-03-09,-0.11,-0.002,-0.001,-9999.000,0.790,0.614,-9999.000,1,150,0.005,2.000000,0,mpf,7000,500,5.000000,2.000000,300,300,300,400.720245,25,-9.976961,398.314117,400.265900,-1.951782,2.456987,2.471387,1.656177,0.908213,0.231269,0.007746,0.220738,0.420659,131.688599,0.000245,2.388960,-0.000025,1.000000,2.402765,-0.000034,1.000000,0.600816,0.600971,0.107301,0.000000,PSF-00438_20230309114704,PFA-00474,PSA-00486,PSF-00438,RHS-00603,2.0.0,2021-01-19T12:57:14.097Z
11,11:50:21,2023-03-09,Auto gsw+F,LI-COR Default,,011,,,0.069460,2.921904,0.067847,1.698435,1.826411,1.783994,4.016828,2.190417,19.729595,20.198687,44.423000,0.441786,PSF-00438_20230309115021,0.000000,0.000000,0.000000,152.674911,224.205032,0.319039,0.5,0.80,79.049179,43.57,42.56,29.72,28.98,90.42,156.7,145.2,7.4,619,4.071,11:37:43,2023-03-09,-0.11,0.001,0.004,0.004,0.142,-0.562,18.353,1,150,0.005,2.000000,0,mpf,7000,500,5.000000,2.000000,300,300,300,218.716980,25,-4.518248,216.743942,217.746231,-1.002289,2.456533,2.472141,1.655705,0.908979,0.226169,-0.008551,0.240063,0.664523,152.674911,0.000246,2.388960,-0.000025,1.000000,2.402765,-0.000034,1.000000,0.600816,0.600971,0.107301,0.000000,PSF-00438_20230309115021,PFA-00474,PSA-00486,PSF-00438,RHS-00603,2.0.0,2021-01-19T12:57:14.097Z
12,11:51:12,2023-03-09,Auto gsw+F,LI-COR Default,,012,,,0.051112,2.923094,0.050234,1.494315,1.752039,1.714728,4.350791,2.598752,18.965557,19.378227,48.121426,0.441786,PSF-00438_20230309115112,0.000000,0.000000,0.000000,74.952362,159.551788,0.530232,0.5,0.80,147.224808,41.52,40.63,29.83,30.37,90.41,156.9,156.2,0.5,694,4.070,11:51:00,2023-03-09,-0.12,0.001,0.001,-9999.000,-0.701,-0.418,-9999.000,1,150,0.005,2.000000,0,mpf,7000,500,5.000000,2.000000,300,300,300,147.393463,25,-8.400404,146.516205,147.543488,-1.027283,2.453911,2.469338,1.656952,0.936669,0.225129,0.006520,0.244818,0.731739,74.952362,0.000242,2.388960,-0.000025,1.000000,2.402765,-0.000034,1.000000,0.600816,0.600971,0.107301,0.000000,PSF-00438_20230309115112,PFA-00474,PSA-00486,PSF-00438,RHS-00603,2.0.0,2021-01-19T12:57:14.097Z
13,11:54:33,2023-03-09,Auto gsw+F,LI-COR Default,,013,,,0.086903,2.922893,0.084394,2.250853,1.864359,1.808217,4.195075,2.330716,19.998421,20.619329,46.396454,0.441786,PSF-00438_20230309115433,0.000000,0.000000,0.000000,99.481346,277.288361,0.641235,0.5,0.80,122.194435,43.37,42.07,30.15,29.73,90.42,156.8,150.4,4.1,476,4.064,11:51:00,2023-03-09,-0.12,-0.001,-0.003,-9999.000,-0.329,-1.128,-9999.000,1,150,0.005,2.000000,0,mpf,7000,500,5.000000,2.000000,300,300,300,256.989960,25,-15.607000,250.445724,254.978287,-4.532562,2.455779,2.471785,1.656741,0.922181,0.222303,-0.004868,0.263548,0.535858,99.481346,0.000245,2.388960,-0.000025,1.000000,2.402765,-0.000034,1.000000,0.600816,0.600971,0.107301,0.000000,PSF-00438_20230309115433,PFA-00474,PSA-00486,PSF-00438,RHS-00603,2.0.0,2021-01-19T12:57:14.097Z
14,11:58:01,2023-03-09,Auto gsw+F,LI-COR Default,,014,,,0.046797,2.921404,0.046059,1.342312,1.811553,1.778020,4.356283,2.544730,19.668034,20.038973,48.188175,0.441786,PSF-00438_20230309115801,0.000000,0.000000,0.000000,152.231812,212.413162,0.283322,0.5,0.80,53.456047,42.01,41.23,30.21,30.39,90.40,156.7,130.8,16.5,472,4.060,11:51:00,2023-03-09,-0.12,0.001,0.003,-9999.000,0.385,-0.670,-9999.000,1,150,0.005,2.000000,0,mpf,7000,500,5.000000,2.000000,300,300,300,208.192703,25,-3.847527,205.996155,206.913162,-0.917007,2.454636,2.469920,1.655180,0.873598,0.221796,0.002263,0.282161,0.531618,152.231812,0.000246,2.388960,-0.000025,1.000000,2.402765,-0.000034,1.000000,0.600816,0.600971,0.107301,0.000000,PSF-00438_20230309115801,PFA-00474,PSA-00486,PSF-00438,RHS-00603,2.0.0,2021-01-19T12:57:14.097Z
15,11:59:56,2023-03-09,Auto gsw+F,LI-COR Default,,015,,,0.036473,2.921475,0.036023,1.047637,1.794434,1.768257,4.334496,2.540062,19.559233,19.848782,47.945179,0.441786,PSF-00438_20230309115956,0.000000,0.000000,0.000000,119.883301,239.827133,0.500126,0.5,0.80,130.220062,41.29,40.69,30.35,30.30,90.41,156.7,154.7,1.2,651,4.057,11:51:00,2023-03-09,-0.12,-0.000,-0.001,-0.001,-4.303,-2.709,-9.984,1,150,0.005,2.000000,0,mpf,7000,500,5.000000,2.000000,300,300,300,233.159058,25,-4.428940,233.856079,233.496002,0.360077,2.453880,2.468920,1.655255,0.933020,0.220630,-0.000384,0.292394,0.692863,119.883301,0.000245,2.388960,-0.000025,1.000000,2.402765,-0.000034,1.000000,0.600816,0.600971,0.107301,0.000000,PSF-00438_20230309115956,PFA-00474,PSA-00486,PSF-00438,RHS-00603,2.0.0,2021-01-19T12:57:14.097Z
16,12:02:08,2023-03-09,Auto gsw+F,LI-COR Default,,016,,,0.041044,2.923055,0.040475,1.186147,1.781485,1.751880,4.341207,2.559721,19.377485,19.704952,48.017948,0.441786,PSF-00438_20230309120208,0.000000,0.000000,0.000000,108.154533,299.052460,0.638343,0.5,0.80,97.991501,40.60,39.93,30.51,30.33,90.41,156.9,146.8,6.4,384,4.054,12:01:31,2023-03-09,-0.12,0.001,0.001,-9999.000,-1.683,-1.112,-9999.000,1,150,0.005,2.000000,0,mpf,7000,500,5.000000,2.000000,300,300,300,293.988708,25,-3.335374,294.641022,294.284576,0.356445,2.452817,2.467956,1.656911,0.913010,0.219183,-0.002063,0.303454,0.452531,108.154533,0.000246,2.388960,-0.000025,1.000000,2.402765,-0.000034,1.000000,0.600816,0.600971,0.107301,0.000000,PSF-00438_20230309120208,PFA-00474,PSA-00486,PSF-00438,RHS-00603,2.0.0,2021-01-19T12:57:14.097Z
17,12:03:24,2023-03-09,Auto gsw+F,LI-COR Default,,017,,,0.068677,2.921335,0.067100,1.977771,1.620059,1.570539,4.198981,2.578922,17.372358,17.920116,46.446594,0.441786,PSF-00438_20230309120324,0.000000,0.000000,0.000000,129.422302,230.343323,0.438133,0.5,0.80,173.859543,36.86,35.73,30.54,29.75,90.40,156.7,149.8,4.4,992,4.053,12:01:31,2023-03-09,-0.12,-0.000,-0.001,-9999.000,-1.835,-2.245,-9999.000,1,150,0.005,2.000000,0,mpf,7000,500,5.000000,2.000000,300,300,300,221.638443,25,-6.014609,222.322937,221.745483,0.577454,2.447072,2.462802,1.655109,0.920544,0.218909,-0.009347,0.309778,0.999716,129.422302,0.000244,2.388960,-0.000025,1.000000,2.402765,-0.000034,1.000000,0.600816,0.600971,0.107301,0.000000,PSF-00438_20230309120324,PFA-00474,PSA-00486,PSF-00438,RHS-00603,2.0.0,2021-01-19T12:57:14.097Z
18,12:04:30,2023-03-09,Auto gsw+F,LI-COR Default,,018,,,0.044722,2.923498,0.044048,1.363665,1.722262,1.688218,4.425785,2.703523,18.674871,19.051466,48.957531,0.441786,PSF-00438_20230309120430,0.000000,0.000000,0.000000,99.064705,203.541550,0.513295,0.5,0.80,149.967377,39.13,38.36,30.57,30.66,90.40,156.9,155.9,0.6,730,4.052,12:01:31,2023-03-09,-0.12,0.000,0.002,-0.002,-4.290,-2.183,-7.708,1,150,0.005,2.000000,0,mpf,7000,500,5.000000,2.000000,300,300,300,196.990723,25,-4.401600,197.679871,197.249496,0.430374,2.450669,2.465930,1.657377,0.936101,0.218706,0.001306,0.315177,0.764359,99.064705,0.000245,2.388960,-0.000025,1.000000,2.402765,-0.000034,1.000000,0.600816,0.600971,0.107301,0.000000,PSF-00438_20230309120430,PFA-00474,PSA-00486,PSF-00438,RHS-00603,2.0.0,2021-01-19T12:57:14.097Z
19,12:05:20,2023-03-09,Auto gsw+F,LI-COR Default,,019,,,0.051335,2.922222,0.050449,1.709363,1.793680,1.750996,4.745948,2.952269,19.369318,19.841478,52.499138,0.441786,PSF-00438_20230309120520,0.000000,0.000000,0.000000,89.236382,158.981216,0.438699,0.5,0.80,154.278198,40.65,39.68,30.61,31.89,90.40,156.8,156.1,0.5,879,4.050,12:01:31,2023-03-09,-0.12,-0.001,-0.003,-9999.000,2.126,-3.125,-9999.000,1,150,0.005,2.000000,0,mpf,7000,500,5.000000,2.000000,300,300,300,148.309708,25,-7.576585,146.209717,148.150558,-1.940842,2.452464,2.467999,1.656037,0.936400,0.218329,0.015592,0.319242,0.898185,89.236382,0.000246,2.388960,-0.000025,1.000000,2.402765,-0.000034,1.000000,0.600816,0.600971,0.107301,0.000000,PSF-00438_20230309120520,PFA-00474,PSA-00486,PSF-00438,RHS-00603,2.0.0,2021-01-19T12:57:14.097Z
20,12:06:41,2023-03-09,Auto gsw+F,LI-COR Default,,020,,,0.017121,2.922498,0.017021,0.563824,1.866948,1.852883,4.752029,2.885081,20.494736,20.650312,52.562187,0.441786,PSF-00438_20230309120641,0.000000,0.000000,0.000000,88.824036,149.590836,0.406220,0.5,0.80,145.060822,42.06,41.74,30.72,31.91,90.41,156.8,155.9,0.6,893,4.048,12:01:31,2023-03-09,-0.12,0.002,0.003,-9999.000,-1.403,-0.423,-9999.000,1,150,0.005,2.000000,0,mpf,7000,500,5.000000,2.000000,300,300,300,134.596466,25,-12.303521,126.855972,132.003052,-5.147079,2.455220,2.469889,1.656327,0.936103,0.217428,0.014602,0.325667,0.910389,88.824036,0.000246,2.388960,-0.000025,1.000000,2.402765,-0.000034,1.000000,0.600816,0.600971,0.107301,0.000000,PSF-00438_20230309120641,PFA-00474,PSA-00486,PSF-00438,RHS-00603,2.0.0,2021-01-19T12:57:14.097Z
21,12:08:49,2023-03-09,Auto gsw+F,LI-COR Default,,021,,,0.019500,2.923061,0.019370,0.613216,1.801932,1.786631,4.563133,2.761201,19.762743,19.931997,50.474903,0.441786,PSF-00438_20230309120849,0.000000,0.000000,0.000000,101.111053,199.597565,0.493425,0.5,0.80,146.673309,40.14,39.80,30.91,31.20,90.40,156.9,147.1,6.2,743,4.045,12:01:31,2023-03-09,-0.12,0.001,0.001,-0.002,1.031,0.692,-7.055,1,150,0.005,2.000000,0,mpf,7000,500,5.000000,2.000000,300,300,300,191.054108,25,-6.145837,189.395432,190.812149,-1.416718,2.452568,2.467247,1.656917,0.913760,0.215772,0.003617,0.335163,0.775805,101.111053,0.000245,2.388960,-0.000025,1.000000,2.402765,-0.000034,1.000000,0.600816,0.600971,0.107301,0.000000,PSF-00438_20230309120849,PFA-00474,PSA-00486,PSF-00438,RHS-00603,2.0.0,2021-01-19T12:57:14.097Z
22,12:09:59,2023-03-09,Auto gsw+F,LI-COR Default,,022,,,0.000233,2.923880,0.000233,0.007729,1.847338,1.847146,4.734734,2.887396,20.434612,20.436743,52.379433,0.441786,PSF-00438_20230309120959,0.000000,0.000000,0.000000,77.290535,114.739479,0.326382,0.5,0.80,95.276688,40.86,40.86,31.04,31.85,90.39,157.0,154.4,1.6,730,4.044,12:01:31,2023-03-09,-0.12,0.000,0.001,-9999.000,0.135,-4.015,-9999.000,1,150,0.005,2.000000,0,mpf,7000,500,5.000000,2.000000,300,300,300,109.645844,25,-4.144613,107.259750,108.814789,-1.555038,2.453969,2.468201,1.657779,0.932311,0.214714,0.009970,0.340340,0.763800,77.290535,0.000246,2.388960,-0.000025,1.000000,2.402765,-0.000034,1.000000,0.600816,0.600971,0.107301,0.000000,PSF-00438_20230309120959,PFA-00474,PSA-00486,PSF-00438,RHS-00603,2.0.0,2021-01-19T12:57:14.097Z
23,12:12:53,2023-03-09,Auto gsw+F,LI-COR Default,,023,,,0.020636,2.922123,0.020491,0.562108,1.857776,1.843749,4.253678,2.395903,20.396358,20.551525,47.056046,0.441786,PSF-00438_20230309121253,0.000000,0.000000,0.000000,119.865776,316.141205,0.620847,0.5,0.80,140.968597,40.48,40.17,31.30,29.97,90.40,156.8,134.5,14.2,568,4.040,12:01:31,2023-03-09,-0.12,-0.001,-0.002,-9999.000,-1.320,-4.841,-9999.000,1,150,0.005,2.000000,0,mpf,7000,500,5.000000,2.000000,300,300,300,298.332458,25,-12.298965,296.878326,298.559937,-1.681610,2.452989,2.467620,1.655934,0.882642,0.212487,-0.015771,0.352690,0.617937,119.865776,0.000247,2.388960,-0.000025,1.000000,2.402765,-0.000034,1.000000,0.600816,0.600971,0.107301,0.000000,PSF-00438_20230309121253,PFA-00474,PSA-00486,PSF-00438,RHS-00603,2.0.0,2021-01-19T12:57:14.097Z
24,12:14:04,2023-03-09,Auto gsw+F,LI-COR Default,,024,,,0.036358,2.921597,0.035911,1.174834,1.866896,1.837571,4.716506,2.849610,20.328182,20.652588,52.176476,0.441786,PSF-00438_20230309121404,0.000000,0.000000,0.000000,69.885490,143.484589,0.512941,0.5,0.80,119.341896,40.40,39.77,31.42,31.78,90.40,156.7,136.6,12.8,582,4.036,12:13:23,2023-03-09,-0.11,-0.000,-0.000,0.001,-2.253,0.901,10.756,1,150,0.005,2.000000,0,mpf,7000,500,5.000000,2.000000,300,300,300,143.484589,25,5.255493,134.971970,150.997269,-16.025299,2.452414,2.467463,1.655383,0.887791,0.211484,0.004484,0.357610,0.630540,69.885490,0.000246,2.388960,-0.000025,1.000000,2.402765,-0.000034,1.000000,0.600816,0.600971,0.107301,0.000000,PSF-00438_20230309121404,PFA-00474,PSA-00486,PSF-00438,RHS-00603,2.0.0,2021-01-19T12:57:14.097Z
25,12:16:16,2023-03-09,Auto gsw+F,LI-COR Default,,025,,,0.010374,2.922724,0.010338,0.336694,1.868691,1.860294,4.706072,2.837381,20.577272,20.670158,52.055298,0.441786,PSF-00438_20230309121616,0.000000,0.000000,0.000000,152.530792,286.651642,0.467888,0.5,0.80,98.978592,40.01,39.83,31.61,31.74,90.41,156.8,131.7,16.0,529,4.035,12:13:23,2023-03-09,-0.11,0.001,0.001,-9999.000,-0.766,-1.265,-9999.000,1,150,0.005,2.000000,0,mpf,7000,500,5.000000,2.000000,300,300,300,280.597687,25,-4.308648,279.440399,280.492462,-1.052063,2.452462,2.466890,1.656564,0.875813,0.209926,0.001731,0.366653,0.583045,152.530792,0.000245,2.388960,-0.000025,1.000000,2.402765,-0.000034,1.000000,0.600816,0.600971,0.107301,0.000000,PSF-00438_20230309121616,PFA-00474,PSA-00486,PSF-00438,RHS-00603,2.0.0,2021-01-19T12:57:14.097Z
26,12:20:00,2023-03-09,Auto gsw+F,LI-COR Default,,026,,,0.022265,2.923135,0.022097,0.717770,1.809939,1.792034,4.641495,2.831556,19.824368,20.022449,51.346531,0.441786,PSF-00438_20230309122000,0.000000,0.000000,0.000000,96.223709,211.854584,0.545803,0.5,0.80,162.605194,38.61,38.23,31.68,31.50,90.40,156.9,152.8,2.6,745,4.029,12:13:23,2023-03-09,-0.11,0.001,0.000,-9999.000,-3.553,-0.058,-9999.000,1,150,0.005,2.000000,0,mpf,7000,500,5.000000,2.000000,300,300,300,200.734024,25,-7.656780,200.294144,200.909286,-0.615143,2.450277,2.464963,1.656996,0.928195,0.209391,-0.001999,0.381330,0.777298,96.223709,0.000247,2.388960,-0.000025,1.000000,2.402765,-0.000034,1.000000,0.600816,0.600971,0.107301,0.000000,PSF-00438_20230309122000,PFA-00474,PSA-00486,PSF-00438,RHS-00603,2.0.0,2021-01-19T12:57:14.097Z
27,12:21:01,2023-03-09,Auto gsw+F,LI-COR Default,,027,,,0.193569,2.921887,0.181542,4.914392,1.968380,1.845881,4.330155,2.361775,20.420055,21.775196,47.902328,0.441786,PSF-00438_20230309122101,0.000000,0.000000,0.000000,178.118713,271.749939,0.344549,0.5,0.80,68.498680,42.06,39.44,31.65,30.28,90.40,156.7,153.7,1.9,497,4.027,12:13:23,2023-03-09,-0.11,0.001,0.004,0.009,-0.164,1.287,13.557,1,150,0.005,2.000000,0,mpf,7000,500,5.000000,2.000000,300,300,300,264.959351,25,-6.756411,260.744690,262.091705,-1.347015,2.451929,2.469663,1.655686,0.930373,0.209630,-0.016238,0.385461,0.554402,178.118713,0.000245,2.388960,-0.000025,1.000000,2.402765,-0.000034,1.000000,0.600816,0.600971,0.107301,0.000000,PSF-00438_20230309122101,PFA-00474,PSA-00486,PSF-00438,RHS-00603,2.0.0,2021-01-19T12:57:14.097Z
28,12:21:37,2023-03-09,Auto gsw+F,LI-COR Default,,028,,,0.024717,2.924495,0.024510,0.654170,1.774673,1.758365,4.108827,2.334154,19.451691,19.632099,45.453388,0.441786,PSF-00438_20230309122137,0.000000,0.000000,0.000000,109.800697,346.196411,0.682837,0.5,0.80,167.105606,37.96,37.61,31.63,29.37,90.40,157.0,152.7,2.8,612,4.027,12:13:23,2023-03-09,-0.11,0.001,-0.001,-9999.000,1.911,0.194,-9999.000,1,150,0.005,2.000000,0,mpf,7000,500,5.000000,2.000000,300,300,300,327.081787,25,-13.532871,332.929718,326.851288,6.078430,2.449443,2.464078,1.658426,0.927855,0.209774,-0.026839,0.387885,0.657663,109.800697,0.000246,2.388960,-0.000025,1.000000,2.402765,-0.000034,1.000000,0.600816,0.600971,0.107301,0.000000,PSF-00438_20230309122137,PFA-00474,PSA-00486,PSF-00438,RHS-00603,2.0.0,2021-01-19T12:57:14.097Z
29,12:24:34,2023-03-09,Auto gsw+F,LI-COR Default,,029,,,0.035839,2.921297,0.035404,1.072601,1.819783,1.792989,4.463304,2.643521,19.834328,20.130733,49.373783,0.441786,PSF-00438_20230309122434,0.000000,0.000000,0.000000,155.402893,333.678436,0.534274,0.5,0.80,101.394821,39.15,38.57,31.53,30.81,90.40,156.7,149.8,4.4,474,4.022,12:13:23,2023-03-09,-0.11,0.000,0.001,-9999.000,-0.994,-0.680,-9999.000,1,150,0.005,2.000000,0,mpf,7000,500,5.000000,2.000000,300,300,300,315.776459,25,-13.099091,310.889130,314.953400,-4.064270,2.450777,2.465735,1.655069,0.920434,0.210626,-0.008454,0.399782,0.534103,155.402893,0.000246,2.388960,-0.000025,1.000000,2.402765,-0.000034,1.000000,0.600816,0.600971,0.107301,0.000000,PSF-00438_20230309122434,PFA-00474,PSA-00486,PSF-00438,RHS-00603,2.0.0,2021-01-19T12:57:14.097Z
30,12:26:14,2023-03-09,Auto gsw+F,LI-COR Default,,030,,,0.030896,2.923160,0.030573,0.968155,1.817759,1.793607,4.579293,2.761534,19.840071,20.107225,50.654072,0.441786,PSF-00438_20230309122614,0.000000,0.000000,0.000000,95.268486,145.218582,0.343965,0.5,0.80,78.349960,38.83,38.31,31.65,31.26,90.40,156.9,149.8,4.5,569,4.021,12:25:32,2023-03-09,-0.10,0.001,0.001,-9999.000,-3.218,-3.434,-9999.000,1,150,0.005,2.000000,0,mpf,7000,500,5.000000,2.000000,300,300,300,137.021179,25,-6.416495,133.178467,136.046265,-2.867798,2.450401,2.465264,1.657022,0.920644,0.209597,-0.004556,0.406383,0.619571,95.268486,0.000245,2.388960,-0.000025,1.000000,2.402765,-0.000034,1.000000,0.600816,0.600971,0.107301,0.000000,PSF-00438_20230309122614,PFA-00474,PSA-00486,PSF-00438,RHS-00603,2.0.0,2021-01-19T12:57:14.097Z
31,12:26:51,2023-03-09,Auto gsw+F,LI-COR Default,,031,,,0.019249,2.921653,0.019123,0.685795,1.735256,1.718111,4.859238,3.123981,19.004341,19.193983,53.748913,0.441786,PSF-00438_20230309122651,0.000000,0.000000,0.000000,37.604927,70.965042,0.470092,0.5,0.80,124.056496,37.00,36.63,31.68,32.31,90.41,156.7,151.5,3.3,660,4.020,12:25:32,2023-03-09,-0.10,-0.000,-0.002,-9999.000,-0.200,0.683,-9999.000,1,150,0.005,2.000000,0,mpf,7000,500,5.000000,2.000000,300,300,300,54.099083,25,-12.286662,48.417809,53.401363,-4.983555,2.448103,2.462742,1.655441,0.924849,0.209333,0.007731,0.408495,0.700787,37.604927,0.000248,2.388960,-0.000025,1.000000,2.402765,-0.000034,1.000000,0.600816,0.600971,0.107301,0.000000,PSF-00438_20230309122651,PFA-00474,PSA-00486,PSF-00438,RHS-00603,2.0.0,2021-01-19T12:57:14.097Z
32,12:27:45,2023-03-09,Auto gsw+F,LI-COR Default,,032,,,0.014843,2.922629,0.014768,0.484841,1.784185,1.772082,4.646413,2.862228,19.603539,19.737434,51.400642,0.441786,PSF-00438_20230309122745,0.000000,0.000000,0.000000,159.622192,310.615784,0.486110,0.5,0.80,90.332909,37.97,37.71,31.72,31.52,90.40,156.8,145.7,7.1,465,4.018,12:25:32,2023-03-09,-0.10,-0.001,-0.000,-9999.000,-1.221,-3.692,-9999.000,1,150,0.005,2.000000,0,mpf,7000,500,5.000000,2.000000,300,300,300,283.886444,25,-20.535334,272.742737,281.260712,-8.517975,2.449571,2.464072,1.656464,0.910241,0.209056,-0.002268,0.411750,0.525213,159.622192,0.000247,2.388960,-0.000025,1.000000,2.402765,-0.000034,1.000000,0.600816,0.600971,0.107301,0.000000,PSF-00438_20230309122745,PFA-00474,PSA-00486,PSF-00438,RHS-00603,2.0.0,2021-01-19T12:57:14.097Z
33,12:29:07,2023-03-09,Auto gsw+F,LI-COR Default,,033,,,0.086485,2.921957,0.083999,2.561773,1.800635,1.736659,4.462090,2.661454,19.211100,19.918808,49.360081,0.441786,PSF-00438_20230309122907,0.000000,0.000000,0.000000,118.807198,269.153931,0.558590,0.5,0.80,92.040909,38.27,36.91,31.74,30.81,90.40,156.7,145.8,7.0,412,4.017,12:25:32,2023-03-09,-0.10,0.000,-0.000,-9999.000,0.184,0.132,-9999.000,1,150,0.005,2.000000,0,mpf,7000,500,5.000000,2.000000,300,300,300,259.088867,25,-7.824460,255.243652,257.968933,-2.725281,2.448473,2.464481,1.655759,0.910396,0.208872,-0.011088,0.416737,0.477864,118.807198,0.000246,2.388960,-0.000025,1.000000,2.402765,-0.000034,1.000000,0.600816,0.600971,0.107301,0.000000,PSF-00438_20230309122907,PFA-00474,PSA-00486,PSF-00438,RHS-00603,2.0.0,2021-01-19T12:57:14.097Z
34,12:30:08,2023-03-09,Auto gsw+F,LI-COR Default,,034,,,0.027151,2.923325,0.026901,0.895215,1.789549,1.767214,4.689999,2.900450,19.549150,19.796223,51.881378,0.441786,PSF-00438_20230309123008,0.000000,0.000000,0.000000,103.566170,200.111252,0.482457,0.5,0.80,137.013031,37.90,37.43,31.80,31.68,90.40,156.9,152.9,2.5,710,4.014,12:25:32,2023-03-09,-0.10,0.000,0.000,-9999.000,0.482,-1.085,-9999.000,1,150,0.005,2.000000,0,mpf,7000,500,5.000000,2.000000,300,300,300,171.131378,25,-22.248587,159.059998,168.307083,-9.247086,2.449163,2.463957,1.657195,0.928388,0.208350,-0.001325,0.420410,0.745972,103.566170,0.000246,2.388960,-0.000025,1.000000,2.402765,-0.000034,1.000000,0.600816,0.600971,0.107301,0.000000,PSF-00438_20230309123008,PFA-00474,PSA-00486,PSF-00438,RHS-00603,2.0.0,2021-01-19T12:57:14.097Z
35,12:31:12,2023-03-09,Auto gsw+F,LI-COR Default,,035,,,0.060573,2.921303,0.059342,1.902362,1.744883,1.697316,4.542336,2.797453,18.774111,19.300257,50.243050,0.441786,PSF-00438_20230309123112,0.000000,0.000000,0.000000,151.829834,369.891785,0.589529,0.5,0.80,99.985947,36.85,35.84,31.85,31.12,90.41,156.7,128.3,18.1,424,4.013,12:25:32,2023-03-09,-0.10,-0.002,-0.004,-9999.000,0.221,-0.421,-9999.000,1,150,0.005,2.000000,0,mpf,7000,500,5.000000,2.000000,300,300,300,354.177826,25,-11.004912,351.004608,354.160370,-3.155762,2.446982,2.462494,1.655075,0.867511,0.207927,-0.008738,0.424070,0.488725,151.829834,0.000246,2.388960,-0.000025,1.000000,2.402765,-0.000034,1.000000,0.600816,0.600971,0.107301,0.000000,PSF-00438_20230309123112,PFA-00474,PSA-00486,PSF-00438,RHS-00603,2.0.0,2021-01-19T12:57:14.097Z
36,12:32:04,2023-03-09,Auto gsw+F,LI-COR Default,,036,,,0.002632,2.924540,0.002630,0.091108,1.787826,1.785555,4.805858,3.018032,19.749523,19.774645,53.156265,0.441786,PSF-00438_20230309123204,0.000000,0.000000,0.000000,84.132675,178.005569,0.527359,0.5,0.80,136.354095,37.68,37.63,31.89,32.11,90.41,157.1,155.1,1.2,646,4.012,12:25:32,2023-03-09,-0.10,-0.001,-0.002,-9999.000,-2.200,0.848,-9999.000,1,150,0.005,2.000000,0,mpf,7000,500,5.000000,2.000000,300,300,300,153.012878,25,-17.627361,144.947647,152.807404,-7.859756,2.449430,2.463641,1.658474,0.934008,0.207661,0.002872,0.426959,0.688782,84.132675,0.000244,2.388960,-0.000025,1.000000,2.402765,-0.000034,1.000000,0.600816,0.600971,0.107301,0.000000,PSF-00438_20230309123204,PFA-00474,PSA-00486,PSF-00438,RHS-00603,2.0.0,2021-01-19T12:57:14.097Z
37,12:32:55,2023-03-09,Auto gsw+F,LI-COR Default,,037,,,0.151277,2.921878,0.143830,4.020656,1.881208,1.780886,4.321479,2.440271,19.700777,20.810570,47.805691,0.441786,PSF-00438_20230309123255,0.000000,0.000000,0.000000,162.442810,413.921570,0.607552,0.5,0.80,117.928360,39.64,37.53,31.89,30.25,90.40,156.7,148.6,5.2,485,4.011,12:25:32,2023-03-09,-0.10,0.000,0.003,0.001,0.486,1.411,11.072,1,150,0.005,2.000000,0,mpf,7000,500,5.000000,2.000000,300,300,300,398.581970,25,-10.476356,397.606720,398.945709,-1.338989,2.449281,2.466320,1.655677,0.917517,0.207621,-0.019625,0.429668,0.543826,162.442810,0.000245,2.388960,-0.000025,1.000000,2.402765,-0.000034,1.000000,0.600816,0.600971,0.107301,0.000000,PSF-00438_20230309123255,PFA-00474,PSA-00486,PSF-00438,RHS-00603,2.0.0,2021-01-19T12:57:14.097Z
38,12:33:52,2023-03-09,Auto gsw+F,LI-COR Default,,038,,,0.003928,2.921391,0.003923,0.135235,1.837604,1.834227,4.839260,3.001655,20.289448,20.326809,53.529854,0.441786,PSF-00438_20230309123352,0.000000,0.000000,0.000000,76.974037,138.954819,0.446050,0.5,0.80,113.439613,38.68,38.61,31.91,32.24,90.40,156.7,140.6,10.3,636,4.010,12:25:32,2023-03-09,-0.10,0.001,0.002,-9999.000,-3.803,-2.336,-9999.000,1,150,0.005,2.000000,0,mpf,7000,500,5.000000,2.000000,300,300,300,119.002106,25,-16.485497,108.318687,115.388947,-7.070259,2.450749,2.465003,1.655167,0.897575,0.207465,0.004070,0.433020,0.679248,76.974037,0.000246,2.388960,-0.000025,1.000000,2.402765,-0.000034,1.000000,0.600816,0.600971,0.107301,0.000000,PSF-00438_20230309123352,PFA-00474,PSA-00486,PSF-00438,RHS-00603,2.0.0,2021-01-19T12:57:14.097Z
39,12:34:36,2023-03-09,Auto gsw+F,LI-COR Default,,039,,,0.012088,2.922717,0.012038,0.426636,1.816047,1.805402,4.900449,3.084402,19.973637,20.091406,54.214951,0.441786,PSF-00438_20230309123436,0.000000,0.000000,0.000000,91.785194,199.754791,0.540511,0.5,0.80,136.156525,38.13,37.91,31.95,32.46,90.39,156.8,154.1,1.8,630,4.008,12:25:32,2023-03-09,-0.10,-0.001,-0.002,-9999.000,-0.295,1.079,-9999.000,1,150,0.005,2.000000,0,mpf,7000,500,5.000000,2.000000,300,300,300,177.271851,25,-17.148928,168.814301,175.240540,-6.426239,2.449794,2.464249,1.656557,0.931366,0.207124,0.006271,0.435458,0.673812,91.785194,0.000245,2.388960,-0.000025,1.000000,2.402765,-0.000034,1.000000,0.600816,0.600971,0.107301,0.000000,PSF-00438_20230309123436,PFA-00474,PSA-00486,PSF-00438,RHS-00603,2.0.0,2021-01-19T12:57:14.097Z
40,12:37:19,2023-03-09,Auto gsw+F,LI-COR Default,,040,,,0.028089,2.922211,0.027822,0.928570,1.766238,1.743045,4.675812,2.909574,19.282055,19.538626,51.725155,0.441786,PSF-00438_20230309123719,0.000000,0.000000,0.000000,105.754135,147.356308,0.282324,0.5,0.80,62.700020,36.74,36.25,32.12,31.63,90.40,156.8,152.1,3.0,555,4.004,12:36:25,2023-03-09,-0.12,0.001,0.000,-0.002,-0.179,-1.711,-12.005,1,150,0.005,2.000000,0,mpf,7000,500,5.000000,2.000000,300,300,300,143.219589,25,-2.925287,142.280106,143.174637,-0.894531,2.447499,2.462322,1.656026,0.926294,0.205758,-0.005847,0.444379,0.606754,105.754135,0.000246,2.388960,-0.000025,1.000000,2.402765,-0.000034,1.000000,0.600816,0.600971,0.107301,0.000000,PSF-00438_20230309123719,PFA-00474,PSA-00486,PSF-00438,RHS-00603,2.0.0,2021-01-19T12:57:14.097Z
41,12:38:53,2023-03-09,Auto gsw+F,LI-COR Default,,041,,,0.047395,2.924178,0.046639,1.568492,1.918682,1.879633,4.845073,2.926391,20.792858,21.224827,53.597126,0.441786,PSF-00438_20230309123853,0.000000,0.000000,0.000000,185.738678,288.353363,0.355864,0.5,0.80,84.374741,39.73,38.92,32.20,32.26,90.40,157.0,137.2,12.6,593,4.002,12:36:25,2023-03-09,-0.12,-0.002,-0.003,-9999.000,-3.175,-4.689,-9999.000,1,150,0.005,2.000000,0,mpf,7000,500,5.000000,2.000000,300,300,300,278.423676,25,-7.501858,275.282623,277.629517,-2.346893,2.451114,2.466406,1.658093,0.889266,0.205117,0.000797,0.449600,0.640516,185.738678,0.000247,2.388960,-0.000025,1.000000,2.402765,-0.000034,1.000000,0.600816,0.600971,0.107301,0.000000,PSF-00438_20230309123853,PFA-00474,PSA-00486,PSF-00438,RHS-00603,2.0.0,2021-01-19T12:57:14.097Z
42,12:40:00,2023-03-09,Auto gsw+F,LI-COR Default,,042,,,0.085221,2.922074,0.082806,2.319257,1.896788,1.838937,4.341352,2.444563,20.342392,20.982349,48.024200,0.441786,PSF-00438_20230309124000,0.000000,0.000000,0.000000,159.210556,381.194702,0.582338,0.5,0.80,173.641998,39.14,37.95,32.26,30.33,90.40,156.7,147.9,5.6,745,4.002,12:36:25,2023-03-09,-0.12,-0.000,-0.001,-9999.000,-1.945,-0.936,-9999.000,1,150,0.005,2.000000,0,mpf,7000,500,5.000000,2.000000,300,300,300,365.455994,25,-10.687778,365.660919,365.916626,-0.255707,2.449787,2.465598,1.655883,0.915882,0.204643,-0.023141,0.453197,0.777886,159.210556,0.000246,2.388960,-0.000025,1.000000,2.402765,-0.000034,1.000000,0.600816,0.600971,0.107301,0.000000,PSF-00438_20230309124000,PFA-00474,PSA-00486,PSF-00438,RHS-00603,2.0.0,2021-01-19T12:57:14.097Z
43,12:41:52,2023-03-09,Auto gsw+F,LI-COR Default,,043,,,0.016910,2.923790,0.016813,0.586163,2.017061,2.002481,5.045402,3.028341,22.152925,22.314226,55.815975,0.441786,PSF-00438_20230309124152,0.000000,0.000000,0.000000,127.065895,282.312622,0.549911,0.5,0.80,90.670403,41.34,41.04,32.38,32.98,90.39,157.0,152.0,3.2,412,3.998,12:36:25,2023-03-09,-0.12,0.001,-0.000,-9999.000,0.614,2.840,-9999.000,1,150,0.005,2.000000,0,mpf,7000,500,5.000000,2.000000,300,300,300,265.427460,25,-12.709052,260.092377,264.145142,-4.052765,2.453934,2.468553,1.657684,0.926106,0.203658,0.007357,0.458880,0.478108,127.065895,0.000246,2.388960,-0.000025,1.000000,2.402765,-0.000034,1.000000,0.600816,0.600971,0.107301,0.000000,PSF-00438_20230309124152,PFA-00474,PSA-00486,PSF-00438,RHS-00603,2.0.0,2021-01-19T12:57:14.097Z
44,12:43:35,2023-03-09,Auto gsw+F,LI-COR Default,,044,,,0.064809,2.922153,0.063403,1.976413,2.003416,1.954180,4.716526,2.713110,21.618057,22.162720,52.176411,0.441786,PSF-00438_20230309124335,0.000000,0.000000,0.000000,88.581207,251.436569,0.647700,0.5,0.80,116.754295,40.82,39.82,32.48,31.78,90.40,156.8,147.7,5.8,451,3.997,12:36:25,2023-03-09,-0.12,-0.001,0.000,-9999.000,-0.799,-2.216,-9999.000,1,150,0.005,2.000000,0,mpf,7000,500,5.000000,2.000000,300,300,300,227.464203,25,-17.872503,220.347412,225.887985,-5.540573,2.452278,2.467839,1.655965,0.915235,0.202858,-0.008410,0.463816,0.512691,88.581207,0.000246,2.388960,-0.000025,1.000000,2.402765,-0.000034,1.000000,0.600816,0.600971,0.107301,0.000000,PSF-00438_20230309124335,PFA-00474,PSA-00486,PSF-00438,RHS-00603,2.0.0,2021-01-19T12:57:14.097Z
45,12:44:15,2023-03-09,Auto gsw+F,LI-COR Default,,045,,,0.044990,2.923018,0.044308,1.514688,1.963985,1.926262,4.936153,2.972168,21.309917,21.727238,54.607838,0.441786,PSF-00438_20230309124415,0.000000,0.000000,0.000000,95.935104,245.072006,0.608543,0.5,0.80,141.063370,39.91,39.15,32.53,32.59,90.39,156.9,155.9,0.6,580,3.995,12:36:25,2023-03-09,-0.12,0.003,0.001,-9999.000,1.525,3.030,-9999.000,1,150,0.005,2.000000,0,mpf,7000,500,5.000000,2.000000,300,300,300,236.967087,25,-5.486053,237.694138,237.229736,0.464401,2.451357,2.466591,1.656872,0.936103,0.202476,0.000785,0.465580,0.628612,95.935104,0.000245,2.388960,-0.000025,1.000000,2.402765,-0.000034,1.000000,0.600816,0.600971,0.107301,0.000000,PSF-00438_20230309124415,PFA-00474,PSA-00486,PSF-00438,RHS-00603,2.0.0,2021-01-19T12:57:14.097Z
46,12:45:06,2023-03-09,Auto gsw+F,LI-COR Default,,046,,,0.039804,2.924041,0.039269,1.391346,1.932411,1.897777,5.012030,3.079619,20.995197,21.378361,55.448330,0.441786,PSF-00438_20230309124506,0.000000,0.000000,0.000000,116.882446,281.421173,0.584671,0.5,0.80,187.528015,39.14,38.44,32.59,32.86,90.39,157.0,131.9,16.0,802,3.994,12:36:25,2023-03-09,-0.12,-0.001,-0.001,-9999.000,-0.075,0.848,-9999.000,1,150,0.005,2.000000,0,mpf,7000,500,5.000000,2.000000,300,300,300,265.273346,25,-11.132495,264.481201,265.507355,-1.026154,2.450391,2.465529,1.657948,0.876357,0.202014,0.003383,0.467948,0.828623,116.882446,0.000246,2.388960,-0.000025,1.000000,2.402765,-0.000034,1.000000,0.600816,0.600971,0.107301,0.000000,PSF-00438_20230309124506,PFA-00474,PSA-00486,PSF-00438,RHS-00603,2.0.0,2021-01-19T12:57:14.097Z
47,12:46:56,2023-03-09,Auto gsw+F,LI-COR Default,,047,,,0.038200,2.922100,0.037707,1.361773,1.985542,1.951611,5.121788,3.136245,21.589808,21.965179,56.660080,0.441786,PSF-00438_20230309124656,0.000000,0.000000,0.000000,124.850754,186.196564,0.329468,0.5,0.80,63.105572,39.90,39.21,32.73,33.24,90.39,156.8,148.5,5.3,479,3.991,12:36:25,2023-03-09,-0.12,-0.001,0.001,-9999.000,-0.162,-2.410,-9999.000,1,150,0.005,2.000000,0,mpf,7000,500,5.000000,2.000000,300,300,300,176.011917,25,-7.761580,172.396301,175.101456,-2.705154,2.451408,2.466526,1.655910,0.917229,0.200885,0.006361,0.473133,0.538054,124.850754,0.000245,2.388960,-0.000025,1.000000,2.402765,-0.000034,1.000000,0.600816,0.600971,0.107301,0.000000,PSF-00438_20230309124656,PFA-00474,PSA-00486,PSF-00438,RHS-00603,2.0.0,2021-01-19T12:57:14.097Z
48,12:47:57,2023-03-09,Auto gsw+F,LI-COR Default,,048,,,0.032714,2.921853,0.032351,1.018742,1.945021,1.919621,4.686958,2.741937,21.237217,21.518215,51.852901,0.441786,PSF-00438_20230309124757,0.000000,0.000000,0.000000,146.324158,457.943573,0.680476,0.5,0.80,112.577271,38.94,38.43,32.80,31.67,90.39,156.7,142.4,9.2,414,3.987,12:47:50,2023-03-09,-0.09,-0.001,-0.002,-9999.000,1.449,3.316,-9999.000,1,150,0.005,2.000000,0,mpf,7000,500,5.000000,2.000000,300,300,300,441.696533,25,-11.015848,441.524872,442.196503,-0.671631,2.450331,2.465155,1.655651,0.901929,0.200363,-0.013610,0.475786,0.479360,146.324158,0.000247,2.388960,-0.000025,1.000000,2.402765,-0.000034,1.000000,0.600816,0.600971,0.107301,0.000000,PSF-00438_20230309124757,PFA-00474,PSA-00486,PSF-00438,RHS-00603,2.0.0,2021-01-19T12:57:14.097Z